============================================================
  Generated by:           Genus(TM) Synthesis Solution 25.12-s067_1
  Generated on:           Apr 20 2026  10:49:40 am
  Module:                 flash_attention_top
  Operating conditions:   typ (balanced_tree)
  Wireload mode:          top
  Area mode:              timing library
============================================================


Path 1: MET (1102 ps) Setup Check with Pin u_tile_ctrl/dma_rd_addr_reg[63]/CLK->D
          Group: clk
     Startpoint: (R) u_tile_ctrl/q_idx_reg[1]/CLK
          Clock: (R) clk
       Endpoint: (F) u_tile_ctrl/dma_rd_addr_reg[63]/D
          Clock: (R) clk

                     Capture       Launch     
        Clock Edge:+   10000            0     
       Src Latency:+       0            0     
       Net Latency:+       0 (I)        0 (I) 
           Arrival:=   10000            0     
                                              
             Setup:-     174                  
       Uncertainty:-     200                  
     Required Time:=    9626                  
      Launch Clock:-       0                  
         Data Path:-    8525                  
             Slack:=    1102                  

#---------------------------------------------------------------------------------------------------------------------------------------------------
#                     Timing Point                      Flags     Arc     Edge            Cell             Fanout Load Trans Delay Arrival Instance 
#                                                                                                                 (fF)  (ps)  (ps)   (ps)  Location 
#---------------------------------------------------------------------------------------------------------------------------------------------------
  u_tile_ctrl/q_idx_reg[1]/CLK                          -       -         R     (arrival)                    1242    -   100     0       0    (-,-) 
  u_tile_ctrl/q_idx_reg[1]/Q                            -       CLK->Q    R     sky130_fd_sc_hs__dfrbp_1       17 51.4   401   488     488    (-,-) 
  u_tile_ctrl/drc_buf_sp10581/X                         -       A->X      R     sky130_fd_sc_hs__clkbuf_1      17 51.7   356   339     827    (-,-) 
  u_tile_ctrl/csa_tree_mul_121_78_g10328/Y              -       B->Y      F     sky130_fd_sc_hs__nand2_1        1 10.2   107   121     947    (-,-) 
  u_tile_ctrl/csa_tree_mul_121_78_g10120/SUM            -       B->SUM    R     sky130_fd_sc_hs__fa_1           1  8.1    73   348    1295    (-,-) 
  u_tile_ctrl/g10655/SUM                                -       CIN->SUM  F     sky130_fd_sc_hs__fa_1           2  8.0    62   268    1564    (-,-) 
  u_tile_ctrl/csa_tree_mul_121_78_g10038/SUM            -       B->SUM    R     sky130_fd_sc_hs__ha_1           2  6.1    62   196    1760    (-,-) 
  u_tile_ctrl/csa_tree_mul_121_78_g10003/Y              -       A2_N->Y   R     sky130_fd_sc_hs__o2bb2ai_1      2 11.0   196   135    1895    (-,-) 
  u_tile_ctrl/g8037__2346/X                             -       A1->X     R     sky130_fd_sc_hs__a22o_1         1  8.1    74   169    2064    (-,-) 
  u_tile_ctrl/g10654/SUM                                -       CIN->SUM  F     sky130_fd_sc_hs__fa_1           2  6.3    54   259    2323    (-,-) 
  u_tile_ctrl/WALLACE_CSA_DUMMY_OP_groupi_g7103/Y       -       B->Y      R     sky130_fd_sc_hs__nor2_1         3  9.4   141   125    2449    (-,-) 
  u_tile_ctrl/WALLACE_CSA_DUMMY_OP_groupi_g7041/Y       -       A2->Y     F     sky130_fd_sc_hs__o21ai_1        1  3.2    43    61    2510    (-,-) 
  u_tile_ctrl/WALLACE_CSA_DUMMY_OP_groupi_g7013/Y       -       B1->Y     R     sky130_fd_sc_hs__a21oi_1        3  8.8   171   147    2657    (-,-) 
  u_tile_ctrl/WALLACE_CSA_DUMMY_OP_groupi_g2/X          -       A2->X     R     sky130_fd_sc_hs__o21a_1         3  9.3    83   140    2797    (-,-) 
  u_tile_ctrl/WALLACE_CSA_DUMMY_OP_groupi_g7006/Y       -       A2->Y     F     sky130_fd_sc_hs__o21ai_1        1  8.1    73    78    2875    (-,-) 
  u_tile_ctrl/WALLACE_CSA_DUMMY_OP_groupi_g7005/COUT    -       CIN->COUT F     sky130_fd_sc_hs__fa_1           1  8.1    68   228    3103    (-,-) 
  u_tile_ctrl/WALLACE_CSA_DUMMY_OP_groupi_g7004/COUT    -       CIN->COUT F     sky130_fd_sc_hs__fa_1           1  8.1    68   226    3329    (-,-) 
  u_tile_ctrl/WALLACE_CSA_DUMMY_OP_groupi_g7003/COUT    -       CIN->COUT F     sky130_fd_sc_hs__fa_1           1  8.1    68   226    3556    (-,-) 
  u_tile_ctrl/WALLACE_CSA_DUMMY_OP_groupi_g7002/COUT    -       CIN->COUT F     sky130_fd_sc_hs__fa_1           3 11.1    82   242    3797    (-,-) 
  u_tile_ctrl/WALLACE_CSA_DUMMY_OP_groupi_g7001/Y       -       A->Y      R     sky130_fd_sc_hs__nand2_1        2  5.7    54    69    3867    (-,-) 
  u_tile_ctrl/WALLACE_CSA_DUMMY_OP_groupi_g6997/Y       -       C->Y      F     sky130_fd_sc_hs__nor3_1         1  3.2    52    38    3905    (-,-) 
  u_tile_ctrl/WALLACE_CSA_DUMMY_OP_groupi_g6993/Y       -       B->Y      R     sky130_fd_sc_hs__nor2_1         4 12.0   173   149    4054    (-,-) 
  u_tile_ctrl/WALLACE_CSA_DUMMY_OP_groupi_g6992/X       -       C->X      R     sky130_fd_sc_hs__or3_1          2  5.5    52   114    4168    (-,-) 
  u_tile_ctrl/WALLACE_CSA_DUMMY_OP_groupi_g6984/Y       -       A3->Y     F     sky130_fd_sc_hs__o311ai_1       2  8.1   106    92    4260    (-,-) 
  u_tile_ctrl/WALLACE_CSA_DUMMY_OP_groupi_g6983/Y       -       A->Y      R     sky130_fd_sc_hs__nand2_1        2  6.1    60    79    4340    (-,-) 
  u_tile_ctrl/WALLACE_CSA_DUMMY_OP_groupi_g6979/Y       -       A2->Y     F     sky130_fd_sc_hs__o221ai_1       1  8.1   118   123    4463    (-,-) 
  u_tile_ctrl/WALLACE_CSA_DUMMY_OP_groupi_g6977/COUT    -       CIN->COUT F     sky130_fd_sc_hs__fa_1           1  8.1    68   243    4706    (-,-) 
  u_tile_ctrl/WALLACE_CSA_DUMMY_OP_groupi_g6976/COUT    -       CIN->COUT F     sky130_fd_sc_hs__fa_1           2  7.9    67   225    4931    (-,-) 
  u_tile_ctrl/WALLACE_CSA_DUMMY_OP_groupi_g6975/Y       -       B->Y      R     sky130_fd_sc_hs__nand2b_1       2  6.1    74    86    5017    (-,-) 
  u_tile_ctrl/WALLACE_CSA_DUMMY_OP_groupi_g6972/Y       -       A2->Y     F     sky130_fd_sc_hs__o221ai_1       1  8.1   118   125    5142    (-,-) 
  u_tile_ctrl/WALLACE_CSA_DUMMY_OP_groupi_g6970/COUT    -       CIN->COUT F     sky130_fd_sc_hs__fa_1           1  8.1    68   243    5385    (-,-) 
  u_tile_ctrl/WALLACE_CSA_DUMMY_OP_groupi_g6969/COUT    -       CIN->COUT F     sky130_fd_sc_hs__fa_1           2  7.5    64   223    5608    (-,-) 
  u_tile_ctrl/WALLACE_CSA_DUMMY_OP_groupi_g6968/Y       -       B_N->Y    F     sky130_fd_sc_hs__nor2b_1        2  6.0    43    98    5706    (-,-) 
  u_tile_ctrl/WALLACE_CSA_DUMMY_OP_groupi_g6965/Y       -       B->Y      R     sky130_fd_sc_hs__nand2b_1       2  5.5    67    73    5780    (-,-) 
  u_tile_ctrl/WALLACE_CSA_DUMMY_OP_groupi_g6960/Y       -       A3->Y     F     sky130_fd_sc_hs__o311ai_1       2  7.9   105    94    5874    (-,-) 
  u_tile_ctrl/WALLACE_CSA_DUMMY_OP_groupi_g6959/Y       -       B->Y      R     sky130_fd_sc_hs__nand2b_1       2  6.0    77    99    5973    (-,-) 
  u_tile_ctrl/WALLACE_CSA_DUMMY_OP_groupi_g6955/Y       -       B->Y      F     sky130_fd_sc_hs__nor2_1         2  6.4    51    50    6023    (-,-) 
  u_tile_ctrl/WALLACE_CSA_DUMMY_OP_groupi_g6954/Y       -       A->Y      R     sky130_fd_sc_hs__clkinv_1       1  3.0    29    35    6058    (-,-) 
  u_tile_ctrl/WALLACE_CSA_DUMMY_OP_groupi_g6949/Y       -       A3->Y     F     sky130_fd_sc_hs__o311ai_1       2  8.0   102    88    6147    (-,-) 
  u_tile_ctrl/g10645/Y                                  -       B->Y      R     sky130_fd_sc_hs__nand2_1        3  9.1    80   101    6247    (-,-) 
  u_tile_ctrl/g10382/Y                                  -       A->Y      F     sky130_fd_sc_hs__nor2b_1        1  4.7    35    49    6297    (-,-) 
  u_tile_ctrl/g10375/COUT                               -       B->COUT   F     sky130_fd_sc_hs__ha_1           2  8.0    46   127    6423    (-,-) 
  u_tile_ctrl/g10381/Y                                  -       A->Y      R     sky130_fd_sc_hs__nor2b_1        4 12.2   204   182    6605    (-,-) 
  u_tile_ctrl/WALLACE_CSA_DUMMY_OP_groupi_g6938/Y       -       A3->Y     F     sky130_fd_sc_hs__o311ai_1       1  8.1   105   115    6720    (-,-) 
  u_tile_ctrl/WALLACE_CSA_DUMMY_OP_groupi_g6935/COUT    -       CIN->COUT F     sky130_fd_sc_hs__fa_1           1  8.1    68   239    6959    (-,-) 
  u_tile_ctrl/WALLACE_CSA_DUMMY_OP_groupi_g6934/COUT    -       CIN->COUT F     sky130_fd_sc_hs__fa_1           4 12.1    85   246    7205    (-,-) 
  u_tile_ctrl/WALLACE_CSA_DUMMY_OP_groupi_g6933/Y       -       A->Y      R     sky130_fd_sc_hs__nand3_1        2  5.7    71    79    7284    (-,-) 
  u_tile_ctrl/WALLACE_CSA_DUMMY_OP_groupi_g6930/Y       -       A_N->Y    R     sky130_fd_sc_hs__nand3b_1       2  6.4    81   100    7384    (-,-) 
  u_tile_ctrl/WALLACE_CSA_DUMMY_OP_groupi_g6925/Y       -       A2->Y     F     sky130_fd_sc_hs__o221ai_1       4 11.9   148   150    7534    (-,-) 
  u_tile_ctrl/WALLACE_CSA_DUMMY_OP_groupi_g6922/X       -       A->X      F     sky130_fd_sc_hs__and3_1         2  5.4    34   130    7664    (-,-) 
  u_tile_ctrl/WALLACE_CSA_DUMMY_OP_groupi_g6912/X       -       A1->X     F     sky130_fd_sc_hs__a311o_1        1  8.1    62   213    7877    (-,-) 
  u_tile_ctrl/WALLACE_CSA_DUMMY_OP_groupi_g6906/COUT    -       CIN->COUT F     sky130_fd_sc_hs__fa_1           1  8.1    68   225    8101    (-,-) 
  u_tile_ctrl/WALLACE_CSA_DUMMY_OP_groupi_g6905/COUT    -       CIN->COUT F     sky130_fd_sc_hs__fa_1           3  9.1    73   232    8334    (-,-) 
  u_tile_ctrl/WALLACE_CSA_DUMMY_OP_groupi_g6903__6161/Y -       A1->Y     R     sky130_fd_sc_hs__a21oi_1        2  6.1   132   134    8468    (-,-) 
  u_tile_ctrl/WALLACE_CSA_DUMMY_OP_groupi_g6902__4733/Y -       B2->Y     F     sky130_fd_sc_hs__o2bb2ai_1      1  2.2    41    53    8521    (-,-) 
  u_tile_ctrl/dma_rd_addr_reg[63]/D                     -       -         F     sky130_fd_sc_hs__sdfxtp_1       1    -     -     4    8525    (-,-) 
#---------------------------------------------------------------------------------------------------------------------------------------------------



Path 2: MET (1181 ps) Setup Check with Pin u_tile_ctrl/dma_rd_addr_reg[62]/CLK->D
          Group: clk
     Startpoint: (R) u_tile_ctrl/q_idx_reg[1]/CLK
          Clock: (R) clk
       Endpoint: (F) u_tile_ctrl/dma_rd_addr_reg[62]/D
          Clock: (R) clk

                     Capture       Launch     
        Clock Edge:+   10000            0     
       Src Latency:+       0            0     
       Net Latency:+       0 (I)        0 (I) 
           Arrival:=   10000            0     
                                              
             Setup:-     172                  
       Uncertainty:-     200                  
     Required Time:=    9628                  
      Launch Clock:-       0                  
         Data Path:-    8447                  
             Slack:=    1181                  

#------------------------------------------------------------------------------------------------------------------------------------------------
#                   Timing Point                     Flags     Arc     Edge            Cell             Fanout Load Trans Delay Arrival Instance 
#                                                                                                              (fF)  (ps)  (ps)   (ps)  Location 
#------------------------------------------------------------------------------------------------------------------------------------------------
  u_tile_ctrl/q_idx_reg[1]/CLK                       -       -         R     (arrival)                    1242    -   100     0       0    (-,-) 
  u_tile_ctrl/q_idx_reg[1]/Q                         -       CLK->Q    R     sky130_fd_sc_hs__dfrbp_1       17 51.4   401   488     488    (-,-) 
  u_tile_ctrl/drc_buf_sp10581/X                      -       A->X      R     sky130_fd_sc_hs__clkbuf_1      17 51.7   356   339     827    (-,-) 
  u_tile_ctrl/csa_tree_mul_121_78_g10328/Y           -       B->Y      F     sky130_fd_sc_hs__nand2_1        1 10.2   107   121     947    (-,-) 
  u_tile_ctrl/csa_tree_mul_121_78_g10120/SUM         -       B->SUM    R     sky130_fd_sc_hs__fa_1           1  8.1    73   348    1295    (-,-) 
  u_tile_ctrl/g10655/SUM                             -       CIN->SUM  F     sky130_fd_sc_hs__fa_1           2  8.0    62   268    1564    (-,-) 
  u_tile_ctrl/csa_tree_mul_121_78_g10038/SUM         -       B->SUM    R     sky130_fd_sc_hs__ha_1           2  6.1    62   196    1760    (-,-) 
  u_tile_ctrl/csa_tree_mul_121_78_g10003/Y           -       A2_N->Y   R     sky130_fd_sc_hs__o2bb2ai_1      2 11.0   196   135    1895    (-,-) 
  u_tile_ctrl/g8037__2346/X                          -       A1->X     R     sky130_fd_sc_hs__a22o_1         1  8.1    74   169    2064    (-,-) 
  u_tile_ctrl/g10654/SUM                             -       CIN->SUM  F     sky130_fd_sc_hs__fa_1           2  6.3    54   259    2323    (-,-) 
  u_tile_ctrl/WALLACE_CSA_DUMMY_OP_groupi_g7103/Y    -       B->Y      R     sky130_fd_sc_hs__nor2_1         3  9.4   141   125    2449    (-,-) 
  u_tile_ctrl/WALLACE_CSA_DUMMY_OP_groupi_g7041/Y    -       A2->Y     F     sky130_fd_sc_hs__o21ai_1        1  3.2    43    61    2510    (-,-) 
  u_tile_ctrl/WALLACE_CSA_DUMMY_OP_groupi_g7013/Y    -       B1->Y     R     sky130_fd_sc_hs__a21oi_1        3  8.8   171   147    2657    (-,-) 
  u_tile_ctrl/WALLACE_CSA_DUMMY_OP_groupi_g2/X       -       A2->X     R     sky130_fd_sc_hs__o21a_1         3  9.3    83   140    2797    (-,-) 
  u_tile_ctrl/WALLACE_CSA_DUMMY_OP_groupi_g7006/Y    -       A2->Y     F     sky130_fd_sc_hs__o21ai_1        1  8.1    73    78    2875    (-,-) 
  u_tile_ctrl/WALLACE_CSA_DUMMY_OP_groupi_g7005/COUT -       CIN->COUT F     sky130_fd_sc_hs__fa_1           1  8.1    68   228    3103    (-,-) 
  u_tile_ctrl/WALLACE_CSA_DUMMY_OP_groupi_g7004/COUT -       CIN->COUT F     sky130_fd_sc_hs__fa_1           1  8.1    68   226    3329    (-,-) 
  u_tile_ctrl/WALLACE_CSA_DUMMY_OP_groupi_g7003/COUT -       CIN->COUT F     sky130_fd_sc_hs__fa_1           1  8.1    68   226    3556    (-,-) 
  u_tile_ctrl/WALLACE_CSA_DUMMY_OP_groupi_g7002/COUT -       CIN->COUT F     sky130_fd_sc_hs__fa_1           3 11.1    82   242    3797    (-,-) 
  u_tile_ctrl/WALLACE_CSA_DUMMY_OP_groupi_g7001/Y    -       A->Y      R     sky130_fd_sc_hs__nand2_1        2  5.7    54    69    3867    (-,-) 
  u_tile_ctrl/WALLACE_CSA_DUMMY_OP_groupi_g6997/Y    -       C->Y      F     sky130_fd_sc_hs__nor3_1         1  3.2    52    38    3905    (-,-) 
  u_tile_ctrl/WALLACE_CSA_DUMMY_OP_groupi_g6993/Y    -       B->Y      R     sky130_fd_sc_hs__nor2_1         4 12.0   173   149    4054    (-,-) 
  u_tile_ctrl/WALLACE_CSA_DUMMY_OP_groupi_g6992/X    -       C->X      R     sky130_fd_sc_hs__or3_1          2  5.5    52   114    4168    (-,-) 
  u_tile_ctrl/WALLACE_CSA_DUMMY_OP_groupi_g6984/Y    -       A3->Y     F     sky130_fd_sc_hs__o311ai_1       2  8.1   106    92    4260    (-,-) 
  u_tile_ctrl/WALLACE_CSA_DUMMY_OP_groupi_g6983/Y    -       A->Y      R     sky130_fd_sc_hs__nand2_1        2  6.1    60    79    4340    (-,-) 
  u_tile_ctrl/WALLACE_CSA_DUMMY_OP_groupi_g6979/Y    -       A2->Y     F     sky130_fd_sc_hs__o221ai_1       1  8.1   118   123    4463    (-,-) 
  u_tile_ctrl/WALLACE_CSA_DUMMY_OP_groupi_g6977/COUT -       CIN->COUT F     sky130_fd_sc_hs__fa_1           1  8.1    68   243    4706    (-,-) 
  u_tile_ctrl/WALLACE_CSA_DUMMY_OP_groupi_g6976/COUT -       CIN->COUT F     sky130_fd_sc_hs__fa_1           2  7.9    67   225    4931    (-,-) 
  u_tile_ctrl/WALLACE_CSA_DUMMY_OP_groupi_g6975/Y    -       B->Y      R     sky130_fd_sc_hs__nand2b_1       2  6.1    74    86    5017    (-,-) 
  u_tile_ctrl/WALLACE_CSA_DUMMY_OP_groupi_g6972/Y    -       A2->Y     F     sky130_fd_sc_hs__o221ai_1       1  8.1   118   125    5142    (-,-) 
  u_tile_ctrl/WALLACE_CSA_DUMMY_OP_groupi_g6970/COUT -       CIN->COUT F     sky130_fd_sc_hs__fa_1           1  8.1    68   243    5385    (-,-) 
  u_tile_ctrl/WALLACE_CSA_DUMMY_OP_groupi_g6969/COUT -       CIN->COUT F     sky130_fd_sc_hs__fa_1           2  7.5    64   223    5608    (-,-) 
  u_tile_ctrl/WALLACE_CSA_DUMMY_OP_groupi_g6968/Y    -       B_N->Y    F     sky130_fd_sc_hs__nor2b_1        2  6.0    43    98    5706    (-,-) 
  u_tile_ctrl/WALLACE_CSA_DUMMY_OP_groupi_g6965/Y    -       B->Y      R     sky130_fd_sc_hs__nand2b_1       2  5.5    67    73    5780    (-,-) 
  u_tile_ctrl/WALLACE_CSA_DUMMY_OP_groupi_g6960/Y    -       A3->Y     F     sky130_fd_sc_hs__o311ai_1       2  7.9   105    94    5874    (-,-) 
  u_tile_ctrl/WALLACE_CSA_DUMMY_OP_groupi_g6959/Y    -       B->Y      R     sky130_fd_sc_hs__nand2b_1       2  6.0    77    99    5973    (-,-) 
  u_tile_ctrl/WALLACE_CSA_DUMMY_OP_groupi_g6955/Y    -       B->Y      F     sky130_fd_sc_hs__nor2_1         2  6.4    51    50    6023    (-,-) 
  u_tile_ctrl/WALLACE_CSA_DUMMY_OP_groupi_g6954/Y    -       A->Y      R     sky130_fd_sc_hs__clkinv_1       1  3.0    29    35    6058    (-,-) 
  u_tile_ctrl/WALLACE_CSA_DUMMY_OP_groupi_g6949/Y    -       A3->Y     F     sky130_fd_sc_hs__o311ai_1       2  8.0   102    88    6147    (-,-) 
  u_tile_ctrl/g10645/Y                               -       B->Y      R     sky130_fd_sc_hs__nand2_1        3  9.1    80   101    6247    (-,-) 
  u_tile_ctrl/g10382/Y                               -       A->Y      F     sky130_fd_sc_hs__nor2b_1        1  4.7    35    49    6297    (-,-) 
  u_tile_ctrl/g10375/COUT                            -       B->COUT   F     sky130_fd_sc_hs__ha_1           2  8.0    46   127    6423    (-,-) 
  u_tile_ctrl/g10381/Y                               -       A->Y      R     sky130_fd_sc_hs__nor2b_1        4 12.2   204   182    6605    (-,-) 
  u_tile_ctrl/WALLACE_CSA_DUMMY_OP_groupi_g6938/Y    -       A3->Y     F     sky130_fd_sc_hs__o311ai_1       1  8.1   105   115    6720    (-,-) 
  u_tile_ctrl/WALLACE_CSA_DUMMY_OP_groupi_g6935/COUT -       CIN->COUT F     sky130_fd_sc_hs__fa_1           1  8.1    68   239    6959    (-,-) 
  u_tile_ctrl/WALLACE_CSA_DUMMY_OP_groupi_g6934/COUT -       CIN->COUT F     sky130_fd_sc_hs__fa_1           4 12.1    85   246    7205    (-,-) 
  u_tile_ctrl/WALLACE_CSA_DUMMY_OP_groupi_g6933/Y    -       A->Y      R     sky130_fd_sc_hs__nand3_1        2  5.7    71    79    7284    (-,-) 
  u_tile_ctrl/WALLACE_CSA_DUMMY_OP_groupi_g6930/Y    -       A_N->Y    R     sky130_fd_sc_hs__nand3b_1       2  6.4    81   100    7384    (-,-) 
  u_tile_ctrl/WALLACE_CSA_DUMMY_OP_groupi_g6925/Y    -       A2->Y     F     sky130_fd_sc_hs__o221ai_1       4 11.9   148   150    7534    (-,-) 
  u_tile_ctrl/WALLACE_CSA_DUMMY_OP_groupi_g6922/X    -       A->X      F     sky130_fd_sc_hs__and3_1         2  5.4    34   130    7664    (-,-) 
  u_tile_ctrl/WALLACE_CSA_DUMMY_OP_groupi_g6912/X    -       A1->X     F     sky130_fd_sc_hs__a311o_1        1  8.1    62   213    7877    (-,-) 
  u_tile_ctrl/WALLACE_CSA_DUMMY_OP_groupi_g6906/COUT -       CIN->COUT F     sky130_fd_sc_hs__fa_1           1  8.1    68   225    8101    (-,-) 
  u_tile_ctrl/WALLACE_CSA_DUMMY_OP_groupi_g6905/COUT -       CIN->COUT F     sky130_fd_sc_hs__fa_1           3  9.1    73   232    8334    (-,-) 
  u_tile_ctrl/WALLACE_CSA_DUMMY_OP_groupi_g6904/Y    -       A2_N->Y   F     sky130_fd_sc_hs__o2bb2ai_1      1  2.2    35   110    8443    (-,-) 
  u_tile_ctrl/dma_rd_addr_reg[62]/D                  -       -         F     sky130_fd_sc_hs__sdfxtp_1       1    -     -     4    8447    (-,-) 
#------------------------------------------------------------------------------------------------------------------------------------------------



Path 3: MET (1272 ps) Setup Check with Pin u_tile_ctrl/dma_rd_addr_reg[61]/CLK->D
          Group: clk
     Startpoint: (R) u_tile_ctrl/q_idx_reg[1]/CLK
          Clock: (R) clk
       Endpoint: (F) u_tile_ctrl/dma_rd_addr_reg[61]/D
          Clock: (R) clk

                     Capture       Launch     
        Clock Edge:+   10000            0     
       Src Latency:+       0            0     
       Net Latency:+       0 (I)        0 (I) 
           Arrival:=   10000            0     
                                              
             Setup:-     172                  
       Uncertainty:-     200                  
     Required Time:=    9628                  
      Launch Clock:-       0                  
         Data Path:-    8356                  
             Slack:=    1272                  

#------------------------------------------------------------------------------------------------------------------------------------------------
#                   Timing Point                     Flags     Arc     Edge            Cell             Fanout Load Trans Delay Arrival Instance 
#                                                                                                              (fF)  (ps)  (ps)   (ps)  Location 
#------------------------------------------------------------------------------------------------------------------------------------------------
  u_tile_ctrl/q_idx_reg[1]/CLK                       -       -         R     (arrival)                    1242    -   100     0       0    (-,-) 
  u_tile_ctrl/q_idx_reg[1]/Q                         -       CLK->Q    R     sky130_fd_sc_hs__dfrbp_1       17 51.4   401   488     488    (-,-) 
  u_tile_ctrl/drc_buf_sp10581/X                      -       A->X      R     sky130_fd_sc_hs__clkbuf_1      17 51.7   356   339     827    (-,-) 
  u_tile_ctrl/csa_tree_mul_121_78_g10328/Y           -       B->Y      F     sky130_fd_sc_hs__nand2_1        1 10.2   107   121     947    (-,-) 
  u_tile_ctrl/csa_tree_mul_121_78_g10120/SUM         -       B->SUM    R     sky130_fd_sc_hs__fa_1           1  8.1    73   348    1295    (-,-) 
  u_tile_ctrl/g10655/SUM                             -       CIN->SUM  F     sky130_fd_sc_hs__fa_1           2  8.0    62   268    1564    (-,-) 
  u_tile_ctrl/csa_tree_mul_121_78_g10038/SUM         -       B->SUM    F     sky130_fd_sc_hs__ha_1           2  6.1    42   151    1715    (-,-) 
  u_tile_ctrl/csa_tree_mul_121_78_g10003/Y           -       A2_N->Y   F     sky130_fd_sc_hs__o2bb2ai_1      2 11.0    85   139    1854    (-,-) 
  u_tile_ctrl/g8037__2346/X                          -       A1->X     F     sky130_fd_sc_hs__a22o_1         1  8.1    53   191    2045    (-,-) 
  u_tile_ctrl/g10654/SUM                             -       CIN->SUM  R     sky130_fd_sc_hs__fa_1           2  6.3    61   284    2330    (-,-) 
  u_tile_ctrl/WALLACE_CSA_DUMMY_OP_groupi_g7103/Y    -       B->Y      F     sky130_fd_sc_hs__nor2_1         3  9.4    43    57    2387    (-,-) 
  u_tile_ctrl/WALLACE_CSA_DUMMY_OP_groupi_g7041/Y    -       A2->Y     R     sky130_fd_sc_hs__o21ai_1        1  3.2    96    98    2486    (-,-) 
  u_tile_ctrl/WALLACE_CSA_DUMMY_OP_groupi_g7013/Y    -       B1->Y     F     sky130_fd_sc_hs__a21oi_1        3  8.8    67    68    2553    (-,-) 
  u_tile_ctrl/WALLACE_CSA_DUMMY_OP_groupi_g2/X       -       A2->X     F     sky130_fd_sc_hs__o21a_1         3  9.3    52   158    2712    (-,-) 
  u_tile_ctrl/WALLACE_CSA_DUMMY_OP_groupi_g7006/Y    -       A2->Y     R     sky130_fd_sc_hs__o21ai_1        1  8.1   162   150    2861    (-,-) 
  u_tile_ctrl/WALLACE_CSA_DUMMY_OP_groupi_g7005/COUT -       CIN->COUT R     sky130_fd_sc_hs__fa_1           1  8.1    68   169    3031    (-,-) 
  u_tile_ctrl/WALLACE_CSA_DUMMY_OP_groupi_g7004/COUT -       CIN->COUT R     sky130_fd_sc_hs__fa_1           1  8.1    66   147    3178    (-,-) 
  u_tile_ctrl/WALLACE_CSA_DUMMY_OP_groupi_g7003/COUT -       CIN->COUT R     sky130_fd_sc_hs__fa_1           1  8.1    66   146    3324    (-,-) 
  u_tile_ctrl/WALLACE_CSA_DUMMY_OP_groupi_g7002/COUT -       CIN->COUT R     sky130_fd_sc_hs__fa_1           3 11.1    83   161    3485    (-,-) 
  u_tile_ctrl/WALLACE_CSA_DUMMY_OP_groupi_g7001/Y    -       A->Y      F     sky130_fd_sc_hs__nand2_1        2  5.7    47    60    3545    (-,-) 
  u_tile_ctrl/WALLACE_CSA_DUMMY_OP_groupi_g6997/Y    -       C->Y      R     sky130_fd_sc_hs__nor3_1         1  3.2   124   102    3647    (-,-) 
  u_tile_ctrl/WALLACE_CSA_DUMMY_OP_groupi_g6993/Y    -       B->Y      F     sky130_fd_sc_hs__nor2_1         4 12.0    61    84    3730    (-,-) 
  u_tile_ctrl/WALLACE_CSA_DUMMY_OP_groupi_g6992/X    -       C->X      F     sky130_fd_sc_hs__or3_1          2  5.5    46   156    3886    (-,-) 
  u_tile_ctrl/WALLACE_CSA_DUMMY_OP_groupi_g6984/Y    -       A3->Y     R     sky130_fd_sc_hs__o311ai_1       2  8.1   284   239    4125    (-,-) 
  u_tile_ctrl/WALLACE_CSA_DUMMY_OP_groupi_g6983/Y    -       A->Y      F     sky130_fd_sc_hs__nand2_1        2  6.1    83    88    4213    (-,-) 
  u_tile_ctrl/WALLACE_CSA_DUMMY_OP_groupi_g6979/Y    -       A2->Y     R     sky130_fd_sc_hs__o221ai_1       1  8.1   219   198    4411    (-,-) 
  u_tile_ctrl/WALLACE_CSA_DUMMY_OP_groupi_g6977/COUT -       CIN->COUT R     sky130_fd_sc_hs__fa_1           1  8.1    69   179    4590    (-,-) 
  u_tile_ctrl/WALLACE_CSA_DUMMY_OP_groupi_g6976/COUT -       CIN->COUT R     sky130_fd_sc_hs__fa_1           2  7.9    65   146    4736    (-,-) 
  u_tile_ctrl/WALLACE_CSA_DUMMY_OP_groupi_g6975/Y    -       B->Y      F     sky130_fd_sc_hs__nand2b_1       2  6.1    47    60    4796    (-,-) 
  u_tile_ctrl/WALLACE_CSA_DUMMY_OP_groupi_g6972/Y    -       A2->Y     R     sky130_fd_sc_hs__o221ai_1       1  8.1   219   186    4982    (-,-) 
  u_tile_ctrl/WALLACE_CSA_DUMMY_OP_groupi_g6970/COUT -       CIN->COUT R     sky130_fd_sc_hs__fa_1           1  8.1    69   179    5161    (-,-) 
  u_tile_ctrl/WALLACE_CSA_DUMMY_OP_groupi_g6969/COUT -       CIN->COUT R     sky130_fd_sc_hs__fa_1           2  7.5    62   144    5304    (-,-) 
  u_tile_ctrl/WALLACE_CSA_DUMMY_OP_groupi_g6968/Y    -       B_N->Y    R     sky130_fd_sc_hs__nor2b_1        2  6.0   117   135    5440    (-,-) 
  u_tile_ctrl/WALLACE_CSA_DUMMY_OP_groupi_g6965/Y    -       B->Y      F     sky130_fd_sc_hs__nand2b_1       2  5.5    50    65    5504    (-,-) 
  u_tile_ctrl/WALLACE_CSA_DUMMY_OP_groupi_g6960/Y    -       A3->Y     R     sky130_fd_sc_hs__o311ai_1       2  7.9   280   237    5741    (-,-) 
  u_tile_ctrl/WALLACE_CSA_DUMMY_OP_groupi_g6959/Y    -       B->Y      F     sky130_fd_sc_hs__nand2b_1       2  6.0    75    81    5822    (-,-) 
  u_tile_ctrl/WALLACE_CSA_DUMMY_OP_groupi_g6955/Y    -       B->Y      R     sky130_fd_sc_hs__nor2_1         2  6.4   108   105    5927    (-,-) 
  u_tile_ctrl/WALLACE_CSA_DUMMY_OP_groupi_g6954/Y    -       A->Y      F     sky130_fd_sc_hs__clkinv_1       1  3.0    38    54    5981    (-,-) 
  u_tile_ctrl/WALLACE_CSA_DUMMY_OP_groupi_g6949/Y    -       A3->Y     R     sky130_fd_sc_hs__o311ai_1       2  8.0   282   237    6218    (-,-) 
  u_tile_ctrl/g10645/Y                               -       B->Y      F     sky130_fd_sc_hs__nand2_1        3  9.1    92   108    6327    (-,-) 
  u_tile_ctrl/g10382/Y                               -       A->Y      R     sky130_fd_sc_hs__nor2b_1        1  4.7   102   120    6446    (-,-) 
  u_tile_ctrl/g10375/COUT                            -       B->COUT   R     sky130_fd_sc_hs__ha_1           2  8.0    70   137    6583    (-,-) 
  u_tile_ctrl/g10381/Y                               -       A->Y      F     sky130_fd_sc_hs__nor2b_1        4 12.2    54    71    6654    (-,-) 
  u_tile_ctrl/WALLACE_CSA_DUMMY_OP_groupi_g6938/Y    -       A3->Y     R     sky130_fd_sc_hs__o311ai_1       1  8.1   284   241    6895    (-,-) 
  u_tile_ctrl/WALLACE_CSA_DUMMY_OP_groupi_g6935/COUT -       CIN->COUT R     sky130_fd_sc_hs__fa_1           1  8.1    71   187    7082    (-,-) 
  u_tile_ctrl/WALLACE_CSA_DUMMY_OP_groupi_g6934/COUT -       CIN->COUT R     sky130_fd_sc_hs__fa_1           4 12.1    88   167    7249    (-,-) 
  u_tile_ctrl/WALLACE_CSA_DUMMY_OP_groupi_g6933/Y    -       A->Y      F     sky130_fd_sc_hs__nand3_1        2  5.7    67    77    7326    (-,-) 
  u_tile_ctrl/WALLACE_CSA_DUMMY_OP_groupi_g6930/Y    -       A_N->Y    F     sky130_fd_sc_hs__nand3b_1       2  6.4    72   124    7449    (-,-) 
  u_tile_ctrl/WALLACE_CSA_DUMMY_OP_groupi_g6925/Y    -       A2->Y     R     sky130_fd_sc_hs__o221ai_1       4 11.9   271   232    7682    (-,-) 
  u_tile_ctrl/WALLACE_CSA_DUMMY_OP_groupi_g6922/X    -       A->X      R     sky130_fd_sc_hs__and3_1         2  5.4    61   143    7825    (-,-) 
  u_tile_ctrl/WALLACE_CSA_DUMMY_OP_groupi_g6912/X    -       A1->X     R     sky130_fd_sc_hs__a311o_1        1  8.1    73   143    7968    (-,-) 
  u_tile_ctrl/WALLACE_CSA_DUMMY_OP_groupi_g6906/COUT -       CIN->COUT R     sky130_fd_sc_hs__fa_1           1  8.1    66   148    8116    (-,-) 
  u_tile_ctrl/WALLACE_CSA_DUMMY_OP_groupi_g6905/SUM  -       CIN->SUM  F     sky130_fd_sc_hs__fa_1           1  2.2    36   235    8352    (-,-) 
  u_tile_ctrl/dma_rd_addr_reg[61]/D                  -       -         F     sky130_fd_sc_hs__sdfxtp_1       1    -     -     4    8356    (-,-) 
#------------------------------------------------------------------------------------------------------------------------------------------------



Path 4: MET (1419 ps) Setup Check with Pin u_tile_ctrl/dma_rd_addr_reg[60]/CLK->D
          Group: clk
     Startpoint: (R) u_tile_ctrl/q_idx_reg[1]/CLK
          Clock: (R) clk
       Endpoint: (F) u_tile_ctrl/dma_rd_addr_reg[60]/D
          Clock: (R) clk

                     Capture       Launch     
        Clock Edge:+   10000            0     
       Src Latency:+       0            0     
       Net Latency:+       0 (I)        0 (I) 
           Arrival:=   10000            0     
                                              
             Setup:-     172                  
       Uncertainty:-     200                  
     Required Time:=    9628                  
      Launch Clock:-       0                  
         Data Path:-    8209                  
             Slack:=    1419                  

#------------------------------------------------------------------------------------------------------------------------------------------------
#                   Timing Point                     Flags     Arc     Edge            Cell             Fanout Load Trans Delay Arrival Instance 
#                                                                                                              (fF)  (ps)  (ps)   (ps)  Location 
#------------------------------------------------------------------------------------------------------------------------------------------------
  u_tile_ctrl/q_idx_reg[1]/CLK                       -       -         R     (arrival)                    1242    -   100     0       0    (-,-) 
  u_tile_ctrl/q_idx_reg[1]/Q                         -       CLK->Q    R     sky130_fd_sc_hs__dfrbp_1       17 51.4   401   488     488    (-,-) 
  u_tile_ctrl/drc_buf_sp10581/X                      -       A->X      R     sky130_fd_sc_hs__clkbuf_1      17 51.7   356   339     827    (-,-) 
  u_tile_ctrl/csa_tree_mul_121_78_g10328/Y           -       B->Y      F     sky130_fd_sc_hs__nand2_1        1 10.2   107   121     947    (-,-) 
  u_tile_ctrl/csa_tree_mul_121_78_g10120/SUM         -       B->SUM    R     sky130_fd_sc_hs__fa_1           1  8.1    73   348    1295    (-,-) 
  u_tile_ctrl/g10655/SUM                             -       CIN->SUM  F     sky130_fd_sc_hs__fa_1           2  8.0    62   268    1564    (-,-) 
  u_tile_ctrl/csa_tree_mul_121_78_g10038/SUM         -       B->SUM    F     sky130_fd_sc_hs__ha_1           2  6.1    42   151    1715    (-,-) 
  u_tile_ctrl/csa_tree_mul_121_78_g10003/Y           -       A2_N->Y   F     sky130_fd_sc_hs__o2bb2ai_1      2 11.0    85   139    1854    (-,-) 
  u_tile_ctrl/g8037__2346/X                          -       A1->X     F     sky130_fd_sc_hs__a22o_1         1  8.1    53   191    2045    (-,-) 
  u_tile_ctrl/g10654/SUM                             -       CIN->SUM  R     sky130_fd_sc_hs__fa_1           2  6.3    61   284    2330    (-,-) 
  u_tile_ctrl/WALLACE_CSA_DUMMY_OP_groupi_g7103/Y    -       B->Y      F     sky130_fd_sc_hs__nor2_1         3  9.4    43    57    2387    (-,-) 
  u_tile_ctrl/WALLACE_CSA_DUMMY_OP_groupi_g7041/Y    -       A2->Y     R     sky130_fd_sc_hs__o21ai_1        1  3.2    96    98    2486    (-,-) 
  u_tile_ctrl/WALLACE_CSA_DUMMY_OP_groupi_g7013/Y    -       B1->Y     F     sky130_fd_sc_hs__a21oi_1        3  8.8    67    68    2553    (-,-) 
  u_tile_ctrl/WALLACE_CSA_DUMMY_OP_groupi_g2/X       -       A2->X     F     sky130_fd_sc_hs__o21a_1         3  9.3    52   158    2712    (-,-) 
  u_tile_ctrl/WALLACE_CSA_DUMMY_OP_groupi_g7006/Y    -       A2->Y     R     sky130_fd_sc_hs__o21ai_1        1  8.1   162   150    2861    (-,-) 
  u_tile_ctrl/WALLACE_CSA_DUMMY_OP_groupi_g7005/COUT -       CIN->COUT R     sky130_fd_sc_hs__fa_1           1  8.1    68   169    3031    (-,-) 
  u_tile_ctrl/WALLACE_CSA_DUMMY_OP_groupi_g7004/COUT -       CIN->COUT R     sky130_fd_sc_hs__fa_1           1  8.1    66   147    3178    (-,-) 
  u_tile_ctrl/WALLACE_CSA_DUMMY_OP_groupi_g7003/COUT -       CIN->COUT R     sky130_fd_sc_hs__fa_1           1  8.1    66   146    3324    (-,-) 
  u_tile_ctrl/WALLACE_CSA_DUMMY_OP_groupi_g7002/COUT -       CIN->COUT R     sky130_fd_sc_hs__fa_1           3 11.1    83   161    3485    (-,-) 
  u_tile_ctrl/WALLACE_CSA_DUMMY_OP_groupi_g7001/Y    -       A->Y      F     sky130_fd_sc_hs__nand2_1        2  5.7    47    60    3545    (-,-) 
  u_tile_ctrl/WALLACE_CSA_DUMMY_OP_groupi_g6997/Y    -       C->Y      R     sky130_fd_sc_hs__nor3_1         1  3.2   124   102    3647    (-,-) 
  u_tile_ctrl/WALLACE_CSA_DUMMY_OP_groupi_g6993/Y    -       B->Y      F     sky130_fd_sc_hs__nor2_1         4 12.0    61    84    3730    (-,-) 
  u_tile_ctrl/WALLACE_CSA_DUMMY_OP_groupi_g6992/X    -       C->X      F     sky130_fd_sc_hs__or3_1          2  5.5    46   156    3886    (-,-) 
  u_tile_ctrl/WALLACE_CSA_DUMMY_OP_groupi_g6984/Y    -       A3->Y     R     sky130_fd_sc_hs__o311ai_1       2  8.1   284   239    4125    (-,-) 
  u_tile_ctrl/WALLACE_CSA_DUMMY_OP_groupi_g6983/Y    -       A->Y      F     sky130_fd_sc_hs__nand2_1        2  6.1    83    88    4213    (-,-) 
  u_tile_ctrl/WALLACE_CSA_DUMMY_OP_groupi_g6979/Y    -       A2->Y     R     sky130_fd_sc_hs__o221ai_1       1  8.1   219   198    4411    (-,-) 
  u_tile_ctrl/WALLACE_CSA_DUMMY_OP_groupi_g6977/COUT -       CIN->COUT R     sky130_fd_sc_hs__fa_1           1  8.1    69   179    4590    (-,-) 
  u_tile_ctrl/WALLACE_CSA_DUMMY_OP_groupi_g6976/COUT -       CIN->COUT R     sky130_fd_sc_hs__fa_1           2  7.9    65   146    4736    (-,-) 
  u_tile_ctrl/WALLACE_CSA_DUMMY_OP_groupi_g6975/Y    -       B->Y      F     sky130_fd_sc_hs__nand2b_1       2  6.1    47    60    4796    (-,-) 
  u_tile_ctrl/WALLACE_CSA_DUMMY_OP_groupi_g6972/Y    -       A2->Y     R     sky130_fd_sc_hs__o221ai_1       1  8.1   219   186    4982    (-,-) 
  u_tile_ctrl/WALLACE_CSA_DUMMY_OP_groupi_g6970/COUT -       CIN->COUT R     sky130_fd_sc_hs__fa_1           1  8.1    69   179    5161    (-,-) 
  u_tile_ctrl/WALLACE_CSA_DUMMY_OP_groupi_g6969/COUT -       CIN->COUT R     sky130_fd_sc_hs__fa_1           2  7.5    62   144    5304    (-,-) 
  u_tile_ctrl/WALLACE_CSA_DUMMY_OP_groupi_g6968/Y    -       B_N->Y    R     sky130_fd_sc_hs__nor2b_1        2  6.0   117   135    5440    (-,-) 
  u_tile_ctrl/WALLACE_CSA_DUMMY_OP_groupi_g6965/Y    -       B->Y      F     sky130_fd_sc_hs__nand2b_1       2  5.5    50    65    5504    (-,-) 
  u_tile_ctrl/WALLACE_CSA_DUMMY_OP_groupi_g6960/Y    -       A3->Y     R     sky130_fd_sc_hs__o311ai_1       2  7.9   280   237    5741    (-,-) 
  u_tile_ctrl/WALLACE_CSA_DUMMY_OP_groupi_g6959/Y    -       B->Y      F     sky130_fd_sc_hs__nand2b_1       2  6.0    75    81    5822    (-,-) 
  u_tile_ctrl/WALLACE_CSA_DUMMY_OP_groupi_g6955/Y    -       B->Y      R     sky130_fd_sc_hs__nor2_1         2  6.4   108   105    5927    (-,-) 
  u_tile_ctrl/WALLACE_CSA_DUMMY_OP_groupi_g6954/Y    -       A->Y      F     sky130_fd_sc_hs__clkinv_1       1  3.0    38    54    5981    (-,-) 
  u_tile_ctrl/WALLACE_CSA_DUMMY_OP_groupi_g6949/Y    -       A3->Y     R     sky130_fd_sc_hs__o311ai_1       2  8.0   282   237    6218    (-,-) 
  u_tile_ctrl/g10645/Y                               -       B->Y      F     sky130_fd_sc_hs__nand2_1        3  9.1    92   108    6327    (-,-) 
  u_tile_ctrl/g10382/Y                               -       A->Y      R     sky130_fd_sc_hs__nor2b_1        1  4.7   102   120    6446    (-,-) 
  u_tile_ctrl/g10375/COUT                            -       B->COUT   R     sky130_fd_sc_hs__ha_1           2  8.0    70   137    6583    (-,-) 
  u_tile_ctrl/g10381/Y                               -       A->Y      F     sky130_fd_sc_hs__nor2b_1        4 12.2    54    71    6654    (-,-) 
  u_tile_ctrl/WALLACE_CSA_DUMMY_OP_groupi_g6938/Y    -       A3->Y     R     sky130_fd_sc_hs__o311ai_1       1  8.1   284   241    6895    (-,-) 
  u_tile_ctrl/WALLACE_CSA_DUMMY_OP_groupi_g6935/COUT -       CIN->COUT R     sky130_fd_sc_hs__fa_1           1  8.1    71   187    7082    (-,-) 
  u_tile_ctrl/WALLACE_CSA_DUMMY_OP_groupi_g6934/COUT -       CIN->COUT R     sky130_fd_sc_hs__fa_1           4 12.1    88   167    7249    (-,-) 
  u_tile_ctrl/WALLACE_CSA_DUMMY_OP_groupi_g6933/Y    -       A->Y      F     sky130_fd_sc_hs__nand3_1        2  5.7    67    77    7326    (-,-) 
  u_tile_ctrl/WALLACE_CSA_DUMMY_OP_groupi_g6930/Y    -       A_N->Y    F     sky130_fd_sc_hs__nand3b_1       2  6.4    72   124    7449    (-,-) 
  u_tile_ctrl/WALLACE_CSA_DUMMY_OP_groupi_g6925/Y    -       A2->Y     R     sky130_fd_sc_hs__o221ai_1       4 11.9   271   232    7682    (-,-) 
  u_tile_ctrl/WALLACE_CSA_DUMMY_OP_groupi_g6922/X    -       A->X      R     sky130_fd_sc_hs__and3_1         2  5.4    61   143    7825    (-,-) 
  u_tile_ctrl/WALLACE_CSA_DUMMY_OP_groupi_g6912/X    -       A1->X     R     sky130_fd_sc_hs__a311o_1        1  8.1    73   143    7968    (-,-) 
  u_tile_ctrl/WALLACE_CSA_DUMMY_OP_groupi_g6906/SUM  -       CIN->SUM  F     sky130_fd_sc_hs__fa_1           1  2.2    36   237    8205    (-,-) 
  u_tile_ctrl/dma_rd_addr_reg[60]/D                  -       -         F     sky130_fd_sc_hs__sdfxtp_1       1    -     -     4    8209    (-,-) 
#------------------------------------------------------------------------------------------------------------------------------------------------



Path 5: MET (1502 ps) Setup Check with Pin u_tile_ctrl/dma_rd_addr_reg[59]/CLK->D
          Group: clk
     Startpoint: (R) u_tile_ctrl/q_idx_reg[1]/CLK
          Clock: (R) clk
       Endpoint: (F) u_tile_ctrl/dma_rd_addr_reg[59]/D
          Clock: (R) clk

                     Capture       Launch     
        Clock Edge:+   10000            0     
       Src Latency:+       0            0     
       Net Latency:+       0 (I)        0 (I) 
           Arrival:=   10000            0     
                                              
             Setup:-     173                  
       Uncertainty:-     200                  
     Required Time:=    9627                  
      Launch Clock:-       0                  
         Data Path:-    8125                  
             Slack:=    1502                  

#------------------------------------------------------------------------------------------------------------------------------------------------
#                   Timing Point                     Flags     Arc     Edge            Cell             Fanout Load Trans Delay Arrival Instance 
#                                                                                                              (fF)  (ps)  (ps)   (ps)  Location 
#------------------------------------------------------------------------------------------------------------------------------------------------
  u_tile_ctrl/q_idx_reg[1]/CLK                       -       -         R     (arrival)                    1242    -   100     0       0    (-,-) 
  u_tile_ctrl/q_idx_reg[1]/Q                         -       CLK->Q    R     sky130_fd_sc_hs__dfrbp_1       17 51.4   401   488     488    (-,-) 
  u_tile_ctrl/drc_buf_sp10581/X                      -       A->X      R     sky130_fd_sc_hs__clkbuf_1      17 51.7   356   339     827    (-,-) 
  u_tile_ctrl/csa_tree_mul_121_78_g10328/Y           -       B->Y      F     sky130_fd_sc_hs__nand2_1        1 10.2   107   121     947    (-,-) 
  u_tile_ctrl/csa_tree_mul_121_78_g10120/SUM         -       B->SUM    R     sky130_fd_sc_hs__fa_1           1  8.1    73   348    1295    (-,-) 
  u_tile_ctrl/g10655/SUM                             -       CIN->SUM  F     sky130_fd_sc_hs__fa_1           2  8.0    62   268    1564    (-,-) 
  u_tile_ctrl/csa_tree_mul_121_78_g10038/SUM         -       B->SUM    F     sky130_fd_sc_hs__ha_1           2  6.1    42   151    1715    (-,-) 
  u_tile_ctrl/csa_tree_mul_121_78_g10003/Y           -       A2_N->Y   F     sky130_fd_sc_hs__o2bb2ai_1      2 11.0    85   139    1854    (-,-) 
  u_tile_ctrl/g8037__2346/X                          -       A1->X     F     sky130_fd_sc_hs__a22o_1         1  8.1    53   191    2045    (-,-) 
  u_tile_ctrl/g10654/SUM                             -       CIN->SUM  R     sky130_fd_sc_hs__fa_1           2  6.3    61   284    2330    (-,-) 
  u_tile_ctrl/WALLACE_CSA_DUMMY_OP_groupi_g7103/Y    -       B->Y      F     sky130_fd_sc_hs__nor2_1         3  9.4    43    57    2387    (-,-) 
  u_tile_ctrl/WALLACE_CSA_DUMMY_OP_groupi_g7041/Y    -       A2->Y     R     sky130_fd_sc_hs__o21ai_1        1  3.2    96    98    2486    (-,-) 
  u_tile_ctrl/WALLACE_CSA_DUMMY_OP_groupi_g7013/Y    -       B1->Y     F     sky130_fd_sc_hs__a21oi_1        3  8.8    67    68    2553    (-,-) 
  u_tile_ctrl/WALLACE_CSA_DUMMY_OP_groupi_g2/X       -       A2->X     F     sky130_fd_sc_hs__o21a_1         3  9.3    52   158    2712    (-,-) 
  u_tile_ctrl/WALLACE_CSA_DUMMY_OP_groupi_g7006/Y    -       A2->Y     R     sky130_fd_sc_hs__o21ai_1        1  8.1   162   150    2861    (-,-) 
  u_tile_ctrl/WALLACE_CSA_DUMMY_OP_groupi_g7005/COUT -       CIN->COUT R     sky130_fd_sc_hs__fa_1           1  8.1    68   169    3031    (-,-) 
  u_tile_ctrl/WALLACE_CSA_DUMMY_OP_groupi_g7004/COUT -       CIN->COUT R     sky130_fd_sc_hs__fa_1           1  8.1    66   147    3178    (-,-) 
  u_tile_ctrl/WALLACE_CSA_DUMMY_OP_groupi_g7003/COUT -       CIN->COUT R     sky130_fd_sc_hs__fa_1           1  8.1    66   146    3324    (-,-) 
  u_tile_ctrl/WALLACE_CSA_DUMMY_OP_groupi_g7002/COUT -       CIN->COUT R     sky130_fd_sc_hs__fa_1           3 11.1    83   161    3485    (-,-) 
  u_tile_ctrl/WALLACE_CSA_DUMMY_OP_groupi_g7001/Y    -       A->Y      F     sky130_fd_sc_hs__nand2_1        2  5.7    47    60    3545    (-,-) 
  u_tile_ctrl/WALLACE_CSA_DUMMY_OP_groupi_g6997/Y    -       C->Y      R     sky130_fd_sc_hs__nor3_1         1  3.2   124   102    3647    (-,-) 
  u_tile_ctrl/WALLACE_CSA_DUMMY_OP_groupi_g6993/Y    -       B->Y      F     sky130_fd_sc_hs__nor2_1         4 12.0    61    84    3730    (-,-) 
  u_tile_ctrl/WALLACE_CSA_DUMMY_OP_groupi_g6992/X    -       C->X      F     sky130_fd_sc_hs__or3_1          2  5.5    46   156    3886    (-,-) 
  u_tile_ctrl/WALLACE_CSA_DUMMY_OP_groupi_g6984/Y    -       A3->Y     R     sky130_fd_sc_hs__o311ai_1       2  8.1   284   239    4125    (-,-) 
  u_tile_ctrl/WALLACE_CSA_DUMMY_OP_groupi_g6983/Y    -       A->Y      F     sky130_fd_sc_hs__nand2_1        2  6.1    83    88    4213    (-,-) 
  u_tile_ctrl/WALLACE_CSA_DUMMY_OP_groupi_g6979/Y    -       A2->Y     R     sky130_fd_sc_hs__o221ai_1       1  8.1   219   198    4411    (-,-) 
  u_tile_ctrl/WALLACE_CSA_DUMMY_OP_groupi_g6977/COUT -       CIN->COUT R     sky130_fd_sc_hs__fa_1           1  8.1    69   179    4590    (-,-) 
  u_tile_ctrl/WALLACE_CSA_DUMMY_OP_groupi_g6976/COUT -       CIN->COUT R     sky130_fd_sc_hs__fa_1           2  7.9    65   146    4736    (-,-) 
  u_tile_ctrl/WALLACE_CSA_DUMMY_OP_groupi_g6975/Y    -       B->Y      F     sky130_fd_sc_hs__nand2b_1       2  6.1    47    60    4796    (-,-) 
  u_tile_ctrl/WALLACE_CSA_DUMMY_OP_groupi_g6972/Y    -       A2->Y     R     sky130_fd_sc_hs__o221ai_1       1  8.1   219   186    4982    (-,-) 
  u_tile_ctrl/WALLACE_CSA_DUMMY_OP_groupi_g6970/COUT -       CIN->COUT R     sky130_fd_sc_hs__fa_1           1  8.1    69   179    5161    (-,-) 
  u_tile_ctrl/WALLACE_CSA_DUMMY_OP_groupi_g6969/COUT -       CIN->COUT R     sky130_fd_sc_hs__fa_1           2  7.5    62   144    5304    (-,-) 
  u_tile_ctrl/WALLACE_CSA_DUMMY_OP_groupi_g6968/Y    -       B_N->Y    R     sky130_fd_sc_hs__nor2b_1        2  6.0   117   135    5440    (-,-) 
  u_tile_ctrl/WALLACE_CSA_DUMMY_OP_groupi_g6965/Y    -       B->Y      F     sky130_fd_sc_hs__nand2b_1       2  5.5    50    65    5504    (-,-) 
  u_tile_ctrl/WALLACE_CSA_DUMMY_OP_groupi_g6960/Y    -       A3->Y     R     sky130_fd_sc_hs__o311ai_1       2  7.9   280   237    5741    (-,-) 
  u_tile_ctrl/WALLACE_CSA_DUMMY_OP_groupi_g6959/Y    -       B->Y      F     sky130_fd_sc_hs__nand2b_1       2  6.0    75    81    5822    (-,-) 
  u_tile_ctrl/WALLACE_CSA_DUMMY_OP_groupi_g6955/Y    -       B->Y      R     sky130_fd_sc_hs__nor2_1         2  6.4   108   105    5927    (-,-) 
  u_tile_ctrl/WALLACE_CSA_DUMMY_OP_groupi_g6954/Y    -       A->Y      F     sky130_fd_sc_hs__clkinv_1       1  3.0    38    54    5981    (-,-) 
  u_tile_ctrl/WALLACE_CSA_DUMMY_OP_groupi_g6949/Y    -       A3->Y     R     sky130_fd_sc_hs__o311ai_1       2  8.0   282   237    6218    (-,-) 
  u_tile_ctrl/g10645/Y                               -       B->Y      F     sky130_fd_sc_hs__nand2_1        3  9.1    92   108    6327    (-,-) 
  u_tile_ctrl/g10382/Y                               -       A->Y      R     sky130_fd_sc_hs__nor2b_1        1  4.7   102   120    6446    (-,-) 
  u_tile_ctrl/g10375/COUT                            -       B->COUT   R     sky130_fd_sc_hs__ha_1           2  8.0    70   137    6583    (-,-) 
  u_tile_ctrl/g10381/Y                               -       A->Y      F     sky130_fd_sc_hs__nor2b_1        4 12.2    54    71    6654    (-,-) 
  u_tile_ctrl/WALLACE_CSA_DUMMY_OP_groupi_g6938/Y    -       A3->Y     R     sky130_fd_sc_hs__o311ai_1       1  8.1   284   241    6895    (-,-) 
  u_tile_ctrl/WALLACE_CSA_DUMMY_OP_groupi_g6935/COUT -       CIN->COUT R     sky130_fd_sc_hs__fa_1           1  8.1    71   187    7082    (-,-) 
  u_tile_ctrl/WALLACE_CSA_DUMMY_OP_groupi_g6934/COUT -       CIN->COUT R     sky130_fd_sc_hs__fa_1           4 12.1    88   167    7249    (-,-) 
  u_tile_ctrl/WALLACE_CSA_DUMMY_OP_groupi_g6933/Y    -       A->Y      F     sky130_fd_sc_hs__nand3_1        2  5.7    67    77    7326    (-,-) 
  u_tile_ctrl/WALLACE_CSA_DUMMY_OP_groupi_g6930/Y    -       A_N->Y    F     sky130_fd_sc_hs__nand3b_1       2  6.4    72   124    7449    (-,-) 
  u_tile_ctrl/WALLACE_CSA_DUMMY_OP_groupi_g6925/Y    -       A2->Y     R     sky130_fd_sc_hs__o221ai_1       4 11.9   271   232    7682    (-,-) 
  u_tile_ctrl/WALLACE_CSA_DUMMY_OP_groupi_g6922/X    -       A->X      R     sky130_fd_sc_hs__and3_1         2  5.4    61   143    7825    (-,-) 
  u_tile_ctrl/WALLACE_CSA_DUMMY_OP_groupi_g6916/Y    -       A_N->Y    R     sky130_fd_sc_hs__nand2b_1       3  9.1    95   117    7942    (-,-) 
  u_tile_ctrl/WALLACE_CSA_DUMMY_OP_groupi_g6909/Y    -       A1->Y     F     sky130_fd_sc_hs__a21oi_1        2  6.1    58    75    8017    (-,-) 
  u_tile_ctrl/WALLACE_CSA_DUMMY_OP_groupi_g6907/Y    -       A2_N->Y   F     sky130_fd_sc_hs__o2bb2ai_1      1  2.2    39   104    8121    (-,-) 
  u_tile_ctrl/dma_rd_addr_reg[59]/D                  -       -         F     sky130_fd_sc_hs__sdfxtp_1       1    -     -     4    8125    (-,-) 
#------------------------------------------------------------------------------------------------------------------------------------------------



Path 6: MET (1632 ps) Setup Check with Pin u_tile_ctrl/dma_rd_addr_reg[58]/CLK->D
          Group: clk
     Startpoint: (R) u_tile_ctrl/q_idx_reg[1]/CLK
          Clock: (R) clk
       Endpoint: (F) u_tile_ctrl/dma_rd_addr_reg[58]/D
          Clock: (R) clk

                     Capture       Launch     
        Clock Edge:+   10000            0     
       Src Latency:+       0            0     
       Net Latency:+       0 (I)        0 (I) 
           Arrival:=   10000            0     
                                              
             Setup:-     172                  
       Uncertainty:-     200                  
     Required Time:=    9628                  
      Launch Clock:-       0                  
         Data Path:-    7996                  
             Slack:=    1632                  

#------------------------------------------------------------------------------------------------------------------------------------------------
#                   Timing Point                     Flags     Arc     Edge            Cell             Fanout Load Trans Delay Arrival Instance 
#                                                                                                              (fF)  (ps)  (ps)   (ps)  Location 
#------------------------------------------------------------------------------------------------------------------------------------------------
  u_tile_ctrl/q_idx_reg[1]/CLK                       -       -         R     (arrival)                    1242    -   100     0       0    (-,-) 
  u_tile_ctrl/q_idx_reg[1]/Q                         -       CLK->Q    R     sky130_fd_sc_hs__dfrbp_1       17 51.4   401   488     488    (-,-) 
  u_tile_ctrl/drc_buf_sp10581/X                      -       A->X      R     sky130_fd_sc_hs__clkbuf_1      17 51.7   356   339     827    (-,-) 
  u_tile_ctrl/csa_tree_mul_121_78_g10328/Y           -       B->Y      F     sky130_fd_sc_hs__nand2_1        1 10.2   107   121     947    (-,-) 
  u_tile_ctrl/csa_tree_mul_121_78_g10120/SUM         -       B->SUM    R     sky130_fd_sc_hs__fa_1           1  8.1    73   348    1295    (-,-) 
  u_tile_ctrl/g10655/SUM                             -       CIN->SUM  F     sky130_fd_sc_hs__fa_1           2  8.0    62   268    1564    (-,-) 
  u_tile_ctrl/csa_tree_mul_121_78_g10038/SUM         -       B->SUM    F     sky130_fd_sc_hs__ha_1           2  6.1    42   151    1715    (-,-) 
  u_tile_ctrl/csa_tree_mul_121_78_g10003/Y           -       A2_N->Y   F     sky130_fd_sc_hs__o2bb2ai_1      2 11.0    85   139    1854    (-,-) 
  u_tile_ctrl/g8037__2346/X                          -       A1->X     F     sky130_fd_sc_hs__a22o_1         1  8.1    53   191    2045    (-,-) 
  u_tile_ctrl/g10654/SUM                             -       CIN->SUM  R     sky130_fd_sc_hs__fa_1           2  6.3    61   284    2330    (-,-) 
  u_tile_ctrl/WALLACE_CSA_DUMMY_OP_groupi_g7103/Y    -       B->Y      F     sky130_fd_sc_hs__nor2_1         3  9.4    43    57    2387    (-,-) 
  u_tile_ctrl/WALLACE_CSA_DUMMY_OP_groupi_g7041/Y    -       A2->Y     R     sky130_fd_sc_hs__o21ai_1        1  3.2    96    98    2486    (-,-) 
  u_tile_ctrl/WALLACE_CSA_DUMMY_OP_groupi_g7013/Y    -       B1->Y     F     sky130_fd_sc_hs__a21oi_1        3  8.8    67    68    2553    (-,-) 
  u_tile_ctrl/WALLACE_CSA_DUMMY_OP_groupi_g2/X       -       A2->X     F     sky130_fd_sc_hs__o21a_1         3  9.3    52   158    2712    (-,-) 
  u_tile_ctrl/WALLACE_CSA_DUMMY_OP_groupi_g7006/Y    -       A2->Y     R     sky130_fd_sc_hs__o21ai_1        1  8.1   162   150    2861    (-,-) 
  u_tile_ctrl/WALLACE_CSA_DUMMY_OP_groupi_g7005/COUT -       CIN->COUT R     sky130_fd_sc_hs__fa_1           1  8.1    68   169    3031    (-,-) 
  u_tile_ctrl/WALLACE_CSA_DUMMY_OP_groupi_g7004/COUT -       CIN->COUT R     sky130_fd_sc_hs__fa_1           1  8.1    66   147    3178    (-,-) 
  u_tile_ctrl/WALLACE_CSA_DUMMY_OP_groupi_g7003/COUT -       CIN->COUT R     sky130_fd_sc_hs__fa_1           1  8.1    66   146    3324    (-,-) 
  u_tile_ctrl/WALLACE_CSA_DUMMY_OP_groupi_g7002/COUT -       CIN->COUT R     sky130_fd_sc_hs__fa_1           3 11.1    83   161    3485    (-,-) 
  u_tile_ctrl/WALLACE_CSA_DUMMY_OP_groupi_g7001/Y    -       A->Y      F     sky130_fd_sc_hs__nand2_1        2  5.7    47    60    3545    (-,-) 
  u_tile_ctrl/WALLACE_CSA_DUMMY_OP_groupi_g6997/Y    -       C->Y      R     sky130_fd_sc_hs__nor3_1         1  3.2   124   102    3647    (-,-) 
  u_tile_ctrl/WALLACE_CSA_DUMMY_OP_groupi_g6993/Y    -       B->Y      F     sky130_fd_sc_hs__nor2_1         4 12.0    61    84    3730    (-,-) 
  u_tile_ctrl/WALLACE_CSA_DUMMY_OP_groupi_g6992/X    -       C->X      F     sky130_fd_sc_hs__or3_1          2  5.5    46   156    3886    (-,-) 
  u_tile_ctrl/WALLACE_CSA_DUMMY_OP_groupi_g6984/Y    -       A3->Y     R     sky130_fd_sc_hs__o311ai_1       2  8.1   284   239    4125    (-,-) 
  u_tile_ctrl/WALLACE_CSA_DUMMY_OP_groupi_g6983/Y    -       A->Y      F     sky130_fd_sc_hs__nand2_1        2  6.1    83    88    4213    (-,-) 
  u_tile_ctrl/WALLACE_CSA_DUMMY_OP_groupi_g6979/Y    -       A2->Y     R     sky130_fd_sc_hs__o221ai_1       1  8.1   219   198    4411    (-,-) 
  u_tile_ctrl/WALLACE_CSA_DUMMY_OP_groupi_g6977/COUT -       CIN->COUT R     sky130_fd_sc_hs__fa_1           1  8.1    69   179    4590    (-,-) 
  u_tile_ctrl/WALLACE_CSA_DUMMY_OP_groupi_g6976/COUT -       CIN->COUT R     sky130_fd_sc_hs__fa_1           2  7.9    65   146    4736    (-,-) 
  u_tile_ctrl/WALLACE_CSA_DUMMY_OP_groupi_g6975/Y    -       B->Y      F     sky130_fd_sc_hs__nand2b_1       2  6.1    47    60    4796    (-,-) 
  u_tile_ctrl/WALLACE_CSA_DUMMY_OP_groupi_g6972/Y    -       A2->Y     R     sky130_fd_sc_hs__o221ai_1       1  8.1   219   186    4982    (-,-) 
  u_tile_ctrl/WALLACE_CSA_DUMMY_OP_groupi_g6970/COUT -       CIN->COUT R     sky130_fd_sc_hs__fa_1           1  8.1    69   179    5161    (-,-) 
  u_tile_ctrl/WALLACE_CSA_DUMMY_OP_groupi_g6969/COUT -       CIN->COUT R     sky130_fd_sc_hs__fa_1           2  7.5    62   144    5304    (-,-) 
  u_tile_ctrl/WALLACE_CSA_DUMMY_OP_groupi_g6968/Y    -       B_N->Y    R     sky130_fd_sc_hs__nor2b_1        2  6.0   117   135    5440    (-,-) 
  u_tile_ctrl/WALLACE_CSA_DUMMY_OP_groupi_g6965/Y    -       B->Y      F     sky130_fd_sc_hs__nand2b_1       2  5.5    50    65    5504    (-,-) 
  u_tile_ctrl/WALLACE_CSA_DUMMY_OP_groupi_g6960/Y    -       A3->Y     R     sky130_fd_sc_hs__o311ai_1       2  7.9   280   237    5741    (-,-) 
  u_tile_ctrl/WALLACE_CSA_DUMMY_OP_groupi_g6959/Y    -       B->Y      F     sky130_fd_sc_hs__nand2b_1       2  6.0    75    81    5822    (-,-) 
  u_tile_ctrl/WALLACE_CSA_DUMMY_OP_groupi_g6955/Y    -       B->Y      R     sky130_fd_sc_hs__nor2_1         2  6.4   108   105    5927    (-,-) 
  u_tile_ctrl/WALLACE_CSA_DUMMY_OP_groupi_g6954/Y    -       A->Y      F     sky130_fd_sc_hs__clkinv_1       1  3.0    38    54    5981    (-,-) 
  u_tile_ctrl/WALLACE_CSA_DUMMY_OP_groupi_g6949/Y    -       A3->Y     R     sky130_fd_sc_hs__o311ai_1       2  8.0   282   237    6218    (-,-) 
  u_tile_ctrl/g10645/Y                               -       B->Y      F     sky130_fd_sc_hs__nand2_1        3  9.1    92   108    6327    (-,-) 
  u_tile_ctrl/g10382/Y                               -       A->Y      R     sky130_fd_sc_hs__nor2b_1        1  4.7   102   120    6446    (-,-) 
  u_tile_ctrl/g10375/COUT                            -       B->COUT   R     sky130_fd_sc_hs__ha_1           2  8.0    70   137    6583    (-,-) 
  u_tile_ctrl/g10381/Y                               -       A->Y      F     sky130_fd_sc_hs__nor2b_1        4 12.2    54    71    6654    (-,-) 
  u_tile_ctrl/WALLACE_CSA_DUMMY_OP_groupi_g6938/Y    -       A3->Y     R     sky130_fd_sc_hs__o311ai_1       1  8.1   284   241    6895    (-,-) 
  u_tile_ctrl/WALLACE_CSA_DUMMY_OP_groupi_g6935/COUT -       CIN->COUT R     sky130_fd_sc_hs__fa_1           1  8.1    71   187    7082    (-,-) 
  u_tile_ctrl/WALLACE_CSA_DUMMY_OP_groupi_g6934/COUT -       CIN->COUT R     sky130_fd_sc_hs__fa_1           4 12.1    88   167    7249    (-,-) 
  u_tile_ctrl/WALLACE_CSA_DUMMY_OP_groupi_g6933/Y    -       A->Y      F     sky130_fd_sc_hs__nand3_1        2  5.7    67    77    7326    (-,-) 
  u_tile_ctrl/WALLACE_CSA_DUMMY_OP_groupi_g6930/Y    -       A_N->Y    F     sky130_fd_sc_hs__nand3b_1       2  6.4    72   124    7449    (-,-) 
  u_tile_ctrl/WALLACE_CSA_DUMMY_OP_groupi_g6925/Y    -       A2->Y     R     sky130_fd_sc_hs__o221ai_1       4 11.9   271   232    7682    (-,-) 
  u_tile_ctrl/WALLACE_CSA_DUMMY_OP_groupi_g6922/X    -       A->X      R     sky130_fd_sc_hs__and3_1         2  5.4    61   143    7825    (-,-) 
  u_tile_ctrl/WALLACE_CSA_DUMMY_OP_groupi_g6916/Y    -       A_N->Y    R     sky130_fd_sc_hs__nand2b_1       3  9.1    95   117    7942    (-,-) 
  u_tile_ctrl/WALLACE_CSA_DUMMY_OP_groupi_g6910/Y    -       B2->Y     F     sky130_fd_sc_hs__o2bb2ai_1      1  2.2    35    50    7992    (-,-) 
  u_tile_ctrl/dma_rd_addr_reg[58]/D                  -       -         F     sky130_fd_sc_hs__sdfxtp_1       1    -     -     4    7996    (-,-) 
#------------------------------------------------------------------------------------------------------------------------------------------------



Path 7: MET (1725 ps) Setup Check with Pin u_tile_ctrl/dma_rd_addr_reg[57]/CLK->D
          Group: clk
     Startpoint: (R) u_tile_ctrl/q_idx_reg[1]/CLK
          Clock: (R) clk
       Endpoint: (F) u_tile_ctrl/dma_rd_addr_reg[57]/D
          Clock: (R) clk

                     Capture       Launch     
        Clock Edge:+   10000            0     
       Src Latency:+       0            0     
       Net Latency:+       0 (I)        0 (I) 
           Arrival:=   10000            0     
                                              
             Setup:-     173                  
       Uncertainty:-     200                  
     Required Time:=    9627                  
      Launch Clock:-       0                  
         Data Path:-    7902                  
             Slack:=    1725                  

#------------------------------------------------------------------------------------------------------------------------------------------------
#                   Timing Point                     Flags     Arc     Edge            Cell             Fanout Load Trans Delay Arrival Instance 
#                                                                                                              (fF)  (ps)  (ps)   (ps)  Location 
#------------------------------------------------------------------------------------------------------------------------------------------------
  u_tile_ctrl/q_idx_reg[1]/CLK                       -       -         R     (arrival)                    1242    -   100     0       0    (-,-) 
  u_tile_ctrl/q_idx_reg[1]/Q                         -       CLK->Q    R     sky130_fd_sc_hs__dfrbp_1       17 51.4   401   488     488    (-,-) 
  u_tile_ctrl/drc_buf_sp10581/X                      -       A->X      R     sky130_fd_sc_hs__clkbuf_1      17 51.7   356   339     827    (-,-) 
  u_tile_ctrl/csa_tree_mul_121_78_g10328/Y           -       B->Y      F     sky130_fd_sc_hs__nand2_1        1 10.2   107   121     947    (-,-) 
  u_tile_ctrl/csa_tree_mul_121_78_g10120/SUM         -       B->SUM    R     sky130_fd_sc_hs__fa_1           1  8.1    73   348    1295    (-,-) 
  u_tile_ctrl/g10655/SUM                             -       CIN->SUM  F     sky130_fd_sc_hs__fa_1           2  8.0    62   268    1564    (-,-) 
  u_tile_ctrl/csa_tree_mul_121_78_g10038/SUM         -       B->SUM    F     sky130_fd_sc_hs__ha_1           2  6.1    42   151    1715    (-,-) 
  u_tile_ctrl/csa_tree_mul_121_78_g10003/Y           -       A2_N->Y   F     sky130_fd_sc_hs__o2bb2ai_1      2 11.0    85   139    1854    (-,-) 
  u_tile_ctrl/g8037__2346/X                          -       A1->X     F     sky130_fd_sc_hs__a22o_1         1  8.1    53   191    2045    (-,-) 
  u_tile_ctrl/g10654/SUM                             -       CIN->SUM  R     sky130_fd_sc_hs__fa_1           2  6.3    61   284    2330    (-,-) 
  u_tile_ctrl/WALLACE_CSA_DUMMY_OP_groupi_g7103/Y    -       B->Y      F     sky130_fd_sc_hs__nor2_1         3  9.4    43    57    2387    (-,-) 
  u_tile_ctrl/WALLACE_CSA_DUMMY_OP_groupi_g7041/Y    -       A2->Y     R     sky130_fd_sc_hs__o21ai_1        1  3.2    96    98    2486    (-,-) 
  u_tile_ctrl/WALLACE_CSA_DUMMY_OP_groupi_g7013/Y    -       B1->Y     F     sky130_fd_sc_hs__a21oi_1        3  8.8    67    68    2553    (-,-) 
  u_tile_ctrl/WALLACE_CSA_DUMMY_OP_groupi_g2/X       -       A2->X     F     sky130_fd_sc_hs__o21a_1         3  9.3    52   158    2712    (-,-) 
  u_tile_ctrl/WALLACE_CSA_DUMMY_OP_groupi_g7006/Y    -       A2->Y     R     sky130_fd_sc_hs__o21ai_1        1  8.1   162   150    2861    (-,-) 
  u_tile_ctrl/WALLACE_CSA_DUMMY_OP_groupi_g7005/COUT -       CIN->COUT R     sky130_fd_sc_hs__fa_1           1  8.1    68   169    3031    (-,-) 
  u_tile_ctrl/WALLACE_CSA_DUMMY_OP_groupi_g7004/COUT -       CIN->COUT R     sky130_fd_sc_hs__fa_1           1  8.1    66   147    3178    (-,-) 
  u_tile_ctrl/WALLACE_CSA_DUMMY_OP_groupi_g7003/COUT -       CIN->COUT R     sky130_fd_sc_hs__fa_1           1  8.1    66   146    3324    (-,-) 
  u_tile_ctrl/WALLACE_CSA_DUMMY_OP_groupi_g7002/COUT -       CIN->COUT R     sky130_fd_sc_hs__fa_1           3 11.1    83   161    3485    (-,-) 
  u_tile_ctrl/WALLACE_CSA_DUMMY_OP_groupi_g7001/Y    -       A->Y      F     sky130_fd_sc_hs__nand2_1        2  5.7    47    60    3545    (-,-) 
  u_tile_ctrl/WALLACE_CSA_DUMMY_OP_groupi_g6997/Y    -       C->Y      R     sky130_fd_sc_hs__nor3_1         1  3.2   124   102    3647    (-,-) 
  u_tile_ctrl/WALLACE_CSA_DUMMY_OP_groupi_g6993/Y    -       B->Y      F     sky130_fd_sc_hs__nor2_1         4 12.0    61    84    3730    (-,-) 
  u_tile_ctrl/WALLACE_CSA_DUMMY_OP_groupi_g6992/X    -       C->X      F     sky130_fd_sc_hs__or3_1          2  5.5    46   156    3886    (-,-) 
  u_tile_ctrl/WALLACE_CSA_DUMMY_OP_groupi_g6984/Y    -       A3->Y     R     sky130_fd_sc_hs__o311ai_1       2  8.1   284   239    4125    (-,-) 
  u_tile_ctrl/WALLACE_CSA_DUMMY_OP_groupi_g6983/Y    -       A->Y      F     sky130_fd_sc_hs__nand2_1        2  6.1    83    88    4213    (-,-) 
  u_tile_ctrl/WALLACE_CSA_DUMMY_OP_groupi_g6979/Y    -       A2->Y     R     sky130_fd_sc_hs__o221ai_1       1  8.1   219   198    4411    (-,-) 
  u_tile_ctrl/WALLACE_CSA_DUMMY_OP_groupi_g6977/COUT -       CIN->COUT R     sky130_fd_sc_hs__fa_1           1  8.1    69   179    4590    (-,-) 
  u_tile_ctrl/WALLACE_CSA_DUMMY_OP_groupi_g6976/COUT -       CIN->COUT R     sky130_fd_sc_hs__fa_1           2  7.9    65   146    4736    (-,-) 
  u_tile_ctrl/WALLACE_CSA_DUMMY_OP_groupi_g6975/Y    -       B->Y      F     sky130_fd_sc_hs__nand2b_1       2  6.1    47    60    4796    (-,-) 
  u_tile_ctrl/WALLACE_CSA_DUMMY_OP_groupi_g6972/Y    -       A2->Y     R     sky130_fd_sc_hs__o221ai_1       1  8.1   219   186    4982    (-,-) 
  u_tile_ctrl/WALLACE_CSA_DUMMY_OP_groupi_g6970/COUT -       CIN->COUT R     sky130_fd_sc_hs__fa_1           1  8.1    69   179    5161    (-,-) 
  u_tile_ctrl/WALLACE_CSA_DUMMY_OP_groupi_g6969/COUT -       CIN->COUT R     sky130_fd_sc_hs__fa_1           2  7.5    62   144    5304    (-,-) 
  u_tile_ctrl/WALLACE_CSA_DUMMY_OP_groupi_g6968/Y    -       B_N->Y    R     sky130_fd_sc_hs__nor2b_1        2  6.0   117   135    5440    (-,-) 
  u_tile_ctrl/WALLACE_CSA_DUMMY_OP_groupi_g6965/Y    -       B->Y      F     sky130_fd_sc_hs__nand2b_1       2  5.5    50    65    5504    (-,-) 
  u_tile_ctrl/WALLACE_CSA_DUMMY_OP_groupi_g6960/Y    -       A3->Y     R     sky130_fd_sc_hs__o311ai_1       2  7.9   280   237    5741    (-,-) 
  u_tile_ctrl/WALLACE_CSA_DUMMY_OP_groupi_g6959/Y    -       B->Y      F     sky130_fd_sc_hs__nand2b_1       2  6.0    75    81    5822    (-,-) 
  u_tile_ctrl/WALLACE_CSA_DUMMY_OP_groupi_g6955/Y    -       B->Y      R     sky130_fd_sc_hs__nor2_1         2  6.4   108   105    5927    (-,-) 
  u_tile_ctrl/WALLACE_CSA_DUMMY_OP_groupi_g6954/Y    -       A->Y      F     sky130_fd_sc_hs__clkinv_1       1  3.0    38    54    5981    (-,-) 
  u_tile_ctrl/WALLACE_CSA_DUMMY_OP_groupi_g6949/Y    -       A3->Y     R     sky130_fd_sc_hs__o311ai_1       2  8.0   282   237    6218    (-,-) 
  u_tile_ctrl/g10645/Y                               -       B->Y      F     sky130_fd_sc_hs__nand2_1        3  9.1    92   108    6327    (-,-) 
  u_tile_ctrl/g10382/Y                               -       A->Y      R     sky130_fd_sc_hs__nor2b_1        1  4.7   102   120    6446    (-,-) 
  u_tile_ctrl/g10375/COUT                            -       B->COUT   R     sky130_fd_sc_hs__ha_1           2  8.0    70   137    6583    (-,-) 
  u_tile_ctrl/g10381/Y                               -       A->Y      F     sky130_fd_sc_hs__nor2b_1        4 12.2    54    71    6654    (-,-) 
  u_tile_ctrl/WALLACE_CSA_DUMMY_OP_groupi_g6938/Y    -       A3->Y     R     sky130_fd_sc_hs__o311ai_1       1  8.1   284   241    6895    (-,-) 
  u_tile_ctrl/WALLACE_CSA_DUMMY_OP_groupi_g6935/COUT -       CIN->COUT R     sky130_fd_sc_hs__fa_1           1  8.1    71   187    7082    (-,-) 
  u_tile_ctrl/WALLACE_CSA_DUMMY_OP_groupi_g6934/COUT -       CIN->COUT R     sky130_fd_sc_hs__fa_1           4 12.1    88   167    7249    (-,-) 
  u_tile_ctrl/WALLACE_CSA_DUMMY_OP_groupi_g6933/Y    -       A->Y      F     sky130_fd_sc_hs__nand3_1        2  5.7    67    77    7326    (-,-) 
  u_tile_ctrl/WALLACE_CSA_DUMMY_OP_groupi_g6930/Y    -       A_N->Y    F     sky130_fd_sc_hs__nand3b_1       2  6.4    72   124    7449    (-,-) 
  u_tile_ctrl/WALLACE_CSA_DUMMY_OP_groupi_g6925/Y    -       A2->Y     R     sky130_fd_sc_hs__o221ai_1       4 11.9   271   232    7682    (-,-) 
  u_tile_ctrl/WALLACE_CSA_DUMMY_OP_groupi_g6917/Y    -       A1->Y     F     sky130_fd_sc_hs__a21oi_1        2  6.1    87   102    7784    (-,-) 
  u_tile_ctrl/WALLACE_CSA_DUMMY_OP_groupi_g6911/Y    -       A2_N->Y   F     sky130_fd_sc_hs__o2bb2ai_1      1  2.2    39   115    7898    (-,-) 
  u_tile_ctrl/dma_rd_addr_reg[57]/D                  -       -         F     sky130_fd_sc_hs__sdfxtp_1       1    -     -     4    7902    (-,-) 
#------------------------------------------------------------------------------------------------------------------------------------------------



Path 8: MET (1804 ps) Setup Check with Pin u_tile_ctrl/dma_rd_addr_reg[55]/CLK->D
          Group: clk
     Startpoint: (R) u_tile_ctrl/q_idx_reg[1]/CLK
          Clock: (R) clk
       Endpoint: (F) u_tile_ctrl/dma_rd_addr_reg[55]/D
          Clock: (R) clk

                     Capture       Launch     
        Clock Edge:+   10000            0     
       Src Latency:+       0            0     
       Net Latency:+       0 (I)        0 (I) 
           Arrival:=   10000            0     
                                              
             Setup:-     172                  
       Uncertainty:-     200                  
     Required Time:=    9628                  
      Launch Clock:-       0                  
         Data Path:-    7825                  
             Slack:=    1804                  

#------------------------------------------------------------------------------------------------------------------------------------------------
#                   Timing Point                     Flags     Arc     Edge            Cell             Fanout Load Trans Delay Arrival Instance 
#                                                                                                              (fF)  (ps)  (ps)   (ps)  Location 
#------------------------------------------------------------------------------------------------------------------------------------------------
  u_tile_ctrl/q_idx_reg[1]/CLK                       -       -         R     (arrival)                    1242    -   100     0       0    (-,-) 
  u_tile_ctrl/q_idx_reg[1]/Q                         -       CLK->Q    R     sky130_fd_sc_hs__dfrbp_1       17 51.4   401   488     488    (-,-) 
  u_tile_ctrl/drc_buf_sp10581/X                      -       A->X      R     sky130_fd_sc_hs__clkbuf_1      17 51.7   356   339     827    (-,-) 
  u_tile_ctrl/csa_tree_mul_121_78_g10328/Y           -       B->Y      F     sky130_fd_sc_hs__nand2_1        1 10.2   107   121     947    (-,-) 
  u_tile_ctrl/csa_tree_mul_121_78_g10120/SUM         -       B->SUM    R     sky130_fd_sc_hs__fa_1           1  8.1    73   348    1295    (-,-) 
  u_tile_ctrl/g10655/SUM                             -       CIN->SUM  F     sky130_fd_sc_hs__fa_1           2  8.0    62   268    1564    (-,-) 
  u_tile_ctrl/csa_tree_mul_121_78_g10038/SUM         -       B->SUM    R     sky130_fd_sc_hs__ha_1           2  6.1    62   196    1760    (-,-) 
  u_tile_ctrl/csa_tree_mul_121_78_g10003/Y           -       A2_N->Y   R     sky130_fd_sc_hs__o2bb2ai_1      2 11.0   196   135    1895    (-,-) 
  u_tile_ctrl/g8037__2346/X                          -       A1->X     R     sky130_fd_sc_hs__a22o_1         1  8.1    74   169    2064    (-,-) 
  u_tile_ctrl/g10654/SUM                             -       CIN->SUM  F     sky130_fd_sc_hs__fa_1           2  6.3    54   259    2323    (-,-) 
  u_tile_ctrl/WALLACE_CSA_DUMMY_OP_groupi_g7103/Y    -       B->Y      R     sky130_fd_sc_hs__nor2_1         3  9.4   141   125    2449    (-,-) 
  u_tile_ctrl/WALLACE_CSA_DUMMY_OP_groupi_g7041/Y    -       A2->Y     F     sky130_fd_sc_hs__o21ai_1        1  3.2    43    61    2510    (-,-) 
  u_tile_ctrl/WALLACE_CSA_DUMMY_OP_groupi_g7013/Y    -       B1->Y     R     sky130_fd_sc_hs__a21oi_1        3  8.8   171   147    2657    (-,-) 
  u_tile_ctrl/WALLACE_CSA_DUMMY_OP_groupi_g2/X       -       A2->X     R     sky130_fd_sc_hs__o21a_1         3  9.3    83   140    2797    (-,-) 
  u_tile_ctrl/WALLACE_CSA_DUMMY_OP_groupi_g7006/Y    -       A2->Y     F     sky130_fd_sc_hs__o21ai_1        1  8.1    73    78    2875    (-,-) 
  u_tile_ctrl/WALLACE_CSA_DUMMY_OP_groupi_g7005/COUT -       CIN->COUT F     sky130_fd_sc_hs__fa_1           1  8.1    68   228    3103    (-,-) 
  u_tile_ctrl/WALLACE_CSA_DUMMY_OP_groupi_g7004/COUT -       CIN->COUT F     sky130_fd_sc_hs__fa_1           1  8.1    68   226    3329    (-,-) 
  u_tile_ctrl/WALLACE_CSA_DUMMY_OP_groupi_g7003/COUT -       CIN->COUT F     sky130_fd_sc_hs__fa_1           1  8.1    68   226    3556    (-,-) 
  u_tile_ctrl/WALLACE_CSA_DUMMY_OP_groupi_g7002/COUT -       CIN->COUT F     sky130_fd_sc_hs__fa_1           3 11.1    82   242    3797    (-,-) 
  u_tile_ctrl/WALLACE_CSA_DUMMY_OP_groupi_g7001/Y    -       A->Y      R     sky130_fd_sc_hs__nand2_1        2  5.7    54    69    3867    (-,-) 
  u_tile_ctrl/WALLACE_CSA_DUMMY_OP_groupi_g6997/Y    -       C->Y      F     sky130_fd_sc_hs__nor3_1         1  3.2    52    38    3905    (-,-) 
  u_tile_ctrl/WALLACE_CSA_DUMMY_OP_groupi_g6993/Y    -       B->Y      R     sky130_fd_sc_hs__nor2_1         4 12.0   173   149    4054    (-,-) 
  u_tile_ctrl/WALLACE_CSA_DUMMY_OP_groupi_g6992/X    -       C->X      R     sky130_fd_sc_hs__or3_1          2  5.5    52   114    4168    (-,-) 
  u_tile_ctrl/WALLACE_CSA_DUMMY_OP_groupi_g6984/Y    -       A3->Y     F     sky130_fd_sc_hs__o311ai_1       2  8.1   106    92    4260    (-,-) 
  u_tile_ctrl/WALLACE_CSA_DUMMY_OP_groupi_g6983/Y    -       A->Y      R     sky130_fd_sc_hs__nand2_1        2  6.1    60    79    4340    (-,-) 
  u_tile_ctrl/WALLACE_CSA_DUMMY_OP_groupi_g6979/Y    -       A2->Y     F     sky130_fd_sc_hs__o221ai_1       1  8.1   118   123    4463    (-,-) 
  u_tile_ctrl/WALLACE_CSA_DUMMY_OP_groupi_g6977/COUT -       CIN->COUT F     sky130_fd_sc_hs__fa_1           1  8.1    68   243    4706    (-,-) 
  u_tile_ctrl/WALLACE_CSA_DUMMY_OP_groupi_g6976/COUT -       CIN->COUT F     sky130_fd_sc_hs__fa_1           2  7.9    67   225    4931    (-,-) 
  u_tile_ctrl/WALLACE_CSA_DUMMY_OP_groupi_g6975/Y    -       B->Y      R     sky130_fd_sc_hs__nand2b_1       2  6.1    74    86    5017    (-,-) 
  u_tile_ctrl/WALLACE_CSA_DUMMY_OP_groupi_g6972/Y    -       A2->Y     F     sky130_fd_sc_hs__o221ai_1       1  8.1   118   125    5142    (-,-) 
  u_tile_ctrl/WALLACE_CSA_DUMMY_OP_groupi_g6970/COUT -       CIN->COUT F     sky130_fd_sc_hs__fa_1           1  8.1    68   243    5385    (-,-) 
  u_tile_ctrl/WALLACE_CSA_DUMMY_OP_groupi_g6969/COUT -       CIN->COUT F     sky130_fd_sc_hs__fa_1           2  7.5    64   223    5608    (-,-) 
  u_tile_ctrl/WALLACE_CSA_DUMMY_OP_groupi_g6968/Y    -       B_N->Y    F     sky130_fd_sc_hs__nor2b_1        2  6.0    43    98    5706    (-,-) 
  u_tile_ctrl/WALLACE_CSA_DUMMY_OP_groupi_g6965/Y    -       B->Y      R     sky130_fd_sc_hs__nand2b_1       2  5.5    67    73    5780    (-,-) 
  u_tile_ctrl/WALLACE_CSA_DUMMY_OP_groupi_g6960/Y    -       A3->Y     F     sky130_fd_sc_hs__o311ai_1       2  7.9   105    94    5874    (-,-) 
  u_tile_ctrl/WALLACE_CSA_DUMMY_OP_groupi_g6959/Y    -       B->Y      R     sky130_fd_sc_hs__nand2b_1       2  6.0    77    99    5973    (-,-) 
  u_tile_ctrl/WALLACE_CSA_DUMMY_OP_groupi_g6955/Y    -       B->Y      F     sky130_fd_sc_hs__nor2_1         2  6.4    51    50    6023    (-,-) 
  u_tile_ctrl/WALLACE_CSA_DUMMY_OP_groupi_g6954/Y    -       A->Y      R     sky130_fd_sc_hs__clkinv_1       1  3.0    29    35    6058    (-,-) 
  u_tile_ctrl/WALLACE_CSA_DUMMY_OP_groupi_g6949/Y    -       A3->Y     F     sky130_fd_sc_hs__o311ai_1       2  8.0   102    88    6147    (-,-) 
  u_tile_ctrl/g10645/Y                               -       B->Y      R     sky130_fd_sc_hs__nand2_1        3  9.1    80   101    6247    (-,-) 
  u_tile_ctrl/g10382/Y                               -       A->Y      F     sky130_fd_sc_hs__nor2b_1        1  4.7    35    49    6297    (-,-) 
  u_tile_ctrl/g10375/COUT                            -       B->COUT   F     sky130_fd_sc_hs__ha_1           2  8.0    46   127    6423    (-,-) 
  u_tile_ctrl/g10381/Y                               -       A->Y      R     sky130_fd_sc_hs__nor2b_1        4 12.2   204   182    6605    (-,-) 
  u_tile_ctrl/WALLACE_CSA_DUMMY_OP_groupi_g6938/Y    -       A3->Y     F     sky130_fd_sc_hs__o311ai_1       1  8.1   105   115    6720    (-,-) 
  u_tile_ctrl/WALLACE_CSA_DUMMY_OP_groupi_g6935/COUT -       CIN->COUT F     sky130_fd_sc_hs__fa_1           1  8.1    68   239    6959    (-,-) 
  u_tile_ctrl/WALLACE_CSA_DUMMY_OP_groupi_g6934/COUT -       CIN->COUT F     sky130_fd_sc_hs__fa_1           4 12.1    85   246    7205    (-,-) 
  u_tile_ctrl/WALLACE_CSA_DUMMY_OP_groupi_g6933/Y    -       A->Y      R     sky130_fd_sc_hs__nand3_1        2  5.7    71    79    7284    (-,-) 
  u_tile_ctrl/WALLACE_CSA_DUMMY_OP_groupi_g6930/Y    -       A_N->Y    R     sky130_fd_sc_hs__nand3b_1       2  6.4    81   100    7384    (-,-) 
  u_tile_ctrl/WALLACE_CSA_DUMMY_OP_groupi_g6928/Y    -       A->Y      F     sky130_fd_sc_hs__nand2_1        4 12.0    82    88    7473    (-,-) 
  u_tile_ctrl/WALLACE_CSA_DUMMY_OP_groupi_g7261/Y    -       A1->Y     R     sky130_fd_sc_hs__a21boi_1       2  8.2   163   159    7631    (-,-) 
  u_tile_ctrl/WALLACE_CSA_DUMMY_OP_groupi_g6913/Y    -       A2->Y     F     sky130_fd_sc_hs__o21ai_1        2  6.1    73    80    7711    (-,-) 
  u_tile_ctrl/WALLACE_CSA_DUMMY_OP_groupi_g6908/Y    -       A2_N->Y   F     sky130_fd_sc_hs__o2bb2ai_1      1  2.2    35   110    7821    (-,-) 
  u_tile_ctrl/dma_rd_addr_reg[55]/D                  -       -         F     sky130_fd_sc_hs__sdfxtp_1       1    -     -     4    7825    (-,-) 
#------------------------------------------------------------------------------------------------------------------------------------------------



Path 9: MET (1876 ps) Setup Check with Pin u_tile_ctrl/dma_rd_addr_reg[56]/CLK->D
          Group: clk
     Startpoint: (R) u_tile_ctrl/q_idx_reg[1]/CLK
          Clock: (R) clk
       Endpoint: (R) u_tile_ctrl/dma_rd_addr_reg[56]/D
          Clock: (R) clk

                     Capture       Launch     
        Clock Edge:+   10000            0     
       Src Latency:+       0            0     
       Net Latency:+       0 (I)        0 (I) 
           Arrival:=   10000            0     
                                              
             Setup:-     129                  
       Uncertainty:-     200                  
     Required Time:=    9671                  
      Launch Clock:-       0                  
         Data Path:-    7795                  
             Slack:=    1876                  

#------------------------------------------------------------------------------------------------------------------------------------------------
#                   Timing Point                     Flags     Arc     Edge            Cell             Fanout Load Trans Delay Arrival Instance 
#                                                                                                              (fF)  (ps)  (ps)   (ps)  Location 
#------------------------------------------------------------------------------------------------------------------------------------------------
  u_tile_ctrl/q_idx_reg[1]/CLK                       -       -         R     (arrival)                    1242    -   100     0       0    (-,-) 
  u_tile_ctrl/q_idx_reg[1]/Q                         -       CLK->Q    R     sky130_fd_sc_hs__dfrbp_1       17 51.4   401   488     488    (-,-) 
  u_tile_ctrl/drc_buf_sp10581/X                      -       A->X      R     sky130_fd_sc_hs__clkbuf_1      17 51.7   356   339     827    (-,-) 
  u_tile_ctrl/csa_tree_mul_121_78_g10328/Y           -       B->Y      F     sky130_fd_sc_hs__nand2_1        1 10.2   107   121     947    (-,-) 
  u_tile_ctrl/csa_tree_mul_121_78_g10120/SUM         -       B->SUM    R     sky130_fd_sc_hs__fa_1           1  8.1    73   348    1295    (-,-) 
  u_tile_ctrl/g10655/SUM                             -       CIN->SUM  F     sky130_fd_sc_hs__fa_1           2  8.0    62   268    1564    (-,-) 
  u_tile_ctrl/csa_tree_mul_121_78_g10038/SUM         -       B->SUM    F     sky130_fd_sc_hs__ha_1           2  6.1    42   151    1715    (-,-) 
  u_tile_ctrl/csa_tree_mul_121_78_g10003/Y           -       A2_N->Y   F     sky130_fd_sc_hs__o2bb2ai_1      2 11.0    85   139    1854    (-,-) 
  u_tile_ctrl/g8037__2346/X                          -       A1->X     F     sky130_fd_sc_hs__a22o_1         1  8.1    53   191    2045    (-,-) 
  u_tile_ctrl/g10654/SUM                             -       CIN->SUM  R     sky130_fd_sc_hs__fa_1           2  6.3    61   284    2330    (-,-) 
  u_tile_ctrl/WALLACE_CSA_DUMMY_OP_groupi_g7103/Y    -       B->Y      F     sky130_fd_sc_hs__nor2_1         3  9.4    43    57    2387    (-,-) 
  u_tile_ctrl/WALLACE_CSA_DUMMY_OP_groupi_g7041/Y    -       A2->Y     R     sky130_fd_sc_hs__o21ai_1        1  3.2    96    98    2486    (-,-) 
  u_tile_ctrl/WALLACE_CSA_DUMMY_OP_groupi_g7013/Y    -       B1->Y     F     sky130_fd_sc_hs__a21oi_1        3  8.8    67    68    2553    (-,-) 
  u_tile_ctrl/WALLACE_CSA_DUMMY_OP_groupi_g2/X       -       A2->X     F     sky130_fd_sc_hs__o21a_1         3  9.3    52   158    2712    (-,-) 
  u_tile_ctrl/WALLACE_CSA_DUMMY_OP_groupi_g7006/Y    -       A2->Y     R     sky130_fd_sc_hs__o21ai_1        1  8.1   162   150    2861    (-,-) 
  u_tile_ctrl/WALLACE_CSA_DUMMY_OP_groupi_g7005/COUT -       CIN->COUT R     sky130_fd_sc_hs__fa_1           1  8.1    68   169    3031    (-,-) 
  u_tile_ctrl/WALLACE_CSA_DUMMY_OP_groupi_g7004/COUT -       CIN->COUT R     sky130_fd_sc_hs__fa_1           1  8.1    66   147    3178    (-,-) 
  u_tile_ctrl/WALLACE_CSA_DUMMY_OP_groupi_g7003/COUT -       CIN->COUT R     sky130_fd_sc_hs__fa_1           1  8.1    66   146    3324    (-,-) 
  u_tile_ctrl/WALLACE_CSA_DUMMY_OP_groupi_g7002/COUT -       CIN->COUT R     sky130_fd_sc_hs__fa_1           3 11.1    83   161    3485    (-,-) 
  u_tile_ctrl/WALLACE_CSA_DUMMY_OP_groupi_g7001/Y    -       A->Y      F     sky130_fd_sc_hs__nand2_1        2  5.7    47    60    3545    (-,-) 
  u_tile_ctrl/WALLACE_CSA_DUMMY_OP_groupi_g6997/Y    -       C->Y      R     sky130_fd_sc_hs__nor3_1         1  3.2   124   102    3647    (-,-) 
  u_tile_ctrl/WALLACE_CSA_DUMMY_OP_groupi_g6993/Y    -       B->Y      F     sky130_fd_sc_hs__nor2_1         4 12.0    61    84    3730    (-,-) 
  u_tile_ctrl/WALLACE_CSA_DUMMY_OP_groupi_g6992/X    -       C->X      F     sky130_fd_sc_hs__or3_1          2  5.5    46   156    3886    (-,-) 
  u_tile_ctrl/WALLACE_CSA_DUMMY_OP_groupi_g6984/Y    -       A3->Y     R     sky130_fd_sc_hs__o311ai_1       2  8.1   284   239    4125    (-,-) 
  u_tile_ctrl/WALLACE_CSA_DUMMY_OP_groupi_g6983/Y    -       A->Y      F     sky130_fd_sc_hs__nand2_1        2  6.1    83    88    4213    (-,-) 
  u_tile_ctrl/WALLACE_CSA_DUMMY_OP_groupi_g6979/Y    -       A2->Y     R     sky130_fd_sc_hs__o221ai_1       1  8.1   219   198    4411    (-,-) 
  u_tile_ctrl/WALLACE_CSA_DUMMY_OP_groupi_g6977/COUT -       CIN->COUT R     sky130_fd_sc_hs__fa_1           1  8.1    69   179    4590    (-,-) 
  u_tile_ctrl/WALLACE_CSA_DUMMY_OP_groupi_g6976/COUT -       CIN->COUT R     sky130_fd_sc_hs__fa_1           2  7.9    65   146    4736    (-,-) 
  u_tile_ctrl/WALLACE_CSA_DUMMY_OP_groupi_g6975/Y    -       B->Y      F     sky130_fd_sc_hs__nand2b_1       2  6.1    47    60    4796    (-,-) 
  u_tile_ctrl/WALLACE_CSA_DUMMY_OP_groupi_g6972/Y    -       A2->Y     R     sky130_fd_sc_hs__o221ai_1       1  8.1   219   186    4982    (-,-) 
  u_tile_ctrl/WALLACE_CSA_DUMMY_OP_groupi_g6970/COUT -       CIN->COUT R     sky130_fd_sc_hs__fa_1           1  8.1    69   179    5161    (-,-) 
  u_tile_ctrl/WALLACE_CSA_DUMMY_OP_groupi_g6969/COUT -       CIN->COUT R     sky130_fd_sc_hs__fa_1           2  7.5    62   144    5304    (-,-) 
  u_tile_ctrl/WALLACE_CSA_DUMMY_OP_groupi_g6968/Y    -       B_N->Y    R     sky130_fd_sc_hs__nor2b_1        2  6.0   117   135    5440    (-,-) 
  u_tile_ctrl/WALLACE_CSA_DUMMY_OP_groupi_g6965/Y    -       B->Y      F     sky130_fd_sc_hs__nand2b_1       2  5.5    50    65    5504    (-,-) 
  u_tile_ctrl/WALLACE_CSA_DUMMY_OP_groupi_g6960/Y    -       A3->Y     R     sky130_fd_sc_hs__o311ai_1       2  7.9   280   237    5741    (-,-) 
  u_tile_ctrl/WALLACE_CSA_DUMMY_OP_groupi_g6959/Y    -       B->Y      F     sky130_fd_sc_hs__nand2b_1       2  6.0    75    81    5822    (-,-) 
  u_tile_ctrl/WALLACE_CSA_DUMMY_OP_groupi_g6955/Y    -       B->Y      R     sky130_fd_sc_hs__nor2_1         2  6.4   108   105    5927    (-,-) 
  u_tile_ctrl/WALLACE_CSA_DUMMY_OP_groupi_g6954/Y    -       A->Y      F     sky130_fd_sc_hs__clkinv_1       1  3.0    38    54    5981    (-,-) 
  u_tile_ctrl/WALLACE_CSA_DUMMY_OP_groupi_g6949/Y    -       A3->Y     R     sky130_fd_sc_hs__o311ai_1       2  8.0   282   237    6218    (-,-) 
  u_tile_ctrl/g10645/Y                               -       B->Y      F     sky130_fd_sc_hs__nand2_1        3  9.1    92   108    6327    (-,-) 
  u_tile_ctrl/g10382/Y                               -       A->Y      R     sky130_fd_sc_hs__nor2b_1        1  4.7   102   120    6446    (-,-) 
  u_tile_ctrl/g10375/COUT                            -       B->COUT   R     sky130_fd_sc_hs__ha_1           2  8.0    70   137    6583    (-,-) 
  u_tile_ctrl/g10381/Y                               -       A->Y      F     sky130_fd_sc_hs__nor2b_1        4 12.2    54    71    6654    (-,-) 
  u_tile_ctrl/WALLACE_CSA_DUMMY_OP_groupi_g6938/Y    -       A3->Y     R     sky130_fd_sc_hs__o311ai_1       1  8.1   284   241    6895    (-,-) 
  u_tile_ctrl/WALLACE_CSA_DUMMY_OP_groupi_g6935/COUT -       CIN->COUT R     sky130_fd_sc_hs__fa_1           1  8.1    71   187    7082    (-,-) 
  u_tile_ctrl/WALLACE_CSA_DUMMY_OP_groupi_g6934/COUT -       CIN->COUT R     sky130_fd_sc_hs__fa_1           4 12.1    88   167    7249    (-,-) 
  u_tile_ctrl/WALLACE_CSA_DUMMY_OP_groupi_g6933/Y    -       A->Y      F     sky130_fd_sc_hs__nand3_1        2  5.7    67    77    7326    (-,-) 
  u_tile_ctrl/WALLACE_CSA_DUMMY_OP_groupi_g6930/Y    -       A_N->Y    F     sky130_fd_sc_hs__nand3b_1       2  6.4    72   124    7449    (-,-) 
  u_tile_ctrl/WALLACE_CSA_DUMMY_OP_groupi_g6925/Y    -       A2->Y     R     sky130_fd_sc_hs__o221ai_1       4 11.9   271   232    7682    (-,-) 
  u_tile_ctrl/WALLACE_CSA_DUMMY_OP_groupi_g6918/Y    -       A2_N->Y   R     sky130_fd_sc_hs__o2bb2ai_1      1  2.2    91   109    7791    (-,-) 
  u_tile_ctrl/dma_rd_addr_reg[56]/D                  -       -         R     sky130_fd_sc_hs__sdfxtp_1       1    -     -     4    7795    (-,-) 
#------------------------------------------------------------------------------------------------------------------------------------------------



Path 10: MET (1884 ps) Setup Check with Pin u_tile_ctrl/dma_rd_addr_reg[54]/CLK->D
          Group: clk
     Startpoint: (R) u_tile_ctrl/q_idx_reg[1]/CLK
          Clock: (R) clk
       Endpoint: (F) u_tile_ctrl/dma_rd_addr_reg[54]/D
          Clock: (R) clk

                     Capture       Launch     
        Clock Edge:+   10000            0     
       Src Latency:+       0            0     
       Net Latency:+       0 (I)        0 (I) 
           Arrival:=   10000            0     
                                              
             Setup:-     173                  
       Uncertainty:-     200                  
     Required Time:=    9627                  
      Launch Clock:-       0                  
         Data Path:-    7743                  
             Slack:=    1884                  

#------------------------------------------------------------------------------------------------------------------------------------------------
#                   Timing Point                     Flags     Arc     Edge            Cell             Fanout Load Trans Delay Arrival Instance 
#                                                                                                              (fF)  (ps)  (ps)   (ps)  Location 
#------------------------------------------------------------------------------------------------------------------------------------------------
  u_tile_ctrl/q_idx_reg[1]/CLK                       -       -         R     (arrival)                    1242    -   100     0       0    (-,-) 
  u_tile_ctrl/q_idx_reg[1]/Q                         -       CLK->Q    R     sky130_fd_sc_hs__dfrbp_1       17 51.4   401   488     488    (-,-) 
  u_tile_ctrl/drc_buf_sp10581/X                      -       A->X      R     sky130_fd_sc_hs__clkbuf_1      17 51.7   356   339     827    (-,-) 
  u_tile_ctrl/csa_tree_mul_121_78_g10328/Y           -       B->Y      F     sky130_fd_sc_hs__nand2_1        1 10.2   107   121     947    (-,-) 
  u_tile_ctrl/csa_tree_mul_121_78_g10120/SUM         -       B->SUM    R     sky130_fd_sc_hs__fa_1           1  8.1    73   348    1295    (-,-) 
  u_tile_ctrl/g10655/SUM                             -       CIN->SUM  F     sky130_fd_sc_hs__fa_1           2  8.0    62   268    1564    (-,-) 
  u_tile_ctrl/csa_tree_mul_121_78_g10038/SUM         -       B->SUM    F     sky130_fd_sc_hs__ha_1           2  6.1    42   151    1715    (-,-) 
  u_tile_ctrl/csa_tree_mul_121_78_g10003/Y           -       A2_N->Y   F     sky130_fd_sc_hs__o2bb2ai_1      2 11.0    85   139    1854    (-,-) 
  u_tile_ctrl/g8037__2346/X                          -       A1->X     F     sky130_fd_sc_hs__a22o_1         1  8.1    53   191    2045    (-,-) 
  u_tile_ctrl/g10654/SUM                             -       CIN->SUM  R     sky130_fd_sc_hs__fa_1           2  6.3    61   284    2330    (-,-) 
  u_tile_ctrl/WALLACE_CSA_DUMMY_OP_groupi_g7103/Y    -       B->Y      F     sky130_fd_sc_hs__nor2_1         3  9.4    43    57    2387    (-,-) 
  u_tile_ctrl/WALLACE_CSA_DUMMY_OP_groupi_g7041/Y    -       A2->Y     R     sky130_fd_sc_hs__o21ai_1        1  3.2    96    98    2486    (-,-) 
  u_tile_ctrl/WALLACE_CSA_DUMMY_OP_groupi_g7013/Y    -       B1->Y     F     sky130_fd_sc_hs__a21oi_1        3  8.8    67    68    2553    (-,-) 
  u_tile_ctrl/WALLACE_CSA_DUMMY_OP_groupi_g2/X       -       A2->X     F     sky130_fd_sc_hs__o21a_1         3  9.3    52   158    2712    (-,-) 
  u_tile_ctrl/WALLACE_CSA_DUMMY_OP_groupi_g7006/Y    -       A2->Y     R     sky130_fd_sc_hs__o21ai_1        1  8.1   162   150    2861    (-,-) 
  u_tile_ctrl/WALLACE_CSA_DUMMY_OP_groupi_g7005/COUT -       CIN->COUT R     sky130_fd_sc_hs__fa_1           1  8.1    68   169    3031    (-,-) 
  u_tile_ctrl/WALLACE_CSA_DUMMY_OP_groupi_g7004/COUT -       CIN->COUT R     sky130_fd_sc_hs__fa_1           1  8.1    66   147    3178    (-,-) 
  u_tile_ctrl/WALLACE_CSA_DUMMY_OP_groupi_g7003/COUT -       CIN->COUT R     sky130_fd_sc_hs__fa_1           1  8.1    66   146    3324    (-,-) 
  u_tile_ctrl/WALLACE_CSA_DUMMY_OP_groupi_g7002/COUT -       CIN->COUT R     sky130_fd_sc_hs__fa_1           3 11.1    83   161    3485    (-,-) 
  u_tile_ctrl/WALLACE_CSA_DUMMY_OP_groupi_g7001/Y    -       A->Y      F     sky130_fd_sc_hs__nand2_1        2  5.7    47    60    3545    (-,-) 
  u_tile_ctrl/WALLACE_CSA_DUMMY_OP_groupi_g6997/Y    -       C->Y      R     sky130_fd_sc_hs__nor3_1         1  3.2   124   102    3647    (-,-) 
  u_tile_ctrl/WALLACE_CSA_DUMMY_OP_groupi_g6993/Y    -       B->Y      F     sky130_fd_sc_hs__nor2_1         4 12.0    61    84    3730    (-,-) 
  u_tile_ctrl/WALLACE_CSA_DUMMY_OP_groupi_g6992/X    -       C->X      F     sky130_fd_sc_hs__or3_1          2  5.5    46   156    3886    (-,-) 
  u_tile_ctrl/WALLACE_CSA_DUMMY_OP_groupi_g6984/Y    -       A3->Y     R     sky130_fd_sc_hs__o311ai_1       2  8.1   284   239    4125    (-,-) 
  u_tile_ctrl/WALLACE_CSA_DUMMY_OP_groupi_g6983/Y    -       A->Y      F     sky130_fd_sc_hs__nand2_1        2  6.1    83    88    4213    (-,-) 
  u_tile_ctrl/WALLACE_CSA_DUMMY_OP_groupi_g6979/Y    -       A2->Y     R     sky130_fd_sc_hs__o221ai_1       1  8.1   219   198    4411    (-,-) 
  u_tile_ctrl/WALLACE_CSA_DUMMY_OP_groupi_g6977/COUT -       CIN->COUT R     sky130_fd_sc_hs__fa_1           1  8.1    69   179    4590    (-,-) 
  u_tile_ctrl/WALLACE_CSA_DUMMY_OP_groupi_g6976/COUT -       CIN->COUT R     sky130_fd_sc_hs__fa_1           2  7.9    65   146    4736    (-,-) 
  u_tile_ctrl/WALLACE_CSA_DUMMY_OP_groupi_g6975/Y    -       B->Y      F     sky130_fd_sc_hs__nand2b_1       2  6.1    47    60    4796    (-,-) 
  u_tile_ctrl/WALLACE_CSA_DUMMY_OP_groupi_g6972/Y    -       A2->Y     R     sky130_fd_sc_hs__o221ai_1       1  8.1   219   186    4982    (-,-) 
  u_tile_ctrl/WALLACE_CSA_DUMMY_OP_groupi_g6970/COUT -       CIN->COUT R     sky130_fd_sc_hs__fa_1           1  8.1    69   179    5161    (-,-) 
  u_tile_ctrl/WALLACE_CSA_DUMMY_OP_groupi_g6969/COUT -       CIN->COUT R     sky130_fd_sc_hs__fa_1           2  7.5    62   144    5304    (-,-) 
  u_tile_ctrl/WALLACE_CSA_DUMMY_OP_groupi_g6968/Y    -       B_N->Y    R     sky130_fd_sc_hs__nor2b_1        2  6.0   117   135    5440    (-,-) 
  u_tile_ctrl/WALLACE_CSA_DUMMY_OP_groupi_g6965/Y    -       B->Y      F     sky130_fd_sc_hs__nand2b_1       2  5.5    50    65    5504    (-,-) 
  u_tile_ctrl/WALLACE_CSA_DUMMY_OP_groupi_g6960/Y    -       A3->Y     R     sky130_fd_sc_hs__o311ai_1       2  7.9   280   237    5741    (-,-) 
  u_tile_ctrl/WALLACE_CSA_DUMMY_OP_groupi_g6959/Y    -       B->Y      F     sky130_fd_sc_hs__nand2b_1       2  6.0    75    81    5822    (-,-) 
  u_tile_ctrl/WALLACE_CSA_DUMMY_OP_groupi_g6955/Y    -       B->Y      R     sky130_fd_sc_hs__nor2_1         2  6.4   108   105    5927    (-,-) 
  u_tile_ctrl/WALLACE_CSA_DUMMY_OP_groupi_g6954/Y    -       A->Y      F     sky130_fd_sc_hs__clkinv_1       1  3.0    38    54    5981    (-,-) 
  u_tile_ctrl/WALLACE_CSA_DUMMY_OP_groupi_g6949/Y    -       A3->Y     R     sky130_fd_sc_hs__o311ai_1       2  8.0   282   237    6218    (-,-) 
  u_tile_ctrl/g10645/Y                               -       B->Y      F     sky130_fd_sc_hs__nand2_1        3  9.1    92   108    6327    (-,-) 
  u_tile_ctrl/g10382/Y                               -       A->Y      R     sky130_fd_sc_hs__nor2b_1        1  4.7   102   120    6446    (-,-) 
  u_tile_ctrl/g10375/COUT                            -       B->COUT   R     sky130_fd_sc_hs__ha_1           2  8.0    70   137    6583    (-,-) 
  u_tile_ctrl/g10381/Y                               -       A->Y      F     sky130_fd_sc_hs__nor2b_1        4 12.2    54    71    6654    (-,-) 
  u_tile_ctrl/WALLACE_CSA_DUMMY_OP_groupi_g6938/Y    -       A3->Y     R     sky130_fd_sc_hs__o311ai_1       1  8.1   284   241    6895    (-,-) 
  u_tile_ctrl/WALLACE_CSA_DUMMY_OP_groupi_g6935/COUT -       CIN->COUT R     sky130_fd_sc_hs__fa_1           1  8.1    71   187    7082    (-,-) 
  u_tile_ctrl/WALLACE_CSA_DUMMY_OP_groupi_g6934/COUT -       CIN->COUT R     sky130_fd_sc_hs__fa_1           4 12.1    88   167    7249    (-,-) 
  u_tile_ctrl/WALLACE_CSA_DUMMY_OP_groupi_g6933/Y    -       A->Y      F     sky130_fd_sc_hs__nand3_1        2  5.7    67    77    7326    (-,-) 
  u_tile_ctrl/WALLACE_CSA_DUMMY_OP_groupi_g6930/Y    -       A_N->Y    F     sky130_fd_sc_hs__nand3b_1       2  6.4    72   124    7449    (-,-) 
  u_tile_ctrl/WALLACE_CSA_DUMMY_OP_groupi_g6928/Y    -       A->Y      R     sky130_fd_sc_hs__nand2_1        4 12.0    93    96    7546    (-,-) 
  u_tile_ctrl/WALLACE_CSA_DUMMY_OP_groupi_g7261/Y    -       A1->Y     F     sky130_fd_sc_hs__a21boi_1       2  8.2    67    84    7630    (-,-) 
  u_tile_ctrl/WALLACE_CSA_DUMMY_OP_groupi_g6914/Y    -       B->Y      F     sky130_fd_sc_hs__xnor2_1        1  2.2    39   110    7739    (-,-) 
  u_tile_ctrl/dma_rd_addr_reg[54]/D                  -       -         F     sky130_fd_sc_hs__sdfxtp_1       1    -     -     4    7743    (-,-) 
#------------------------------------------------------------------------------------------------------------------------------------------------



Path 11: MET (1899 ps) Setup Check with Pin u_tile_ctrl/dma_rd_addr_reg[53]/CLK->D
          Group: clk
     Startpoint: (R) u_tile_ctrl/q_idx_reg[1]/CLK
          Clock: (R) clk
       Endpoint: (F) u_tile_ctrl/dma_rd_addr_reg[53]/D
          Clock: (R) clk

                     Capture       Launch     
        Clock Edge:+   10000            0     
       Src Latency:+       0            0     
       Net Latency:+       0 (I)        0 (I) 
           Arrival:=   10000            0     
                                              
             Setup:-     173                  
       Uncertainty:-     200                  
     Required Time:=    9627                  
      Launch Clock:-       0                  
         Data Path:-    7728                  
             Slack:=    1899                  

#------------------------------------------------------------------------------------------------------------------------------------------------
#                   Timing Point                     Flags     Arc     Edge            Cell             Fanout Load Trans Delay Arrival Instance 
#                                                                                                              (fF)  (ps)  (ps)   (ps)  Location 
#------------------------------------------------------------------------------------------------------------------------------------------------
  u_tile_ctrl/q_idx_reg[1]/CLK                       -       -         R     (arrival)                    1242    -   100     0       0    (-,-) 
  u_tile_ctrl/q_idx_reg[1]/Q                         -       CLK->Q    R     sky130_fd_sc_hs__dfrbp_1       17 51.4   401   488     488    (-,-) 
  u_tile_ctrl/drc_buf_sp10581/X                      -       A->X      R     sky130_fd_sc_hs__clkbuf_1      17 51.7   356   339     827    (-,-) 
  u_tile_ctrl/csa_tree_mul_121_78_g10328/Y           -       B->Y      F     sky130_fd_sc_hs__nand2_1        1 10.2   107   121     947    (-,-) 
  u_tile_ctrl/csa_tree_mul_121_78_g10120/SUM         -       B->SUM    R     sky130_fd_sc_hs__fa_1           1  8.1    73   348    1295    (-,-) 
  u_tile_ctrl/g10655/SUM                             -       CIN->SUM  F     sky130_fd_sc_hs__fa_1           2  8.0    62   268    1564    (-,-) 
  u_tile_ctrl/csa_tree_mul_121_78_g10038/SUM         -       B->SUM    F     sky130_fd_sc_hs__ha_1           2  6.1    42   151    1715    (-,-) 
  u_tile_ctrl/csa_tree_mul_121_78_g10003/Y           -       A2_N->Y   F     sky130_fd_sc_hs__o2bb2ai_1      2 11.0    85   139    1854    (-,-) 
  u_tile_ctrl/g8037__2346/X                          -       A1->X     F     sky130_fd_sc_hs__a22o_1         1  8.1    53   191    2045    (-,-) 
  u_tile_ctrl/g10654/SUM                             -       CIN->SUM  R     sky130_fd_sc_hs__fa_1           2  6.3    61   284    2330    (-,-) 
  u_tile_ctrl/WALLACE_CSA_DUMMY_OP_groupi_g7103/Y    -       B->Y      F     sky130_fd_sc_hs__nor2_1         3  9.4    43    57    2387    (-,-) 
  u_tile_ctrl/WALLACE_CSA_DUMMY_OP_groupi_g7041/Y    -       A2->Y     R     sky130_fd_sc_hs__o21ai_1        1  3.2    96    98    2486    (-,-) 
  u_tile_ctrl/WALLACE_CSA_DUMMY_OP_groupi_g7013/Y    -       B1->Y     F     sky130_fd_sc_hs__a21oi_1        3  8.8    67    68    2553    (-,-) 
  u_tile_ctrl/WALLACE_CSA_DUMMY_OP_groupi_g2/X       -       A2->X     F     sky130_fd_sc_hs__o21a_1         3  9.3    52   158    2712    (-,-) 
  u_tile_ctrl/WALLACE_CSA_DUMMY_OP_groupi_g7006/Y    -       A2->Y     R     sky130_fd_sc_hs__o21ai_1        1  8.1   162   150    2861    (-,-) 
  u_tile_ctrl/WALLACE_CSA_DUMMY_OP_groupi_g7005/COUT -       CIN->COUT R     sky130_fd_sc_hs__fa_1           1  8.1    68   169    3031    (-,-) 
  u_tile_ctrl/WALLACE_CSA_DUMMY_OP_groupi_g7004/COUT -       CIN->COUT R     sky130_fd_sc_hs__fa_1           1  8.1    66   147    3178    (-,-) 
  u_tile_ctrl/WALLACE_CSA_DUMMY_OP_groupi_g7003/COUT -       CIN->COUT R     sky130_fd_sc_hs__fa_1           1  8.1    66   146    3324    (-,-) 
  u_tile_ctrl/WALLACE_CSA_DUMMY_OP_groupi_g7002/COUT -       CIN->COUT R     sky130_fd_sc_hs__fa_1           3 11.1    83   161    3485    (-,-) 
  u_tile_ctrl/WALLACE_CSA_DUMMY_OP_groupi_g7001/Y    -       A->Y      F     sky130_fd_sc_hs__nand2_1        2  5.7    47    60    3545    (-,-) 
  u_tile_ctrl/WALLACE_CSA_DUMMY_OP_groupi_g6997/Y    -       C->Y      R     sky130_fd_sc_hs__nor3_1         1  3.2   124   102    3647    (-,-) 
  u_tile_ctrl/WALLACE_CSA_DUMMY_OP_groupi_g6993/Y    -       B->Y      F     sky130_fd_sc_hs__nor2_1         4 12.0    61    84    3730    (-,-) 
  u_tile_ctrl/WALLACE_CSA_DUMMY_OP_groupi_g6992/X    -       C->X      F     sky130_fd_sc_hs__or3_1          2  5.5    46   156    3886    (-,-) 
  u_tile_ctrl/WALLACE_CSA_DUMMY_OP_groupi_g6984/Y    -       A3->Y     R     sky130_fd_sc_hs__o311ai_1       2  8.1   284   239    4125    (-,-) 
  u_tile_ctrl/WALLACE_CSA_DUMMY_OP_groupi_g6983/Y    -       A->Y      F     sky130_fd_sc_hs__nand2_1        2  6.1    83    88    4213    (-,-) 
  u_tile_ctrl/WALLACE_CSA_DUMMY_OP_groupi_g6979/Y    -       A2->Y     R     sky130_fd_sc_hs__o221ai_1       1  8.1   219   198    4411    (-,-) 
  u_tile_ctrl/WALLACE_CSA_DUMMY_OP_groupi_g6977/COUT -       CIN->COUT R     sky130_fd_sc_hs__fa_1           1  8.1    69   179    4590    (-,-) 
  u_tile_ctrl/WALLACE_CSA_DUMMY_OP_groupi_g6976/COUT -       CIN->COUT R     sky130_fd_sc_hs__fa_1           2  7.9    65   146    4736    (-,-) 
  u_tile_ctrl/WALLACE_CSA_DUMMY_OP_groupi_g6975/Y    -       B->Y      F     sky130_fd_sc_hs__nand2b_1       2  6.1    47    60    4796    (-,-) 
  u_tile_ctrl/WALLACE_CSA_DUMMY_OP_groupi_g6972/Y    -       A2->Y     R     sky130_fd_sc_hs__o221ai_1       1  8.1   219   186    4982    (-,-) 
  u_tile_ctrl/WALLACE_CSA_DUMMY_OP_groupi_g6970/COUT -       CIN->COUT R     sky130_fd_sc_hs__fa_1           1  8.1    69   179    5161    (-,-) 
  u_tile_ctrl/WALLACE_CSA_DUMMY_OP_groupi_g6969/COUT -       CIN->COUT R     sky130_fd_sc_hs__fa_1           2  7.5    62   144    5304    (-,-) 
  u_tile_ctrl/WALLACE_CSA_DUMMY_OP_groupi_g6968/Y    -       B_N->Y    R     sky130_fd_sc_hs__nor2b_1        2  6.0   117   135    5440    (-,-) 
  u_tile_ctrl/WALLACE_CSA_DUMMY_OP_groupi_g6965/Y    -       B->Y      F     sky130_fd_sc_hs__nand2b_1       2  5.5    50    65    5504    (-,-) 
  u_tile_ctrl/WALLACE_CSA_DUMMY_OP_groupi_g6960/Y    -       A3->Y     R     sky130_fd_sc_hs__o311ai_1       2  7.9   280   237    5741    (-,-) 
  u_tile_ctrl/WALLACE_CSA_DUMMY_OP_groupi_g6959/Y    -       B->Y      F     sky130_fd_sc_hs__nand2b_1       2  6.0    75    81    5822    (-,-) 
  u_tile_ctrl/WALLACE_CSA_DUMMY_OP_groupi_g6955/Y    -       B->Y      R     sky130_fd_sc_hs__nor2_1         2  6.4   108   105    5927    (-,-) 
  u_tile_ctrl/WALLACE_CSA_DUMMY_OP_groupi_g6954/Y    -       A->Y      F     sky130_fd_sc_hs__clkinv_1       1  3.0    38    54    5981    (-,-) 
  u_tile_ctrl/WALLACE_CSA_DUMMY_OP_groupi_g6949/Y    -       A3->Y     R     sky130_fd_sc_hs__o311ai_1       2  8.0   282   237    6218    (-,-) 
  u_tile_ctrl/g10645/Y                               -       B->Y      F     sky130_fd_sc_hs__nand2_1        3  9.1    92   108    6327    (-,-) 
  u_tile_ctrl/g10382/Y                               -       A->Y      R     sky130_fd_sc_hs__nor2b_1        1  4.7   102   120    6446    (-,-) 
  u_tile_ctrl/g10375/COUT                            -       B->COUT   R     sky130_fd_sc_hs__ha_1           2  8.0    70   137    6583    (-,-) 
  u_tile_ctrl/g10381/Y                               -       A->Y      F     sky130_fd_sc_hs__nor2b_1        4 12.2    54    71    6654    (-,-) 
  u_tile_ctrl/WALLACE_CSA_DUMMY_OP_groupi_g6938/Y    -       A3->Y     R     sky130_fd_sc_hs__o311ai_1       1  8.1   284   241    6895    (-,-) 
  u_tile_ctrl/WALLACE_CSA_DUMMY_OP_groupi_g6935/COUT -       CIN->COUT R     sky130_fd_sc_hs__fa_1           1  8.1    71   187    7082    (-,-) 
  u_tile_ctrl/WALLACE_CSA_DUMMY_OP_groupi_g6934/COUT -       CIN->COUT R     sky130_fd_sc_hs__fa_1           4 12.1    88   167    7249    (-,-) 
  u_tile_ctrl/WALLACE_CSA_DUMMY_OP_groupi_g6933/Y    -       A->Y      F     sky130_fd_sc_hs__nand3_1        2  5.7    67    77    7326    (-,-) 
  u_tile_ctrl/WALLACE_CSA_DUMMY_OP_groupi_g6930/Y    -       A_N->Y    F     sky130_fd_sc_hs__nand3b_1       2  6.4    72   124    7449    (-,-) 
  u_tile_ctrl/WALLACE_CSA_DUMMY_OP_groupi_g6928/Y    -       A->Y      R     sky130_fd_sc_hs__nand2_1        4 12.0    93    96    7546    (-,-) 
  u_tile_ctrl/WALLACE_CSA_DUMMY_OP_groupi_g6921/Y    -       A1->Y     F     sky130_fd_sc_hs__a21oi_1        2  6.1    57    74    7620    (-,-) 
  u_tile_ctrl/WALLACE_CSA_DUMMY_OP_groupi_g6915/Y    -       A2_N->Y   F     sky130_fd_sc_hs__o2bb2ai_1      1  2.2    39   103    7724    (-,-) 
  u_tile_ctrl/dma_rd_addr_reg[53]/D                  -       -         F     sky130_fd_sc_hs__sdfxtp_1       1    -     -     4    7728    (-,-) 
#------------------------------------------------------------------------------------------------------------------------------------------------



Path 12: MET (2029 ps) Setup Check with Pin u_tile_ctrl/dma_rd_addr_reg[52]/CLK->D
          Group: clk
     Startpoint: (R) u_tile_ctrl/q_idx_reg[1]/CLK
          Clock: (R) clk
       Endpoint: (F) u_tile_ctrl/dma_rd_addr_reg[52]/D
          Clock: (R) clk

                     Capture       Launch     
        Clock Edge:+   10000            0     
       Src Latency:+       0            0     
       Net Latency:+       0 (I)        0 (I) 
           Arrival:=   10000            0     
                                              
             Setup:-     172                  
       Uncertainty:-     200                  
     Required Time:=    9628                  
      Launch Clock:-       0                  
         Data Path:-    7600                  
             Slack:=    2029                  

#------------------------------------------------------------------------------------------------------------------------------------------------
#                   Timing Point                     Flags     Arc     Edge            Cell             Fanout Load Trans Delay Arrival Instance 
#                                                                                                              (fF)  (ps)  (ps)   (ps)  Location 
#------------------------------------------------------------------------------------------------------------------------------------------------
  u_tile_ctrl/q_idx_reg[1]/CLK                       -       -         R     (arrival)                    1242    -   100     0       0    (-,-) 
  u_tile_ctrl/q_idx_reg[1]/Q                         -       CLK->Q    R     sky130_fd_sc_hs__dfrbp_1       17 51.4   401   488     488    (-,-) 
  u_tile_ctrl/drc_buf_sp10581/X                      -       A->X      R     sky130_fd_sc_hs__clkbuf_1      17 51.7   356   339     827    (-,-) 
  u_tile_ctrl/csa_tree_mul_121_78_g10328/Y           -       B->Y      F     sky130_fd_sc_hs__nand2_1        1 10.2   107   121     947    (-,-) 
  u_tile_ctrl/csa_tree_mul_121_78_g10120/SUM         -       B->SUM    R     sky130_fd_sc_hs__fa_1           1  8.1    73   348    1295    (-,-) 
  u_tile_ctrl/g10655/SUM                             -       CIN->SUM  F     sky130_fd_sc_hs__fa_1           2  8.0    62   268    1564    (-,-) 
  u_tile_ctrl/csa_tree_mul_121_78_g10038/SUM         -       B->SUM    F     sky130_fd_sc_hs__ha_1           2  6.1    42   151    1715    (-,-) 
  u_tile_ctrl/csa_tree_mul_121_78_g10003/Y           -       A2_N->Y   F     sky130_fd_sc_hs__o2bb2ai_1      2 11.0    85   139    1854    (-,-) 
  u_tile_ctrl/g8037__2346/X                          -       A1->X     F     sky130_fd_sc_hs__a22o_1         1  8.1    53   191    2045    (-,-) 
  u_tile_ctrl/g10654/SUM                             -       CIN->SUM  R     sky130_fd_sc_hs__fa_1           2  6.3    61   284    2330    (-,-) 
  u_tile_ctrl/WALLACE_CSA_DUMMY_OP_groupi_g7103/Y    -       B->Y      F     sky130_fd_sc_hs__nor2_1         3  9.4    43    57    2387    (-,-) 
  u_tile_ctrl/WALLACE_CSA_DUMMY_OP_groupi_g7041/Y    -       A2->Y     R     sky130_fd_sc_hs__o21ai_1        1  3.2    96    98    2486    (-,-) 
  u_tile_ctrl/WALLACE_CSA_DUMMY_OP_groupi_g7013/Y    -       B1->Y     F     sky130_fd_sc_hs__a21oi_1        3  8.8    67    68    2553    (-,-) 
  u_tile_ctrl/WALLACE_CSA_DUMMY_OP_groupi_g2/X       -       A2->X     F     sky130_fd_sc_hs__o21a_1         3  9.3    52   158    2712    (-,-) 
  u_tile_ctrl/WALLACE_CSA_DUMMY_OP_groupi_g7006/Y    -       A2->Y     R     sky130_fd_sc_hs__o21ai_1        1  8.1   162   150    2861    (-,-) 
  u_tile_ctrl/WALLACE_CSA_DUMMY_OP_groupi_g7005/COUT -       CIN->COUT R     sky130_fd_sc_hs__fa_1           1  8.1    68   169    3031    (-,-) 
  u_tile_ctrl/WALLACE_CSA_DUMMY_OP_groupi_g7004/COUT -       CIN->COUT R     sky130_fd_sc_hs__fa_1           1  8.1    66   147    3178    (-,-) 
  u_tile_ctrl/WALLACE_CSA_DUMMY_OP_groupi_g7003/COUT -       CIN->COUT R     sky130_fd_sc_hs__fa_1           1  8.1    66   146    3324    (-,-) 
  u_tile_ctrl/WALLACE_CSA_DUMMY_OP_groupi_g7002/COUT -       CIN->COUT R     sky130_fd_sc_hs__fa_1           3 11.1    83   161    3485    (-,-) 
  u_tile_ctrl/WALLACE_CSA_DUMMY_OP_groupi_g7001/Y    -       A->Y      F     sky130_fd_sc_hs__nand2_1        2  5.7    47    60    3545    (-,-) 
  u_tile_ctrl/WALLACE_CSA_DUMMY_OP_groupi_g6997/Y    -       C->Y      R     sky130_fd_sc_hs__nor3_1         1  3.2   124   102    3647    (-,-) 
  u_tile_ctrl/WALLACE_CSA_DUMMY_OP_groupi_g6993/Y    -       B->Y      F     sky130_fd_sc_hs__nor2_1         4 12.0    61    84    3730    (-,-) 
  u_tile_ctrl/WALLACE_CSA_DUMMY_OP_groupi_g6992/X    -       C->X      F     sky130_fd_sc_hs__or3_1          2  5.5    46   156    3886    (-,-) 
  u_tile_ctrl/WALLACE_CSA_DUMMY_OP_groupi_g6984/Y    -       A3->Y     R     sky130_fd_sc_hs__o311ai_1       2  8.1   284   239    4125    (-,-) 
  u_tile_ctrl/WALLACE_CSA_DUMMY_OP_groupi_g6983/Y    -       A->Y      F     sky130_fd_sc_hs__nand2_1        2  6.1    83    88    4213    (-,-) 
  u_tile_ctrl/WALLACE_CSA_DUMMY_OP_groupi_g6979/Y    -       A2->Y     R     sky130_fd_sc_hs__o221ai_1       1  8.1   219   198    4411    (-,-) 
  u_tile_ctrl/WALLACE_CSA_DUMMY_OP_groupi_g6977/COUT -       CIN->COUT R     sky130_fd_sc_hs__fa_1           1  8.1    69   179    4590    (-,-) 
  u_tile_ctrl/WALLACE_CSA_DUMMY_OP_groupi_g6976/COUT -       CIN->COUT R     sky130_fd_sc_hs__fa_1           2  7.9    65   146    4736    (-,-) 
  u_tile_ctrl/WALLACE_CSA_DUMMY_OP_groupi_g6975/Y    -       B->Y      F     sky130_fd_sc_hs__nand2b_1       2  6.1    47    60    4796    (-,-) 
  u_tile_ctrl/WALLACE_CSA_DUMMY_OP_groupi_g6972/Y    -       A2->Y     R     sky130_fd_sc_hs__o221ai_1       1  8.1   219   186    4982    (-,-) 
  u_tile_ctrl/WALLACE_CSA_DUMMY_OP_groupi_g6970/COUT -       CIN->COUT R     sky130_fd_sc_hs__fa_1           1  8.1    69   179    5161    (-,-) 
  u_tile_ctrl/WALLACE_CSA_DUMMY_OP_groupi_g6969/COUT -       CIN->COUT R     sky130_fd_sc_hs__fa_1           2  7.5    62   144    5304    (-,-) 
  u_tile_ctrl/WALLACE_CSA_DUMMY_OP_groupi_g6968/Y    -       B_N->Y    R     sky130_fd_sc_hs__nor2b_1        2  6.0   117   135    5440    (-,-) 
  u_tile_ctrl/WALLACE_CSA_DUMMY_OP_groupi_g6965/Y    -       B->Y      F     sky130_fd_sc_hs__nand2b_1       2  5.5    50    65    5504    (-,-) 
  u_tile_ctrl/WALLACE_CSA_DUMMY_OP_groupi_g6960/Y    -       A3->Y     R     sky130_fd_sc_hs__o311ai_1       2  7.9   280   237    5741    (-,-) 
  u_tile_ctrl/WALLACE_CSA_DUMMY_OP_groupi_g6959/Y    -       B->Y      F     sky130_fd_sc_hs__nand2b_1       2  6.0    75    81    5822    (-,-) 
  u_tile_ctrl/WALLACE_CSA_DUMMY_OP_groupi_g6955/Y    -       B->Y      R     sky130_fd_sc_hs__nor2_1         2  6.4   108   105    5927    (-,-) 
  u_tile_ctrl/WALLACE_CSA_DUMMY_OP_groupi_g6954/Y    -       A->Y      F     sky130_fd_sc_hs__clkinv_1       1  3.0    38    54    5981    (-,-) 
  u_tile_ctrl/WALLACE_CSA_DUMMY_OP_groupi_g6949/Y    -       A3->Y     R     sky130_fd_sc_hs__o311ai_1       2  8.0   282   237    6218    (-,-) 
  u_tile_ctrl/g10645/Y                               -       B->Y      F     sky130_fd_sc_hs__nand2_1        3  9.1    92   108    6327    (-,-) 
  u_tile_ctrl/g10382/Y                               -       A->Y      R     sky130_fd_sc_hs__nor2b_1        1  4.7   102   120    6446    (-,-) 
  u_tile_ctrl/g10375/COUT                            -       B->COUT   R     sky130_fd_sc_hs__ha_1           2  8.0    70   137    6583    (-,-) 
  u_tile_ctrl/g10381/Y                               -       A->Y      F     sky130_fd_sc_hs__nor2b_1        4 12.2    54    71    6654    (-,-) 
  u_tile_ctrl/WALLACE_CSA_DUMMY_OP_groupi_g6938/Y    -       A3->Y     R     sky130_fd_sc_hs__o311ai_1       1  8.1   284   241    6895    (-,-) 
  u_tile_ctrl/WALLACE_CSA_DUMMY_OP_groupi_g6935/COUT -       CIN->COUT R     sky130_fd_sc_hs__fa_1           1  8.1    71   187    7082    (-,-) 
  u_tile_ctrl/WALLACE_CSA_DUMMY_OP_groupi_g6934/COUT -       CIN->COUT R     sky130_fd_sc_hs__fa_1           4 12.1    88   167    7249    (-,-) 
  u_tile_ctrl/WALLACE_CSA_DUMMY_OP_groupi_g6933/Y    -       A->Y      F     sky130_fd_sc_hs__nand3_1        2  5.7    67    77    7326    (-,-) 
  u_tile_ctrl/WALLACE_CSA_DUMMY_OP_groupi_g6930/Y    -       A_N->Y    F     sky130_fd_sc_hs__nand3b_1       2  6.4    72   124    7449    (-,-) 
  u_tile_ctrl/WALLACE_CSA_DUMMY_OP_groupi_g6928/Y    -       A->Y      R     sky130_fd_sc_hs__nand2_1        4 12.0    93    96    7546    (-,-) 
  u_tile_ctrl/WALLACE_CSA_DUMMY_OP_groupi_g6923/Y    -       B2->Y     F     sky130_fd_sc_hs__o2bb2ai_1      1  2.2    35    50    7596    (-,-) 
  u_tile_ctrl/dma_rd_addr_reg[52]/D                  -       -         F     sky130_fd_sc_hs__sdfxtp_1       1    -     -     4    7600    (-,-) 
#------------------------------------------------------------------------------------------------------------------------------------------------



Path 13: MET (2042 ps) Setup Check with Pin u_tile_ctrl/dma_rd_addr_reg[51]/CLK->D
          Group: clk
     Startpoint: (R) u_tile_ctrl/q_idx_reg[1]/CLK
          Clock: (R) clk
       Endpoint: (F) u_tile_ctrl/dma_rd_addr_reg[51]/D
          Clock: (R) clk

                     Capture       Launch     
        Clock Edge:+   10000            0     
       Src Latency:+       0            0     
       Net Latency:+       0 (I)        0 (I) 
           Arrival:=   10000            0     
                                              
             Setup:-     173                  
       Uncertainty:-     200                  
     Required Time:=    9627                  
      Launch Clock:-       0                  
         Data Path:-    7586                  
             Slack:=    2042                  

#------------------------------------------------------------------------------------------------------------------------------------------------
#                   Timing Point                     Flags     Arc     Edge            Cell             Fanout Load Trans Delay Arrival Instance 
#                                                                                                              (fF)  (ps)  (ps)   (ps)  Location 
#------------------------------------------------------------------------------------------------------------------------------------------------
  u_tile_ctrl/q_idx_reg[1]/CLK                       -       -         R     (arrival)                    1242    -   100     0       0    (-,-) 
  u_tile_ctrl/q_idx_reg[1]/Q                         -       CLK->Q    R     sky130_fd_sc_hs__dfrbp_1       17 51.4   401   488     488    (-,-) 
  u_tile_ctrl/drc_buf_sp10581/X                      -       A->X      R     sky130_fd_sc_hs__clkbuf_1      17 51.7   356   339     827    (-,-) 
  u_tile_ctrl/csa_tree_mul_121_78_g10328/Y           -       B->Y      F     sky130_fd_sc_hs__nand2_1        1 10.2   107   121     947    (-,-) 
  u_tile_ctrl/csa_tree_mul_121_78_g10120/SUM         -       B->SUM    R     sky130_fd_sc_hs__fa_1           1  8.1    73   348    1295    (-,-) 
  u_tile_ctrl/g10655/SUM                             -       CIN->SUM  F     sky130_fd_sc_hs__fa_1           2  8.0    62   268    1564    (-,-) 
  u_tile_ctrl/csa_tree_mul_121_78_g10038/SUM         -       B->SUM    F     sky130_fd_sc_hs__ha_1           2  6.1    42   151    1715    (-,-) 
  u_tile_ctrl/csa_tree_mul_121_78_g10003/Y           -       A2_N->Y   F     sky130_fd_sc_hs__o2bb2ai_1      2 11.0    85   139    1854    (-,-) 
  u_tile_ctrl/g8037__2346/X                          -       A1->X     F     sky130_fd_sc_hs__a22o_1         1  8.1    53   191    2045    (-,-) 
  u_tile_ctrl/g10654/SUM                             -       CIN->SUM  R     sky130_fd_sc_hs__fa_1           2  6.3    61   284    2330    (-,-) 
  u_tile_ctrl/WALLACE_CSA_DUMMY_OP_groupi_g7103/Y    -       B->Y      F     sky130_fd_sc_hs__nor2_1         3  9.4    43    57    2387    (-,-) 
  u_tile_ctrl/WALLACE_CSA_DUMMY_OP_groupi_g7041/Y    -       A2->Y     R     sky130_fd_sc_hs__o21ai_1        1  3.2    96    98    2486    (-,-) 
  u_tile_ctrl/WALLACE_CSA_DUMMY_OP_groupi_g7013/Y    -       B1->Y     F     sky130_fd_sc_hs__a21oi_1        3  8.8    67    68    2553    (-,-) 
  u_tile_ctrl/WALLACE_CSA_DUMMY_OP_groupi_g2/X       -       A2->X     F     sky130_fd_sc_hs__o21a_1         3  9.3    52   158    2712    (-,-) 
  u_tile_ctrl/WALLACE_CSA_DUMMY_OP_groupi_g7006/Y    -       A2->Y     R     sky130_fd_sc_hs__o21ai_1        1  8.1   162   150    2861    (-,-) 
  u_tile_ctrl/WALLACE_CSA_DUMMY_OP_groupi_g7005/COUT -       CIN->COUT R     sky130_fd_sc_hs__fa_1           1  8.1    68   169    3031    (-,-) 
  u_tile_ctrl/WALLACE_CSA_DUMMY_OP_groupi_g7004/COUT -       CIN->COUT R     sky130_fd_sc_hs__fa_1           1  8.1    66   147    3178    (-,-) 
  u_tile_ctrl/WALLACE_CSA_DUMMY_OP_groupi_g7003/COUT -       CIN->COUT R     sky130_fd_sc_hs__fa_1           1  8.1    66   146    3324    (-,-) 
  u_tile_ctrl/WALLACE_CSA_DUMMY_OP_groupi_g7002/COUT -       CIN->COUT R     sky130_fd_sc_hs__fa_1           3 11.1    83   161    3485    (-,-) 
  u_tile_ctrl/WALLACE_CSA_DUMMY_OP_groupi_g7001/Y    -       A->Y      F     sky130_fd_sc_hs__nand2_1        2  5.7    47    60    3545    (-,-) 
  u_tile_ctrl/WALLACE_CSA_DUMMY_OP_groupi_g6997/Y    -       C->Y      R     sky130_fd_sc_hs__nor3_1         1  3.2   124   102    3647    (-,-) 
  u_tile_ctrl/WALLACE_CSA_DUMMY_OP_groupi_g6993/Y    -       B->Y      F     sky130_fd_sc_hs__nor2_1         4 12.0    61    84    3730    (-,-) 
  u_tile_ctrl/WALLACE_CSA_DUMMY_OP_groupi_g6992/X    -       C->X      F     sky130_fd_sc_hs__or3_1          2  5.5    46   156    3886    (-,-) 
  u_tile_ctrl/WALLACE_CSA_DUMMY_OP_groupi_g6984/Y    -       A3->Y     R     sky130_fd_sc_hs__o311ai_1       2  8.1   284   239    4125    (-,-) 
  u_tile_ctrl/WALLACE_CSA_DUMMY_OP_groupi_g6983/Y    -       A->Y      F     sky130_fd_sc_hs__nand2_1        2  6.1    83    88    4213    (-,-) 
  u_tile_ctrl/WALLACE_CSA_DUMMY_OP_groupi_g6979/Y    -       A2->Y     R     sky130_fd_sc_hs__o221ai_1       1  8.1   219   198    4411    (-,-) 
  u_tile_ctrl/WALLACE_CSA_DUMMY_OP_groupi_g6977/COUT -       CIN->COUT R     sky130_fd_sc_hs__fa_1           1  8.1    69   179    4590    (-,-) 
  u_tile_ctrl/WALLACE_CSA_DUMMY_OP_groupi_g6976/COUT -       CIN->COUT R     sky130_fd_sc_hs__fa_1           2  7.9    65   146    4736    (-,-) 
  u_tile_ctrl/WALLACE_CSA_DUMMY_OP_groupi_g6975/Y    -       B->Y      F     sky130_fd_sc_hs__nand2b_1       2  6.1    47    60    4796    (-,-) 
  u_tile_ctrl/WALLACE_CSA_DUMMY_OP_groupi_g6972/Y    -       A2->Y     R     sky130_fd_sc_hs__o221ai_1       1  8.1   219   186    4982    (-,-) 
  u_tile_ctrl/WALLACE_CSA_DUMMY_OP_groupi_g6970/COUT -       CIN->COUT R     sky130_fd_sc_hs__fa_1           1  8.1    69   179    5161    (-,-) 
  u_tile_ctrl/WALLACE_CSA_DUMMY_OP_groupi_g6969/COUT -       CIN->COUT R     sky130_fd_sc_hs__fa_1           2  7.5    62   144    5304    (-,-) 
  u_tile_ctrl/WALLACE_CSA_DUMMY_OP_groupi_g6968/Y    -       B_N->Y    R     sky130_fd_sc_hs__nor2b_1        2  6.0   117   135    5440    (-,-) 
  u_tile_ctrl/WALLACE_CSA_DUMMY_OP_groupi_g6965/Y    -       B->Y      F     sky130_fd_sc_hs__nand2b_1       2  5.5    50    65    5504    (-,-) 
  u_tile_ctrl/WALLACE_CSA_DUMMY_OP_groupi_g6960/Y    -       A3->Y     R     sky130_fd_sc_hs__o311ai_1       2  7.9   280   237    5741    (-,-) 
  u_tile_ctrl/WALLACE_CSA_DUMMY_OP_groupi_g6959/Y    -       B->Y      F     sky130_fd_sc_hs__nand2b_1       2  6.0    75    81    5822    (-,-) 
  u_tile_ctrl/WALLACE_CSA_DUMMY_OP_groupi_g6955/Y    -       B->Y      R     sky130_fd_sc_hs__nor2_1         2  6.4   108   105    5927    (-,-) 
  u_tile_ctrl/WALLACE_CSA_DUMMY_OP_groupi_g6954/Y    -       A->Y      F     sky130_fd_sc_hs__clkinv_1       1  3.0    38    54    5981    (-,-) 
  u_tile_ctrl/WALLACE_CSA_DUMMY_OP_groupi_g6949/Y    -       A3->Y     R     sky130_fd_sc_hs__o311ai_1       2  8.0   282   237    6218    (-,-) 
  u_tile_ctrl/g10645/Y                               -       B->Y      F     sky130_fd_sc_hs__nand2_1        3  9.1    92   108    6327    (-,-) 
  u_tile_ctrl/g10382/Y                               -       A->Y      R     sky130_fd_sc_hs__nor2b_1        1  4.7   102   120    6446    (-,-) 
  u_tile_ctrl/g10375/COUT                            -       B->COUT   R     sky130_fd_sc_hs__ha_1           2  8.0    70   137    6583    (-,-) 
  u_tile_ctrl/g10381/Y                               -       A->Y      F     sky130_fd_sc_hs__nor2b_1        4 12.2    54    71    6654    (-,-) 
  u_tile_ctrl/WALLACE_CSA_DUMMY_OP_groupi_g6938/Y    -       A3->Y     R     sky130_fd_sc_hs__o311ai_1       1  8.1   284   241    6895    (-,-) 
  u_tile_ctrl/WALLACE_CSA_DUMMY_OP_groupi_g6935/COUT -       CIN->COUT R     sky130_fd_sc_hs__fa_1           1  8.1    71   187    7082    (-,-) 
  u_tile_ctrl/WALLACE_CSA_DUMMY_OP_groupi_g6934/COUT -       CIN->COUT R     sky130_fd_sc_hs__fa_1           4 12.1    88   167    7249    (-,-) 
  u_tile_ctrl/WALLACE_CSA_DUMMY_OP_groupi_g6933/Y    -       A->Y      F     sky130_fd_sc_hs__nand3_1        2  5.7    67    77    7326    (-,-) 
  u_tile_ctrl/WALLACE_CSA_DUMMY_OP_groupi_g6929/Y    -       A->Y      R     sky130_fd_sc_hs__nand2_1        3  9.1    75    82    7408    (-,-) 
  u_tile_ctrl/WALLACE_CSA_DUMMY_OP_groupi_g6924/Y    -       A1->Y     F     sky130_fd_sc_hs__a21oi_1        2  6.1    58    70    7478    (-,-) 
  u_tile_ctrl/WALLACE_CSA_DUMMY_OP_groupi_g6919/Y    -       A2_N->Y   F     sky130_fd_sc_hs__o2bb2ai_1      1  2.2    39   104    7582    (-,-) 
  u_tile_ctrl/dma_rd_addr_reg[51]/D                  -       -         F     sky130_fd_sc_hs__sdfxtp_1       1    -     -     4    7586    (-,-) 
#------------------------------------------------------------------------------------------------------------------------------------------------



Path 14: MET (2158 ps) Setup Check with Pin u_tile_ctrl/dma_rd_addr_reg[50]/CLK->D
          Group: clk
     Startpoint: (R) u_tile_ctrl/q_idx_reg[1]/CLK
          Clock: (R) clk
       Endpoint: (F) u_tile_ctrl/dma_rd_addr_reg[50]/D
          Clock: (R) clk

                     Capture       Launch     
        Clock Edge:+   10000            0     
       Src Latency:+       0            0     
       Net Latency:+       0 (I)        0 (I) 
           Arrival:=   10000            0     
                                              
             Setup:-     172                  
       Uncertainty:-     200                  
     Required Time:=    9628                  
      Launch Clock:-       0                  
         Data Path:-    7470                  
             Slack:=    2158                  

#------------------------------------------------------------------------------------------------------------------------------------------------
#                   Timing Point                     Flags     Arc     Edge            Cell             Fanout Load Trans Delay Arrival Instance 
#                                                                                                              (fF)  (ps)  (ps)   (ps)  Location 
#------------------------------------------------------------------------------------------------------------------------------------------------
  u_tile_ctrl/q_idx_reg[1]/CLK                       -       -         R     (arrival)                    1242    -   100     0       0    (-,-) 
  u_tile_ctrl/q_idx_reg[1]/Q                         -       CLK->Q    R     sky130_fd_sc_hs__dfrbp_1       17 51.4   401   488     488    (-,-) 
  u_tile_ctrl/drc_buf_sp10581/X                      -       A->X      R     sky130_fd_sc_hs__clkbuf_1      17 51.7   356   339     827    (-,-) 
  u_tile_ctrl/csa_tree_mul_121_78_g10328/Y           -       B->Y      F     sky130_fd_sc_hs__nand2_1        1 10.2   107   121     947    (-,-) 
  u_tile_ctrl/csa_tree_mul_121_78_g10120/SUM         -       B->SUM    R     sky130_fd_sc_hs__fa_1           1  8.1    73   348    1295    (-,-) 
  u_tile_ctrl/g10655/SUM                             -       CIN->SUM  F     sky130_fd_sc_hs__fa_1           2  8.0    62   268    1564    (-,-) 
  u_tile_ctrl/csa_tree_mul_121_78_g10038/SUM         -       B->SUM    R     sky130_fd_sc_hs__ha_1           2  6.1    62   196    1760    (-,-) 
  u_tile_ctrl/csa_tree_mul_121_78_g10003/Y           -       A2_N->Y   R     sky130_fd_sc_hs__o2bb2ai_1      2 11.0   196   135    1895    (-,-) 
  u_tile_ctrl/g8037__2346/X                          -       A1->X     R     sky130_fd_sc_hs__a22o_1         1  8.1    74   169    2064    (-,-) 
  u_tile_ctrl/g10654/SUM                             -       CIN->SUM  F     sky130_fd_sc_hs__fa_1           2  6.3    54   259    2323    (-,-) 
  u_tile_ctrl/WALLACE_CSA_DUMMY_OP_groupi_g7103/Y    -       B->Y      R     sky130_fd_sc_hs__nor2_1         3  9.4   141   125    2449    (-,-) 
  u_tile_ctrl/WALLACE_CSA_DUMMY_OP_groupi_g7041/Y    -       A2->Y     F     sky130_fd_sc_hs__o21ai_1        1  3.2    43    61    2510    (-,-) 
  u_tile_ctrl/WALLACE_CSA_DUMMY_OP_groupi_g7013/Y    -       B1->Y     R     sky130_fd_sc_hs__a21oi_1        3  8.8   171   147    2657    (-,-) 
  u_tile_ctrl/WALLACE_CSA_DUMMY_OP_groupi_g2/X       -       A2->X     R     sky130_fd_sc_hs__o21a_1         3  9.3    83   140    2797    (-,-) 
  u_tile_ctrl/WALLACE_CSA_DUMMY_OP_groupi_g7006/Y    -       A2->Y     F     sky130_fd_sc_hs__o21ai_1        1  8.1    73    78    2875    (-,-) 
  u_tile_ctrl/WALLACE_CSA_DUMMY_OP_groupi_g7005/COUT -       CIN->COUT F     sky130_fd_sc_hs__fa_1           1  8.1    68   228    3103    (-,-) 
  u_tile_ctrl/WALLACE_CSA_DUMMY_OP_groupi_g7004/COUT -       CIN->COUT F     sky130_fd_sc_hs__fa_1           1  8.1    68   226    3329    (-,-) 
  u_tile_ctrl/WALLACE_CSA_DUMMY_OP_groupi_g7003/COUT -       CIN->COUT F     sky130_fd_sc_hs__fa_1           1  8.1    68   226    3556    (-,-) 
  u_tile_ctrl/WALLACE_CSA_DUMMY_OP_groupi_g7002/COUT -       CIN->COUT F     sky130_fd_sc_hs__fa_1           3 11.1    82   242    3797    (-,-) 
  u_tile_ctrl/WALLACE_CSA_DUMMY_OP_groupi_g7001/Y    -       A->Y      R     sky130_fd_sc_hs__nand2_1        2  5.7    54    69    3867    (-,-) 
  u_tile_ctrl/WALLACE_CSA_DUMMY_OP_groupi_g6997/Y    -       C->Y      F     sky130_fd_sc_hs__nor3_1         1  3.2    52    38    3905    (-,-) 
  u_tile_ctrl/WALLACE_CSA_DUMMY_OP_groupi_g6993/Y    -       B->Y      R     sky130_fd_sc_hs__nor2_1         4 12.0   173   149    4054    (-,-) 
  u_tile_ctrl/WALLACE_CSA_DUMMY_OP_groupi_g6992/X    -       C->X      R     sky130_fd_sc_hs__or3_1          2  5.5    52   114    4168    (-,-) 
  u_tile_ctrl/WALLACE_CSA_DUMMY_OP_groupi_g6984/Y    -       A3->Y     F     sky130_fd_sc_hs__o311ai_1       2  8.1   106    92    4260    (-,-) 
  u_tile_ctrl/WALLACE_CSA_DUMMY_OP_groupi_g6983/Y    -       A->Y      R     sky130_fd_sc_hs__nand2_1        2  6.1    60    79    4340    (-,-) 
  u_tile_ctrl/WALLACE_CSA_DUMMY_OP_groupi_g6979/Y    -       A2->Y     F     sky130_fd_sc_hs__o221ai_1       1  8.1   118   123    4463    (-,-) 
  u_tile_ctrl/WALLACE_CSA_DUMMY_OP_groupi_g6977/COUT -       CIN->COUT F     sky130_fd_sc_hs__fa_1           1  8.1    68   243    4706    (-,-) 
  u_tile_ctrl/WALLACE_CSA_DUMMY_OP_groupi_g6976/COUT -       CIN->COUT F     sky130_fd_sc_hs__fa_1           2  7.9    67   225    4931    (-,-) 
  u_tile_ctrl/WALLACE_CSA_DUMMY_OP_groupi_g6975/Y    -       B->Y      R     sky130_fd_sc_hs__nand2b_1       2  6.1    74    86    5017    (-,-) 
  u_tile_ctrl/WALLACE_CSA_DUMMY_OP_groupi_g6972/Y    -       A2->Y     F     sky130_fd_sc_hs__o221ai_1       1  8.1   118   125    5142    (-,-) 
  u_tile_ctrl/WALLACE_CSA_DUMMY_OP_groupi_g6970/COUT -       CIN->COUT F     sky130_fd_sc_hs__fa_1           1  8.1    68   243    5385    (-,-) 
  u_tile_ctrl/WALLACE_CSA_DUMMY_OP_groupi_g6969/COUT -       CIN->COUT F     sky130_fd_sc_hs__fa_1           2  7.5    64   223    5608    (-,-) 
  u_tile_ctrl/WALLACE_CSA_DUMMY_OP_groupi_g6968/Y    -       B_N->Y    F     sky130_fd_sc_hs__nor2b_1        2  6.0    43    98    5706    (-,-) 
  u_tile_ctrl/WALLACE_CSA_DUMMY_OP_groupi_g6965/Y    -       B->Y      R     sky130_fd_sc_hs__nand2b_1       2  5.5    67    73    5780    (-,-) 
  u_tile_ctrl/WALLACE_CSA_DUMMY_OP_groupi_g6960/Y    -       A3->Y     F     sky130_fd_sc_hs__o311ai_1       2  7.9   105    94    5874    (-,-) 
  u_tile_ctrl/WALLACE_CSA_DUMMY_OP_groupi_g6959/Y    -       B->Y      R     sky130_fd_sc_hs__nand2b_1       2  6.0    77    99    5973    (-,-) 
  u_tile_ctrl/WALLACE_CSA_DUMMY_OP_groupi_g6955/Y    -       B->Y      F     sky130_fd_sc_hs__nor2_1         2  6.4    51    50    6023    (-,-) 
  u_tile_ctrl/WALLACE_CSA_DUMMY_OP_groupi_g6954/Y    -       A->Y      R     sky130_fd_sc_hs__clkinv_1       1  3.0    29    35    6058    (-,-) 
  u_tile_ctrl/WALLACE_CSA_DUMMY_OP_groupi_g6949/Y    -       A3->Y     F     sky130_fd_sc_hs__o311ai_1       2  8.0   102    88    6147    (-,-) 
  u_tile_ctrl/g10645/Y                               -       B->Y      R     sky130_fd_sc_hs__nand2_1        3  9.1    80   101    6247    (-,-) 
  u_tile_ctrl/g10382/Y                               -       A->Y      F     sky130_fd_sc_hs__nor2b_1        1  4.7    35    49    6297    (-,-) 
  u_tile_ctrl/g10375/COUT                            -       B->COUT   F     sky130_fd_sc_hs__ha_1           2  8.0    46   127    6423    (-,-) 
  u_tile_ctrl/g10381/Y                               -       A->Y      R     sky130_fd_sc_hs__nor2b_1        4 12.2   204   182    6605    (-,-) 
  u_tile_ctrl/WALLACE_CSA_DUMMY_OP_groupi_g6938/Y    -       A3->Y     F     sky130_fd_sc_hs__o311ai_1       1  8.1   105   115    6720    (-,-) 
  u_tile_ctrl/WALLACE_CSA_DUMMY_OP_groupi_g6935/COUT -       CIN->COUT F     sky130_fd_sc_hs__fa_1           1  8.1    68   239    6959    (-,-) 
  u_tile_ctrl/WALLACE_CSA_DUMMY_OP_groupi_g6934/COUT -       CIN->COUT F     sky130_fd_sc_hs__fa_1           4 12.1    85   246    7205    (-,-) 
  u_tile_ctrl/WALLACE_CSA_DUMMY_OP_groupi_g6933/Y    -       A->Y      R     sky130_fd_sc_hs__nand3_1        2  5.7    71    79    7284    (-,-) 
  u_tile_ctrl/WALLACE_CSA_DUMMY_OP_groupi_g6929/Y    -       A->Y      F     sky130_fd_sc_hs__nand2_1        3  9.1    68    74    7358    (-,-) 
  u_tile_ctrl/WALLACE_CSA_DUMMY_OP_groupi_g6926/Y    -       A2_N->Y   F     sky130_fd_sc_hs__o2bb2ai_1      1  2.2    35   108    7466    (-,-) 
  u_tile_ctrl/dma_rd_addr_reg[50]/D                  -       -         F     sky130_fd_sc_hs__sdfxtp_1       1    -     -     4    7470    (-,-) 
#------------------------------------------------------------------------------------------------------------------------------------------------



Path 15: MET (2159 ps) Setup Check with Pin u_tile_ctrl/dma_wr_addr_reg[53]/CLK->SCD
          Group: clk
     Startpoint: (R) u_tile_ctrl/q_idx_reg[1]/CLK
          Clock: (R) clk
       Endpoint: (F) u_tile_ctrl/dma_wr_addr_reg[53]/SCD
          Clock: (R) clk

                     Capture       Launch     
        Clock Edge:+   10000            0     
       Src Latency:+       0            0     
       Net Latency:+       0 (I)        0 (I) 
           Arrival:=   10000            0     
                                              
             Setup:-     225                  
       Uncertainty:-     200                  
     Required Time:=    9575                  
      Launch Clock:-       0                  
         Data Path:-    7416                  
             Slack:=    2159                  

#--------------------------------------------------------------------------------------------------------------------------------------------------------
#                       Timing Point                         Flags     Arc     Edge            Cell             Fanout Load Trans Delay Arrival Instance 
#                                                                                                                      (fF)  (ps)  (ps)   (ps)  Location 
#--------------------------------------------------------------------------------------------------------------------------------------------------------
  u_tile_ctrl/q_idx_reg[1]/CLK                               -       -         R     (arrival)                    1242    -   100     0       0    (-,-) 
  u_tile_ctrl/q_idx_reg[1]/Q                                 -       CLK->Q    R     sky130_fd_sc_hs__dfrbp_1       17 51.4   401   488     488    (-,-) 
  u_tile_ctrl/drc_buf_sp10581/X                              -       A->X      R     sky130_fd_sc_hs__clkbuf_1      17 51.7   356   339     827    (-,-) 
  u_tile_ctrl/csa_tree_mul_121_78_g10287/Y                   -       A->Y      F     sky130_fd_sc_hs__nand2_1        2  8.6   112   116     943    (-,-) 
  u_tile_ctrl/csa_tree_mul_121_78_g10159/Y                   -       A->Y      R     sky130_fd_sc_hs__xnor2_1        3  9.1   179   195    1138    (-,-) 
  u_tile_ctrl/csa_tree_mul_121_78_g10151/Y                   -       A2_N->Y   R     sky130_fd_sc_hs__o2bb2ai_1      2 11.0   196   153    1291    (-,-) 
  u_tile_ctrl/WALLACE_CSA_DUMMY_OP16_groupi_g5686__6783/SUM  -       CIN->SUM  F     sky130_fd_sc_hs__fa_1           1 10.5    71   296    1588    (-,-) 
  u_tile_ctrl/WALLACE_CSA_DUMMY_OP16_groupi_g5605__5122/COUT -       A->COUT   F     sky130_fd_sc_hs__fa_1           1  8.1    68   269    1856    (-,-) 
  u_tile_ctrl/WALLACE_CSA_DUMMY_OP16_groupi_g5604__1705/COUT -       CIN->COUT F     sky130_fd_sc_hs__fa_1           1  8.1    68   226    2083    (-,-) 
  u_tile_ctrl/WALLACE_CSA_DUMMY_OP16_groupi_g5603__2802/COUT -       CIN->COUT F     sky130_fd_sc_hs__fa_1           1  8.1    68   226    2309    (-,-) 
  u_tile_ctrl/WALLACE_CSA_DUMMY_OP16_groupi_g5602__1617/COUT -       CIN->COUT F     sky130_fd_sc_hs__fa_1           1  8.1    68   226    2536    (-,-) 
  u_tile_ctrl/WALLACE_CSA_DUMMY_OP16_groupi_g5601__3680/COUT -       CIN->COUT F     sky130_fd_sc_hs__fa_1           2  7.9    67   225    2761    (-,-) 
  u_tile_ctrl/WALLACE_CSA_DUMMY_OP16_groupi_g5600__6783/Y    -       B->Y      R     sky130_fd_sc_hs__nand2b_1       2  6.4    76    87    2848    (-,-) 
  u_tile_ctrl/WALLACE_CSA_DUMMY_OP16_groupi_g5597__4319/Y    -       A2->Y     F     sky130_fd_sc_hs__o221ai_1       1  8.1   118   126    2974    (-,-) 
  u_tile_ctrl/WALLACE_CSA_DUMMY_OP16_groupi_g5595__5107/COUT -       CIN->COUT F     sky130_fd_sc_hs__fa_1           1  8.1    68   243    3217    (-,-) 
  u_tile_ctrl/WALLACE_CSA_DUMMY_OP16_groupi_g5594__2398/COUT -       CIN->COUT F     sky130_fd_sc_hs__fa_1           1  8.1    68   226    3444    (-,-) 
  u_tile_ctrl/WALLACE_CSA_DUMMY_OP16_groupi_g5593__5477/COUT -       CIN->COUT F     sky130_fd_sc_hs__fa_1           1  8.1    68   226    3670    (-,-) 
  u_tile_ctrl/WALLACE_CSA_DUMMY_OP16_groupi_g5592__6417/COUT -       CIN->COUT F     sky130_fd_sc_hs__fa_1           1  8.1    68   226    3896    (-,-) 
  u_tile_ctrl/WALLACE_CSA_DUMMY_OP16_groupi_g5591__7410/COUT -       CIN->COUT F     sky130_fd_sc_hs__fa_1           1  8.1    68   226    4123    (-,-) 
  u_tile_ctrl/WALLACE_CSA_DUMMY_OP16_groupi_g5590__1666/COUT -       CIN->COUT F     sky130_fd_sc_hs__fa_1           2  7.5    64   223    4346    (-,-) 
  u_tile_ctrl/WALLACE_CSA_DUMMY_OP16_groupi_g5589__2346/Y    -       B_N->Y    F     sky130_fd_sc_hs__nor2b_1        2  6.0    43    98    4444    (-,-) 
  u_tile_ctrl/WALLACE_CSA_DUMMY_OP16_groupi_g5586__9315/Y    -       B->Y      R     sky130_fd_sc_hs__nand2b_1       2  5.7    69    74    4518    (-,-) 
  u_tile_ctrl/WALLACE_CSA_DUMMY_OP16_groupi_g5583__7482/Y    -       C->Y      F     sky130_fd_sc_hs__nor3_1         1  3.1    52    40    4558    (-,-) 
  u_tile_ctrl/WALLACE_CSA_DUMMY_OP16_groupi_g5580__6131/Y    -       B->Y      R     sky130_fd_sc_hs__nor3b_1        3 10.9   284   249    4808    (-,-) 
  u_tile_ctrl/WALLACE_CSA_DUMMY_OP16_groupi_g5579__7098/X    -       C->X      R     sky130_fd_sc_hs__or3_1          2  5.5    54   124    4932    (-,-) 
  u_tile_ctrl/WALLACE_CSA_DUMMY_OP16_groupi_g5571__5526/Y    -       A3->Y     F     sky130_fd_sc_hs__o311ai_1       2  7.9   105    92    5023    (-,-) 
  u_tile_ctrl/WALLACE_CSA_DUMMY_OP16_groupi_g5570__8428/Y    -       B->Y      R     sky130_fd_sc_hs__nand2b_1       2  6.1    78   100    5123    (-,-) 
  u_tile_ctrl/WALLACE_CSA_DUMMY_OP16_groupi_g5566__2398/Y    -       A2->Y     F     sky130_fd_sc_hs__o221ai_1       1  8.1   118   126    5249    (-,-) 
  u_tile_ctrl/WALLACE_CSA_DUMMY_OP16_groupi_g5564__6417/COUT -       CIN->COUT F     sky130_fd_sc_hs__fa_1           1  8.1    68   243    5492    (-,-) 
  u_tile_ctrl/WALLACE_CSA_DUMMY_OP16_groupi_g5563__7410/COUT -       CIN->COUT F     sky130_fd_sc_hs__fa_1           2  7.9    67   225    5718    (-,-) 
  u_tile_ctrl/WALLACE_CSA_DUMMY_OP16_groupi_g5562__1666/Y    -       B->Y      R     sky130_fd_sc_hs__nand2b_1       2  6.1    74    86    5803    (-,-) 
  u_tile_ctrl/WALLACE_CSA_DUMMY_OP16_groupi_g5559__9945/Y    -       A2->Y     F     sky130_fd_sc_hs__o221ai_1       1  8.1   118   125    5928    (-,-) 
  u_tile_ctrl/WALLACE_CSA_DUMMY_OP16_groupi_g5557__6161/COUT -       CIN->COUT F     sky130_fd_sc_hs__fa_1           1  8.1    68   243    6172    (-,-) 
  u_tile_ctrl/WALLACE_CSA_DUMMY_OP16_groupi_g5556__4733/COUT -       CIN->COUT F     sky130_fd_sc_hs__fa_1           2  7.9    67   225    6397    (-,-) 
  u_tile_ctrl/WALLACE_CSA_DUMMY_OP16_groupi_g5555__7482/Y    -       B->Y      R     sky130_fd_sc_hs__nand2b_1       2  6.0    73    85    6482    (-,-) 
  u_tile_ctrl/WALLACE_CSA_DUMMY_OP16_groupi_g5552__6131/Y    -       B->Y      F     sky130_fd_sc_hs__nor2_1         2  5.8    49    47    6529    (-,-) 
  u_tile_ctrl/WALLACE_CSA_DUMMY_OP16_groupi_g5551__7098/Y    -       C_N->Y    F     sky130_fd_sc_hs__nor3b_1        2  6.3    59    94    6622    (-,-) 
  u_tile_ctrl/WALLACE_CSA_DUMMY_OP16_groupi_g5546__1617/X    -       B1->X     F     sky130_fd_sc_hs__a222o_1        3 10.0    78   299    6921    (-,-) 
  u_tile_ctrl/WALLACE_CSA_DUMMY_OP16_groupi_g5542__8428/X    -       A->X      F     sky130_fd_sc_hs__and4_1         4 12.4    57   137    7058    (-,-) 
  u_tile_ctrl/WALLACE_CSA_DUMMY_OP16_groupi_g5515__5526/COUT -       B->COUT   F     sky130_fd_sc_hs__ha_1           1  4.7    34   118    7176    (-,-) 
  u_tile_ctrl/WALLACE_CSA_DUMMY_OP16_groupi_g5504__2883/COUT -       B->COUT   F     sky130_fd_sc_hs__ha_1           2  5.9    38   117    7293    (-,-) 
  u_tile_ctrl/WALLACE_CSA_DUMMY_OP16_groupi_g5500__4733/Y    -       A->Y      R     sky130_fd_sc_hs__nand2_1        3  8.8    73    70    7363    (-,-) 
  u_tile_ctrl/WALLACE_CSA_DUMMY_OP16_groupi_g5497__1881/Y    -       B2->Y     F     sky130_fd_sc_hs__o2bb2ai_1      1  2.4    38    49    7412    (-,-) 
  u_tile_ctrl/dma_wr_addr_reg[53]/SCD                        -       -         F     sky130_fd_sc_hs__sdfxtp_1       1    -     -     4    7416    (-,-) 
#--------------------------------------------------------------------------------------------------------------------------------------------------------



Path 16: MET (2165 ps) Setup Check with Pin u_tile_ctrl/dma_wr_addr_reg[52]/CLK->SCD
          Group: clk
     Startpoint: (R) u_tile_ctrl/q_idx_reg[1]/CLK
          Clock: (R) clk
       Endpoint: (F) u_tile_ctrl/dma_wr_addr_reg[52]/SCD
          Clock: (R) clk

                     Capture       Launch     
        Clock Edge:+   10000            0     
       Src Latency:+       0            0     
       Net Latency:+       0 (I)        0 (I) 
           Arrival:=   10000            0     
                                              
             Setup:-     221                  
       Uncertainty:-     200                  
     Required Time:=    9579                  
      Launch Clock:-       0                  
         Data Path:-    7414                  
             Slack:=    2165                  

#--------------------------------------------------------------------------------------------------------------------------------------------------------
#                       Timing Point                         Flags     Arc     Edge            Cell             Fanout Load Trans Delay Arrival Instance 
#                                                                                                                      (fF)  (ps)  (ps)   (ps)  Location 
#--------------------------------------------------------------------------------------------------------------------------------------------------------
  u_tile_ctrl/q_idx_reg[1]/CLK                               -       -         R     (arrival)                    1242    -   100     0       0    (-,-) 
  u_tile_ctrl/q_idx_reg[1]/Q                                 -       CLK->Q    R     sky130_fd_sc_hs__dfrbp_1       17 51.4   401   488     488    (-,-) 
  u_tile_ctrl/drc_buf_sp10581/X                              -       A->X      R     sky130_fd_sc_hs__clkbuf_1      17 51.7   356   339     827    (-,-) 
  u_tile_ctrl/csa_tree_mul_121_78_g10287/Y                   -       A->Y      F     sky130_fd_sc_hs__nand2_1        2  8.6   112   116     943    (-,-) 
  u_tile_ctrl/csa_tree_mul_121_78_g10159/Y                   -       A->Y      R     sky130_fd_sc_hs__xnor2_1        3  9.1   179   195    1138    (-,-) 
  u_tile_ctrl/csa_tree_mul_121_78_g10151/Y                   -       A2_N->Y   R     sky130_fd_sc_hs__o2bb2ai_1      2 11.0   196   153    1291    (-,-) 
  u_tile_ctrl/WALLACE_CSA_DUMMY_OP16_groupi_g5686__6783/SUM  -       CIN->SUM  F     sky130_fd_sc_hs__fa_1           1 10.5    71   296    1588    (-,-) 
  u_tile_ctrl/WALLACE_CSA_DUMMY_OP16_groupi_g5605__5122/COUT -       A->COUT   F     sky130_fd_sc_hs__fa_1           1  8.1    68   269    1856    (-,-) 
  u_tile_ctrl/WALLACE_CSA_DUMMY_OP16_groupi_g5604__1705/COUT -       CIN->COUT F     sky130_fd_sc_hs__fa_1           1  8.1    68   226    2083    (-,-) 
  u_tile_ctrl/WALLACE_CSA_DUMMY_OP16_groupi_g5603__2802/COUT -       CIN->COUT F     sky130_fd_sc_hs__fa_1           1  8.1    68   226    2309    (-,-) 
  u_tile_ctrl/WALLACE_CSA_DUMMY_OP16_groupi_g5602__1617/COUT -       CIN->COUT F     sky130_fd_sc_hs__fa_1           1  8.1    68   226    2536    (-,-) 
  u_tile_ctrl/WALLACE_CSA_DUMMY_OP16_groupi_g5601__3680/COUT -       CIN->COUT F     sky130_fd_sc_hs__fa_1           2  7.9    67   225    2761    (-,-) 
  u_tile_ctrl/WALLACE_CSA_DUMMY_OP16_groupi_g5600__6783/Y    -       B->Y      R     sky130_fd_sc_hs__nand2b_1       2  6.4    76    87    2848    (-,-) 
  u_tile_ctrl/WALLACE_CSA_DUMMY_OP16_groupi_g5597__4319/Y    -       A2->Y     F     sky130_fd_sc_hs__o221ai_1       1  8.1   118   126    2974    (-,-) 
  u_tile_ctrl/WALLACE_CSA_DUMMY_OP16_groupi_g5595__5107/COUT -       CIN->COUT F     sky130_fd_sc_hs__fa_1           1  8.1    68   243    3217    (-,-) 
  u_tile_ctrl/WALLACE_CSA_DUMMY_OP16_groupi_g5594__2398/COUT -       CIN->COUT F     sky130_fd_sc_hs__fa_1           1  8.1    68   226    3444    (-,-) 
  u_tile_ctrl/WALLACE_CSA_DUMMY_OP16_groupi_g5593__5477/COUT -       CIN->COUT F     sky130_fd_sc_hs__fa_1           1  8.1    68   226    3670    (-,-) 
  u_tile_ctrl/WALLACE_CSA_DUMMY_OP16_groupi_g5592__6417/COUT -       CIN->COUT F     sky130_fd_sc_hs__fa_1           1  8.1    68   226    3896    (-,-) 
  u_tile_ctrl/WALLACE_CSA_DUMMY_OP16_groupi_g5591__7410/COUT -       CIN->COUT F     sky130_fd_sc_hs__fa_1           1  8.1    68   226    4123    (-,-) 
  u_tile_ctrl/WALLACE_CSA_DUMMY_OP16_groupi_g5590__1666/COUT -       CIN->COUT F     sky130_fd_sc_hs__fa_1           2  7.5    64   223    4346    (-,-) 
  u_tile_ctrl/WALLACE_CSA_DUMMY_OP16_groupi_g5589__2346/Y    -       B_N->Y    F     sky130_fd_sc_hs__nor2b_1        2  6.0    43    98    4444    (-,-) 
  u_tile_ctrl/WALLACE_CSA_DUMMY_OP16_groupi_g5586__9315/Y    -       B->Y      R     sky130_fd_sc_hs__nand2b_1       2  5.7    69    74    4518    (-,-) 
  u_tile_ctrl/WALLACE_CSA_DUMMY_OP16_groupi_g5583__7482/Y    -       C->Y      F     sky130_fd_sc_hs__nor3_1         1  3.1    52    40    4558    (-,-) 
  u_tile_ctrl/WALLACE_CSA_DUMMY_OP16_groupi_g5580__6131/Y    -       B->Y      R     sky130_fd_sc_hs__nor3b_1        3 10.9   284   249    4808    (-,-) 
  u_tile_ctrl/WALLACE_CSA_DUMMY_OP16_groupi_g5579__7098/X    -       C->X      R     sky130_fd_sc_hs__or3_1          2  5.5    54   124    4932    (-,-) 
  u_tile_ctrl/WALLACE_CSA_DUMMY_OP16_groupi_g5571__5526/Y    -       A3->Y     F     sky130_fd_sc_hs__o311ai_1       2  7.9   105    92    5023    (-,-) 
  u_tile_ctrl/WALLACE_CSA_DUMMY_OP16_groupi_g5570__8428/Y    -       B->Y      R     sky130_fd_sc_hs__nand2b_1       2  6.1    78   100    5123    (-,-) 
  u_tile_ctrl/WALLACE_CSA_DUMMY_OP16_groupi_g5566__2398/Y    -       A2->Y     F     sky130_fd_sc_hs__o221ai_1       1  8.1   118   126    5249    (-,-) 
  u_tile_ctrl/WALLACE_CSA_DUMMY_OP16_groupi_g5564__6417/COUT -       CIN->COUT F     sky130_fd_sc_hs__fa_1           1  8.1    68   243    5492    (-,-) 
  u_tile_ctrl/WALLACE_CSA_DUMMY_OP16_groupi_g5563__7410/COUT -       CIN->COUT F     sky130_fd_sc_hs__fa_1           2  7.9    67   225    5718    (-,-) 
  u_tile_ctrl/WALLACE_CSA_DUMMY_OP16_groupi_g5562__1666/Y    -       B->Y      R     sky130_fd_sc_hs__nand2b_1       2  6.1    74    86    5803    (-,-) 
  u_tile_ctrl/WALLACE_CSA_DUMMY_OP16_groupi_g5559__9945/Y    -       A2->Y     F     sky130_fd_sc_hs__o221ai_1       1  8.1   118   125    5928    (-,-) 
  u_tile_ctrl/WALLACE_CSA_DUMMY_OP16_groupi_g5557__6161/COUT -       CIN->COUT F     sky130_fd_sc_hs__fa_1           1  8.1    68   243    6172    (-,-) 
  u_tile_ctrl/WALLACE_CSA_DUMMY_OP16_groupi_g5556__4733/COUT -       CIN->COUT F     sky130_fd_sc_hs__fa_1           2  7.9    67   225    6397    (-,-) 
  u_tile_ctrl/WALLACE_CSA_DUMMY_OP16_groupi_g5555__7482/Y    -       B->Y      R     sky130_fd_sc_hs__nand2b_1       2  6.0    73    85    6482    (-,-) 
  u_tile_ctrl/WALLACE_CSA_DUMMY_OP16_groupi_g5552__6131/Y    -       B->Y      F     sky130_fd_sc_hs__nor2_1         2  5.8    49    47    6529    (-,-) 
  u_tile_ctrl/WALLACE_CSA_DUMMY_OP16_groupi_g5551__7098/Y    -       C_N->Y    F     sky130_fd_sc_hs__nor3b_1        2  6.3    59    94    6622    (-,-) 
  u_tile_ctrl/WALLACE_CSA_DUMMY_OP16_groupi_g5546__1617/X    -       B1->X     F     sky130_fd_sc_hs__a222o_1        3 10.0    78   299    6921    (-,-) 
  u_tile_ctrl/WALLACE_CSA_DUMMY_OP16_groupi_g5542__8428/X    -       A->X      F     sky130_fd_sc_hs__and4_1         4 12.4    57   137    7058    (-,-) 
  u_tile_ctrl/WALLACE_CSA_DUMMY_OP16_groupi_g5515__5526/COUT -       B->COUT   F     sky130_fd_sc_hs__ha_1           1  4.7    34   118    7176    (-,-) 
  u_tile_ctrl/WALLACE_CSA_DUMMY_OP16_groupi_g5504__2883/COUT -       B->COUT   F     sky130_fd_sc_hs__ha_1           2  5.9    38   117    7293    (-,-) 
  u_tile_ctrl/WALLACE_CSA_DUMMY_OP16_groupi_g5499__7482/X    -       A2->X     F     sky130_fd_sc_hs__o21a_1         1  2.4    26   116    7410    (-,-) 
  u_tile_ctrl/dma_wr_addr_reg[52]/SCD                        -       -         F     sky130_fd_sc_hs__sdfxtp_1       1    -     -     4    7414    (-,-) 
#--------------------------------------------------------------------------------------------------------------------------------------------------------



Path 17: MET (2168 ps) Setup Check with Pin u_tile_ctrl/dma_wr_addr_reg[63]/CLK->SCD
          Group: clk
     Startpoint: (R) u_tile_ctrl/q_idx_reg[1]/CLK
          Clock: (R) clk
       Endpoint: (F) u_tile_ctrl/dma_wr_addr_reg[63]/SCD
          Clock: (R) clk

                     Capture       Launch     
        Clock Edge:+   10000            0     
       Src Latency:+       0            0     
       Net Latency:+       0 (I)        0 (I) 
           Arrival:=   10000            0     
                                              
             Setup:-     225                  
       Uncertainty:-     200                  
     Required Time:=    9575                  
      Launch Clock:-       0                  
         Data Path:-    7407                  
             Slack:=    2168                  

#--------------------------------------------------------------------------------------------------------------------------------------------------------
#                       Timing Point                         Flags     Arc     Edge            Cell             Fanout Load Trans Delay Arrival Instance 
#                                                                                                                      (fF)  (ps)  (ps)   (ps)  Location 
#--------------------------------------------------------------------------------------------------------------------------------------------------------
  u_tile_ctrl/q_idx_reg[1]/CLK                               -       -         R     (arrival)                    1242    -   100     0       0    (-,-) 
  u_tile_ctrl/q_idx_reg[1]/Q                                 -       CLK->Q    R     sky130_fd_sc_hs__dfrbp_1       17 51.4   401   488     488    (-,-) 
  u_tile_ctrl/drc_buf_sp10581/X                              -       A->X      R     sky130_fd_sc_hs__clkbuf_1      17 51.7   356   339     827    (-,-) 
  u_tile_ctrl/csa_tree_mul_121_78_g10287/Y                   -       A->Y      F     sky130_fd_sc_hs__nand2_1        2  8.6   112   116     943    (-,-) 
  u_tile_ctrl/csa_tree_mul_121_78_g10159/Y                   -       A->Y      R     sky130_fd_sc_hs__xnor2_1        3  9.1   179   195    1138    (-,-) 
  u_tile_ctrl/csa_tree_mul_121_78_g10151/Y                   -       A2_N->Y   R     sky130_fd_sc_hs__o2bb2ai_1      2 11.0   196   153    1291    (-,-) 
  u_tile_ctrl/WALLACE_CSA_DUMMY_OP16_groupi_g5686__6783/SUM  -       CIN->SUM  F     sky130_fd_sc_hs__fa_1           1 10.5    71   296    1588    (-,-) 
  u_tile_ctrl/WALLACE_CSA_DUMMY_OP16_groupi_g5605__5122/COUT -       A->COUT   F     sky130_fd_sc_hs__fa_1           1  8.1    68   269    1856    (-,-) 
  u_tile_ctrl/WALLACE_CSA_DUMMY_OP16_groupi_g5604__1705/COUT -       CIN->COUT F     sky130_fd_sc_hs__fa_1           1  8.1    68   226    2083    (-,-) 
  u_tile_ctrl/WALLACE_CSA_DUMMY_OP16_groupi_g5603__2802/COUT -       CIN->COUT F     sky130_fd_sc_hs__fa_1           1  8.1    68   226    2309    (-,-) 
  u_tile_ctrl/WALLACE_CSA_DUMMY_OP16_groupi_g5602__1617/COUT -       CIN->COUT F     sky130_fd_sc_hs__fa_1           1  8.1    68   226    2536    (-,-) 
  u_tile_ctrl/WALLACE_CSA_DUMMY_OP16_groupi_g5601__3680/COUT -       CIN->COUT F     sky130_fd_sc_hs__fa_1           2  7.9    67   225    2761    (-,-) 
  u_tile_ctrl/WALLACE_CSA_DUMMY_OP16_groupi_g5600__6783/Y    -       B->Y      R     sky130_fd_sc_hs__nand2b_1       2  6.4    76    87    2848    (-,-) 
  u_tile_ctrl/WALLACE_CSA_DUMMY_OP16_groupi_g5597__4319/Y    -       A2->Y     F     sky130_fd_sc_hs__o221ai_1       1  8.1   118   126    2974    (-,-) 
  u_tile_ctrl/WALLACE_CSA_DUMMY_OP16_groupi_g5595__5107/COUT -       CIN->COUT F     sky130_fd_sc_hs__fa_1           1  8.1    68   243    3217    (-,-) 
  u_tile_ctrl/WALLACE_CSA_DUMMY_OP16_groupi_g5594__2398/COUT -       CIN->COUT F     sky130_fd_sc_hs__fa_1           1  8.1    68   226    3444    (-,-) 
  u_tile_ctrl/WALLACE_CSA_DUMMY_OP16_groupi_g5593__5477/COUT -       CIN->COUT F     sky130_fd_sc_hs__fa_1           1  8.1    68   226    3670    (-,-) 
  u_tile_ctrl/WALLACE_CSA_DUMMY_OP16_groupi_g5592__6417/COUT -       CIN->COUT F     sky130_fd_sc_hs__fa_1           1  8.1    68   226    3896    (-,-) 
  u_tile_ctrl/WALLACE_CSA_DUMMY_OP16_groupi_g5591__7410/COUT -       CIN->COUT F     sky130_fd_sc_hs__fa_1           1  8.1    68   226    4123    (-,-) 
  u_tile_ctrl/WALLACE_CSA_DUMMY_OP16_groupi_g5590__1666/COUT -       CIN->COUT F     sky130_fd_sc_hs__fa_1           2  7.5    64   223    4346    (-,-) 
  u_tile_ctrl/WALLACE_CSA_DUMMY_OP16_groupi_g5589__2346/Y    -       B_N->Y    F     sky130_fd_sc_hs__nor2b_1        2  6.0    43    98    4444    (-,-) 
  u_tile_ctrl/WALLACE_CSA_DUMMY_OP16_groupi_g5586__9315/Y    -       B->Y      R     sky130_fd_sc_hs__nand2b_1       2  5.7    69    74    4518    (-,-) 
  u_tile_ctrl/WALLACE_CSA_DUMMY_OP16_groupi_g5583__7482/Y    -       C->Y      F     sky130_fd_sc_hs__nor3_1         1  3.1    52    40    4558    (-,-) 
  u_tile_ctrl/WALLACE_CSA_DUMMY_OP16_groupi_g5580__6131/Y    -       B->Y      R     sky130_fd_sc_hs__nor3b_1        3 10.9   284   249    4808    (-,-) 
  u_tile_ctrl/WALLACE_CSA_DUMMY_OP16_groupi_g5579__7098/X    -       C->X      R     sky130_fd_sc_hs__or3_1          2  5.5    54   124    4932    (-,-) 
  u_tile_ctrl/WALLACE_CSA_DUMMY_OP16_groupi_g5571__5526/Y    -       A3->Y     F     sky130_fd_sc_hs__o311ai_1       2  7.9   105    92    5023    (-,-) 
  u_tile_ctrl/WALLACE_CSA_DUMMY_OP16_groupi_g5570__8428/Y    -       B->Y      R     sky130_fd_sc_hs__nand2b_1       2  6.1    78   100    5123    (-,-) 
  u_tile_ctrl/WALLACE_CSA_DUMMY_OP16_groupi_g5566__2398/Y    -       A2->Y     F     sky130_fd_sc_hs__o221ai_1       1  8.1   118   126    5249    (-,-) 
  u_tile_ctrl/WALLACE_CSA_DUMMY_OP16_groupi_g5564__6417/COUT -       CIN->COUT F     sky130_fd_sc_hs__fa_1           1  8.1    68   243    5492    (-,-) 
  u_tile_ctrl/WALLACE_CSA_DUMMY_OP16_groupi_g5563__7410/COUT -       CIN->COUT F     sky130_fd_sc_hs__fa_1           2  7.9    67   225    5718    (-,-) 
  u_tile_ctrl/WALLACE_CSA_DUMMY_OP16_groupi_g5562__1666/Y    -       B->Y      R     sky130_fd_sc_hs__nand2b_1       2  6.1    74    86    5803    (-,-) 
  u_tile_ctrl/WALLACE_CSA_DUMMY_OP16_groupi_g5559__9945/Y    -       A2->Y     F     sky130_fd_sc_hs__o221ai_1       1  8.1   118   125    5928    (-,-) 
  u_tile_ctrl/WALLACE_CSA_DUMMY_OP16_groupi_g5557__6161/COUT -       CIN->COUT F     sky130_fd_sc_hs__fa_1           1  8.1    68   243    6172    (-,-) 
  u_tile_ctrl/WALLACE_CSA_DUMMY_OP16_groupi_g5556__4733/COUT -       CIN->COUT F     sky130_fd_sc_hs__fa_1           2  7.9    67   225    6397    (-,-) 
  u_tile_ctrl/WALLACE_CSA_DUMMY_OP16_groupi_g5555__7482/Y    -       B->Y      R     sky130_fd_sc_hs__nand2b_1       2  6.0    73    85    6482    (-,-) 
  u_tile_ctrl/WALLACE_CSA_DUMMY_OP16_groupi_g5552__6131/Y    -       B->Y      F     sky130_fd_sc_hs__nor2_1         2  5.8    49    47    6529    (-,-) 
  u_tile_ctrl/WALLACE_CSA_DUMMY_OP16_groupi_g5551__7098/Y    -       C_N->Y    F     sky130_fd_sc_hs__nor3b_1        2  6.3    59    94    6622    (-,-) 
  u_tile_ctrl/WALLACE_CSA_DUMMY_OP16_groupi_g5546__1617/X    -       B1->X     F     sky130_fd_sc_hs__a222o_1        3 10.0    78   299    6921    (-,-) 
  u_tile_ctrl/WALLACE_CSA_DUMMY_OP16_groupi_g5542__8428/X    -       A->X      F     sky130_fd_sc_hs__and4_1         4 12.4    57   137    7058    (-,-) 
  u_tile_ctrl/WALLACE_CSA_DUMMY_OP16_groupi_g5538__2398/X    -       B->X      F     sky130_fd_sc_hs__and4b_1        3  8.7    47   129    7187    (-,-) 
  u_tile_ctrl/WALLACE_CSA_DUMMY_OP16_groupi_g5530__9315/X    -       A->X      F     sky130_fd_sc_hs__and3_1         2  5.9    36    98    7285    (-,-) 
  u_tile_ctrl/WALLACE_CSA_DUMMY_OP16_groupi_g5517__3680/Y    -       A->Y      R     sky130_fd_sc_hs__nand2_1        3  8.8    73    69    7354    (-,-) 
  u_tile_ctrl/WALLACE_CSA_DUMMY_OP16_groupi_g5502__9315/Y    -       B2->Y     F     sky130_fd_sc_hs__o2bb2ai_1      1  2.4    36    49    7403    (-,-) 
  u_tile_ctrl/dma_wr_addr_reg[63]/SCD                        -       -         F     sky130_fd_sc_hs__sdfxtp_1       1    -     -     4    7407    (-,-) 
#--------------------------------------------------------------------------------------------------------------------------------------------------------



Path 18: MET (2174 ps) Setup Check with Pin u_tile_ctrl/dma_wr_addr_reg[62]/CLK->SCD
          Group: clk
     Startpoint: (R) u_tile_ctrl/q_idx_reg[1]/CLK
          Clock: (R) clk
       Endpoint: (F) u_tile_ctrl/dma_wr_addr_reg[62]/SCD
          Clock: (R) clk

                     Capture       Launch     
        Clock Edge:+   10000            0     
       Src Latency:+       0            0     
       Net Latency:+       0 (I)        0 (I) 
           Arrival:=   10000            0     
                                              
             Setup:-     221                  
       Uncertainty:-     200                  
     Required Time:=    9579                  
      Launch Clock:-       0                  
         Data Path:-    7405                  
             Slack:=    2174                  

#--------------------------------------------------------------------------------------------------------------------------------------------------------
#                       Timing Point                         Flags     Arc     Edge            Cell             Fanout Load Trans Delay Arrival Instance 
#                                                                                                                      (fF)  (ps)  (ps)   (ps)  Location 
#--------------------------------------------------------------------------------------------------------------------------------------------------------
  u_tile_ctrl/q_idx_reg[1]/CLK                               -       -         R     (arrival)                    1242    -   100     0       0    (-,-) 
  u_tile_ctrl/q_idx_reg[1]/Q                                 -       CLK->Q    R     sky130_fd_sc_hs__dfrbp_1       17 51.4   401   488     488    (-,-) 
  u_tile_ctrl/drc_buf_sp10581/X                              -       A->X      R     sky130_fd_sc_hs__clkbuf_1      17 51.7   356   339     827    (-,-) 
  u_tile_ctrl/csa_tree_mul_121_78_g10287/Y                   -       A->Y      F     sky130_fd_sc_hs__nand2_1        2  8.6   112   116     943    (-,-) 
  u_tile_ctrl/csa_tree_mul_121_78_g10159/Y                   -       A->Y      R     sky130_fd_sc_hs__xnor2_1        3  9.1   179   195    1138    (-,-) 
  u_tile_ctrl/csa_tree_mul_121_78_g10151/Y                   -       A2_N->Y   R     sky130_fd_sc_hs__o2bb2ai_1      2 11.0   196   153    1291    (-,-) 
  u_tile_ctrl/WALLACE_CSA_DUMMY_OP16_groupi_g5686__6783/SUM  -       CIN->SUM  F     sky130_fd_sc_hs__fa_1           1 10.5    71   296    1588    (-,-) 
  u_tile_ctrl/WALLACE_CSA_DUMMY_OP16_groupi_g5605__5122/COUT -       A->COUT   F     sky130_fd_sc_hs__fa_1           1  8.1    68   269    1856    (-,-) 
  u_tile_ctrl/WALLACE_CSA_DUMMY_OP16_groupi_g5604__1705/COUT -       CIN->COUT F     sky130_fd_sc_hs__fa_1           1  8.1    68   226    2083    (-,-) 
  u_tile_ctrl/WALLACE_CSA_DUMMY_OP16_groupi_g5603__2802/COUT -       CIN->COUT F     sky130_fd_sc_hs__fa_1           1  8.1    68   226    2309    (-,-) 
  u_tile_ctrl/WALLACE_CSA_DUMMY_OP16_groupi_g5602__1617/COUT -       CIN->COUT F     sky130_fd_sc_hs__fa_1           1  8.1    68   226    2536    (-,-) 
  u_tile_ctrl/WALLACE_CSA_DUMMY_OP16_groupi_g5601__3680/COUT -       CIN->COUT F     sky130_fd_sc_hs__fa_1           2  7.9    67   225    2761    (-,-) 
  u_tile_ctrl/WALLACE_CSA_DUMMY_OP16_groupi_g5600__6783/Y    -       B->Y      R     sky130_fd_sc_hs__nand2b_1       2  6.4    76    87    2848    (-,-) 
  u_tile_ctrl/WALLACE_CSA_DUMMY_OP16_groupi_g5597__4319/Y    -       A2->Y     F     sky130_fd_sc_hs__o221ai_1       1  8.1   118   126    2974    (-,-) 
  u_tile_ctrl/WALLACE_CSA_DUMMY_OP16_groupi_g5595__5107/COUT -       CIN->COUT F     sky130_fd_sc_hs__fa_1           1  8.1    68   243    3217    (-,-) 
  u_tile_ctrl/WALLACE_CSA_DUMMY_OP16_groupi_g5594__2398/COUT -       CIN->COUT F     sky130_fd_sc_hs__fa_1           1  8.1    68   226    3444    (-,-) 
  u_tile_ctrl/WALLACE_CSA_DUMMY_OP16_groupi_g5593__5477/COUT -       CIN->COUT F     sky130_fd_sc_hs__fa_1           1  8.1    68   226    3670    (-,-) 
  u_tile_ctrl/WALLACE_CSA_DUMMY_OP16_groupi_g5592__6417/COUT -       CIN->COUT F     sky130_fd_sc_hs__fa_1           1  8.1    68   226    3896    (-,-) 
  u_tile_ctrl/WALLACE_CSA_DUMMY_OP16_groupi_g5591__7410/COUT -       CIN->COUT F     sky130_fd_sc_hs__fa_1           1  8.1    68   226    4123    (-,-) 
  u_tile_ctrl/WALLACE_CSA_DUMMY_OP16_groupi_g5590__1666/COUT -       CIN->COUT F     sky130_fd_sc_hs__fa_1           2  7.5    64   223    4346    (-,-) 
  u_tile_ctrl/WALLACE_CSA_DUMMY_OP16_groupi_g5589__2346/Y    -       B_N->Y    F     sky130_fd_sc_hs__nor2b_1        2  6.0    43    98    4444    (-,-) 
  u_tile_ctrl/WALLACE_CSA_DUMMY_OP16_groupi_g5586__9315/Y    -       B->Y      R     sky130_fd_sc_hs__nand2b_1       2  5.7    69    74    4518    (-,-) 
  u_tile_ctrl/WALLACE_CSA_DUMMY_OP16_groupi_g5583__7482/Y    -       C->Y      F     sky130_fd_sc_hs__nor3_1         1  3.1    52    40    4558    (-,-) 
  u_tile_ctrl/WALLACE_CSA_DUMMY_OP16_groupi_g5580__6131/Y    -       B->Y      R     sky130_fd_sc_hs__nor3b_1        3 10.9   284   249    4808    (-,-) 
  u_tile_ctrl/WALLACE_CSA_DUMMY_OP16_groupi_g5579__7098/X    -       C->X      R     sky130_fd_sc_hs__or3_1          2  5.5    54   124    4932    (-,-) 
  u_tile_ctrl/WALLACE_CSA_DUMMY_OP16_groupi_g5571__5526/Y    -       A3->Y     F     sky130_fd_sc_hs__o311ai_1       2  7.9   105    92    5023    (-,-) 
  u_tile_ctrl/WALLACE_CSA_DUMMY_OP16_groupi_g5570__8428/Y    -       B->Y      R     sky130_fd_sc_hs__nand2b_1       2  6.1    78   100    5123    (-,-) 
  u_tile_ctrl/WALLACE_CSA_DUMMY_OP16_groupi_g5566__2398/Y    -       A2->Y     F     sky130_fd_sc_hs__o221ai_1       1  8.1   118   126    5249    (-,-) 
  u_tile_ctrl/WALLACE_CSA_DUMMY_OP16_groupi_g5564__6417/COUT -       CIN->COUT F     sky130_fd_sc_hs__fa_1           1  8.1    68   243    5492    (-,-) 
  u_tile_ctrl/WALLACE_CSA_DUMMY_OP16_groupi_g5563__7410/COUT -       CIN->COUT F     sky130_fd_sc_hs__fa_1           2  7.9    67   225    5718    (-,-) 
  u_tile_ctrl/WALLACE_CSA_DUMMY_OP16_groupi_g5562__1666/Y    -       B->Y      R     sky130_fd_sc_hs__nand2b_1       2  6.1    74    86    5803    (-,-) 
  u_tile_ctrl/WALLACE_CSA_DUMMY_OP16_groupi_g5559__9945/Y    -       A2->Y     F     sky130_fd_sc_hs__o221ai_1       1  8.1   118   125    5928    (-,-) 
  u_tile_ctrl/WALLACE_CSA_DUMMY_OP16_groupi_g5557__6161/COUT -       CIN->COUT F     sky130_fd_sc_hs__fa_1           1  8.1    68   243    6172    (-,-) 
  u_tile_ctrl/WALLACE_CSA_DUMMY_OP16_groupi_g5556__4733/COUT -       CIN->COUT F     sky130_fd_sc_hs__fa_1           2  7.9    67   225    6397    (-,-) 
  u_tile_ctrl/WALLACE_CSA_DUMMY_OP16_groupi_g5555__7482/Y    -       B->Y      R     sky130_fd_sc_hs__nand2b_1       2  6.0    73    85    6482    (-,-) 
  u_tile_ctrl/WALLACE_CSA_DUMMY_OP16_groupi_g5552__6131/Y    -       B->Y      F     sky130_fd_sc_hs__nor2_1         2  5.8    49    47    6529    (-,-) 
  u_tile_ctrl/WALLACE_CSA_DUMMY_OP16_groupi_g5551__7098/Y    -       C_N->Y    F     sky130_fd_sc_hs__nor3b_1        2  6.3    59    94    6622    (-,-) 
  u_tile_ctrl/WALLACE_CSA_DUMMY_OP16_groupi_g5546__1617/X    -       B1->X     F     sky130_fd_sc_hs__a222o_1        3 10.0    78   299    6921    (-,-) 
  u_tile_ctrl/WALLACE_CSA_DUMMY_OP16_groupi_g5542__8428/X    -       A->X      F     sky130_fd_sc_hs__and4_1         4 12.4    57   137    7058    (-,-) 
  u_tile_ctrl/WALLACE_CSA_DUMMY_OP16_groupi_g5538__2398/X    -       B->X      F     sky130_fd_sc_hs__and4b_1        3  8.7    47   129    7187    (-,-) 
  u_tile_ctrl/WALLACE_CSA_DUMMY_OP16_groupi_g5530__9315/X    -       A->X      F     sky130_fd_sc_hs__and3_1         2  5.9    36    98    7285    (-,-) 
  u_tile_ctrl/WALLACE_CSA_DUMMY_OP16_groupi_g5513__4319/X    -       A2->X     F     sky130_fd_sc_hs__o21a_1         1  2.4    26   116    7401    (-,-) 
  u_tile_ctrl/dma_wr_addr_reg[62]/SCD                        -       -         F     sky130_fd_sc_hs__sdfxtp_1       1    -     -     4    7405    (-,-) 
#--------------------------------------------------------------------------------------------------------------------------------------------------------



Path 19: MET (2198 ps) Setup Check with Pin u_tile_ctrl/dma_rd_addr_reg[49]/CLK->D
          Group: clk
     Startpoint: (R) u_tile_ctrl/q_idx_reg[1]/CLK
          Clock: (R) clk
       Endpoint: (F) u_tile_ctrl/dma_rd_addr_reg[49]/D
          Clock: (R) clk

                     Capture       Launch     
        Clock Edge:+   10000            0     
       Src Latency:+       0            0     
       Net Latency:+       0 (I)        0 (I) 
           Arrival:=   10000            0     
                                              
             Setup:-     173                  
       Uncertainty:-     200                  
     Required Time:=    9627                  
      Launch Clock:-       0                  
         Data Path:-    7429                  
             Slack:=    2198                  

#------------------------------------------------------------------------------------------------------------------------------------------------
#                   Timing Point                     Flags     Arc     Edge            Cell             Fanout Load Trans Delay Arrival Instance 
#                                                                                                              (fF)  (ps)  (ps)   (ps)  Location 
#------------------------------------------------------------------------------------------------------------------------------------------------
  u_tile_ctrl/q_idx_reg[1]/CLK                       -       -         R     (arrival)                    1242    -   100     0       0    (-,-) 
  u_tile_ctrl/q_idx_reg[1]/Q                         -       CLK->Q    R     sky130_fd_sc_hs__dfrbp_1       17 51.4   401   488     488    (-,-) 
  u_tile_ctrl/drc_buf_sp10581/X                      -       A->X      R     sky130_fd_sc_hs__clkbuf_1      17 51.7   356   339     827    (-,-) 
  u_tile_ctrl/csa_tree_mul_121_78_g10328/Y           -       B->Y      F     sky130_fd_sc_hs__nand2_1        1 10.2   107   121     947    (-,-) 
  u_tile_ctrl/csa_tree_mul_121_78_g10120/SUM         -       B->SUM    R     sky130_fd_sc_hs__fa_1           1  8.1    73   348    1295    (-,-) 
  u_tile_ctrl/g10655/SUM                             -       CIN->SUM  F     sky130_fd_sc_hs__fa_1           2  8.0    62   268    1564    (-,-) 
  u_tile_ctrl/csa_tree_mul_121_78_g10038/SUM         -       B->SUM    F     sky130_fd_sc_hs__ha_1           2  6.1    42   151    1715    (-,-) 
  u_tile_ctrl/csa_tree_mul_121_78_g10003/Y           -       A2_N->Y   F     sky130_fd_sc_hs__o2bb2ai_1      2 11.0    85   139    1854    (-,-) 
  u_tile_ctrl/g8037__2346/X                          -       A1->X     F     sky130_fd_sc_hs__a22o_1         1  8.1    53   191    2045    (-,-) 
  u_tile_ctrl/g10654/SUM                             -       CIN->SUM  R     sky130_fd_sc_hs__fa_1           2  6.3    61   284    2330    (-,-) 
  u_tile_ctrl/WALLACE_CSA_DUMMY_OP_groupi_g7103/Y    -       B->Y      F     sky130_fd_sc_hs__nor2_1         3  9.4    43    57    2387    (-,-) 
  u_tile_ctrl/WALLACE_CSA_DUMMY_OP_groupi_g7041/Y    -       A2->Y     R     sky130_fd_sc_hs__o21ai_1        1  3.2    96    98    2486    (-,-) 
  u_tile_ctrl/WALLACE_CSA_DUMMY_OP_groupi_g7013/Y    -       B1->Y     F     sky130_fd_sc_hs__a21oi_1        3  8.8    67    68    2553    (-,-) 
  u_tile_ctrl/WALLACE_CSA_DUMMY_OP_groupi_g2/X       -       A2->X     F     sky130_fd_sc_hs__o21a_1         3  9.3    52   158    2712    (-,-) 
  u_tile_ctrl/WALLACE_CSA_DUMMY_OP_groupi_g7006/Y    -       A2->Y     R     sky130_fd_sc_hs__o21ai_1        1  8.1   162   150    2861    (-,-) 
  u_tile_ctrl/WALLACE_CSA_DUMMY_OP_groupi_g7005/COUT -       CIN->COUT R     sky130_fd_sc_hs__fa_1           1  8.1    68   169    3031    (-,-) 
  u_tile_ctrl/WALLACE_CSA_DUMMY_OP_groupi_g7004/COUT -       CIN->COUT R     sky130_fd_sc_hs__fa_1           1  8.1    66   147    3178    (-,-) 
  u_tile_ctrl/WALLACE_CSA_DUMMY_OP_groupi_g7003/COUT -       CIN->COUT R     sky130_fd_sc_hs__fa_1           1  8.1    66   146    3324    (-,-) 
  u_tile_ctrl/WALLACE_CSA_DUMMY_OP_groupi_g7002/COUT -       CIN->COUT R     sky130_fd_sc_hs__fa_1           3 11.1    83   161    3485    (-,-) 
  u_tile_ctrl/WALLACE_CSA_DUMMY_OP_groupi_g7001/Y    -       A->Y      F     sky130_fd_sc_hs__nand2_1        2  5.7    47    60    3545    (-,-) 
  u_tile_ctrl/WALLACE_CSA_DUMMY_OP_groupi_g6997/Y    -       C->Y      R     sky130_fd_sc_hs__nor3_1         1  3.2   124   102    3647    (-,-) 
  u_tile_ctrl/WALLACE_CSA_DUMMY_OP_groupi_g6993/Y    -       B->Y      F     sky130_fd_sc_hs__nor2_1         4 12.0    61    84    3730    (-,-) 
  u_tile_ctrl/WALLACE_CSA_DUMMY_OP_groupi_g6992/X    -       C->X      F     sky130_fd_sc_hs__or3_1          2  5.5    46   156    3886    (-,-) 
  u_tile_ctrl/WALLACE_CSA_DUMMY_OP_groupi_g6984/Y    -       A3->Y     R     sky130_fd_sc_hs__o311ai_1       2  8.1   284   239    4125    (-,-) 
  u_tile_ctrl/WALLACE_CSA_DUMMY_OP_groupi_g6983/Y    -       A->Y      F     sky130_fd_sc_hs__nand2_1        2  6.1    83    88    4213    (-,-) 
  u_tile_ctrl/WALLACE_CSA_DUMMY_OP_groupi_g6979/Y    -       A2->Y     R     sky130_fd_sc_hs__o221ai_1       1  8.1   219   198    4411    (-,-) 
  u_tile_ctrl/WALLACE_CSA_DUMMY_OP_groupi_g6977/COUT -       CIN->COUT R     sky130_fd_sc_hs__fa_1           1  8.1    69   179    4590    (-,-) 
  u_tile_ctrl/WALLACE_CSA_DUMMY_OP_groupi_g6976/COUT -       CIN->COUT R     sky130_fd_sc_hs__fa_1           2  7.9    65   146    4736    (-,-) 
  u_tile_ctrl/WALLACE_CSA_DUMMY_OP_groupi_g6975/Y    -       B->Y      F     sky130_fd_sc_hs__nand2b_1       2  6.1    47    60    4796    (-,-) 
  u_tile_ctrl/WALLACE_CSA_DUMMY_OP_groupi_g6972/Y    -       A2->Y     R     sky130_fd_sc_hs__o221ai_1       1  8.1   219   186    4982    (-,-) 
  u_tile_ctrl/WALLACE_CSA_DUMMY_OP_groupi_g6970/COUT -       CIN->COUT R     sky130_fd_sc_hs__fa_1           1  8.1    69   179    5161    (-,-) 
  u_tile_ctrl/WALLACE_CSA_DUMMY_OP_groupi_g6969/COUT -       CIN->COUT R     sky130_fd_sc_hs__fa_1           2  7.5    62   144    5304    (-,-) 
  u_tile_ctrl/WALLACE_CSA_DUMMY_OP_groupi_g6968/Y    -       B_N->Y    R     sky130_fd_sc_hs__nor2b_1        2  6.0   117   135    5440    (-,-) 
  u_tile_ctrl/WALLACE_CSA_DUMMY_OP_groupi_g6965/Y    -       B->Y      F     sky130_fd_sc_hs__nand2b_1       2  5.5    50    65    5504    (-,-) 
  u_tile_ctrl/WALLACE_CSA_DUMMY_OP_groupi_g6960/Y    -       A3->Y     R     sky130_fd_sc_hs__o311ai_1       2  7.9   280   237    5741    (-,-) 
  u_tile_ctrl/WALLACE_CSA_DUMMY_OP_groupi_g6959/Y    -       B->Y      F     sky130_fd_sc_hs__nand2b_1       2  6.0    75    81    5822    (-,-) 
  u_tile_ctrl/WALLACE_CSA_DUMMY_OP_groupi_g6955/Y    -       B->Y      R     sky130_fd_sc_hs__nor2_1         2  6.4   108   105    5927    (-,-) 
  u_tile_ctrl/WALLACE_CSA_DUMMY_OP_groupi_g6954/Y    -       A->Y      F     sky130_fd_sc_hs__clkinv_1       1  3.0    38    54    5981    (-,-) 
  u_tile_ctrl/WALLACE_CSA_DUMMY_OP_groupi_g6949/Y    -       A3->Y     R     sky130_fd_sc_hs__o311ai_1       2  8.0   282   237    6218    (-,-) 
  u_tile_ctrl/g10645/Y                               -       B->Y      F     sky130_fd_sc_hs__nand2_1        3  9.1    92   108    6327    (-,-) 
  u_tile_ctrl/g10382/Y                               -       A->Y      R     sky130_fd_sc_hs__nor2b_1        1  4.7   102   120    6446    (-,-) 
  u_tile_ctrl/g10375/COUT                            -       B->COUT   R     sky130_fd_sc_hs__ha_1           2  8.0    70   137    6583    (-,-) 
  u_tile_ctrl/g10381/Y                               -       A->Y      F     sky130_fd_sc_hs__nor2b_1        4 12.2    54    71    6654    (-,-) 
  u_tile_ctrl/WALLACE_CSA_DUMMY_OP_groupi_g6938/Y    -       A3->Y     R     sky130_fd_sc_hs__o311ai_1       1  8.1   284   241    6895    (-,-) 
  u_tile_ctrl/WALLACE_CSA_DUMMY_OP_groupi_g6935/COUT -       CIN->COUT R     sky130_fd_sc_hs__fa_1           1  8.1    71   187    7082    (-,-) 
  u_tile_ctrl/WALLACE_CSA_DUMMY_OP_groupi_g6934/COUT -       CIN->COUT R     sky130_fd_sc_hs__fa_1           4 12.1    88   167    7249    (-,-) 
  u_tile_ctrl/WALLACE_CSA_DUMMY_OP_groupi_g6931/Y    -       A1->Y     F     sky130_fd_sc_hs__a21oi_1        2  6.1    56    74    7322    (-,-) 
  u_tile_ctrl/WALLACE_CSA_DUMMY_OP_groupi_g6927/Y    -       A2_N->Y   F     sky130_fd_sc_hs__o2bb2ai_1      1  2.2    39   103    7426    (-,-) 
  u_tile_ctrl/dma_rd_addr_reg[49]/D                  -       -         F     sky130_fd_sc_hs__sdfxtp_1       1    -     -     4    7429    (-,-) 
#------------------------------------------------------------------------------------------------------------------------------------------------



Path 20: MET (2199 ps) Setup Check with Pin u_tile_ctrl/dma_wr_addr_reg[57]/CLK->SCD
          Group: clk
     Startpoint: (R) u_tile_ctrl/q_idx_reg[1]/CLK
          Clock: (R) clk
       Endpoint: (F) u_tile_ctrl/dma_wr_addr_reg[57]/SCD
          Clock: (R) clk

                     Capture       Launch     
        Clock Edge:+   10000            0     
       Src Latency:+       0            0     
       Net Latency:+       0 (I)        0 (I) 
           Arrival:=   10000            0     
                                              
             Setup:-     225                  
       Uncertainty:-     200                  
     Required Time:=    9575                  
      Launch Clock:-       0                  
         Data Path:-    7376                  
             Slack:=    2199                  

#--------------------------------------------------------------------------------------------------------------------------------------------------------
#                       Timing Point                         Flags     Arc     Edge            Cell             Fanout Load Trans Delay Arrival Instance 
#                                                                                                                      (fF)  (ps)  (ps)   (ps)  Location 
#--------------------------------------------------------------------------------------------------------------------------------------------------------
  u_tile_ctrl/q_idx_reg[1]/CLK                               -       -         R     (arrival)                    1242    -   100     0       0    (-,-) 
  u_tile_ctrl/q_idx_reg[1]/Q                                 -       CLK->Q    R     sky130_fd_sc_hs__dfrbp_1       17 51.4   401   488     488    (-,-) 
  u_tile_ctrl/drc_buf_sp10581/X                              -       A->X      R     sky130_fd_sc_hs__clkbuf_1      17 51.7   356   339     827    (-,-) 
  u_tile_ctrl/csa_tree_mul_121_78_g10287/Y                   -       A->Y      F     sky130_fd_sc_hs__nand2_1        2  8.6   112   116     943    (-,-) 
  u_tile_ctrl/csa_tree_mul_121_78_g10159/Y                   -       A->Y      R     sky130_fd_sc_hs__xnor2_1        3  9.1   179   195    1138    (-,-) 
  u_tile_ctrl/csa_tree_mul_121_78_g10151/Y                   -       A2_N->Y   R     sky130_fd_sc_hs__o2bb2ai_1      2 11.0   196   153    1291    (-,-) 
  u_tile_ctrl/WALLACE_CSA_DUMMY_OP16_groupi_g5686__6783/SUM  -       CIN->SUM  F     sky130_fd_sc_hs__fa_1           1 10.5    71   296    1588    (-,-) 
  u_tile_ctrl/WALLACE_CSA_DUMMY_OP16_groupi_g5605__5122/COUT -       A->COUT   F     sky130_fd_sc_hs__fa_1           1  8.1    68   269    1856    (-,-) 
  u_tile_ctrl/WALLACE_CSA_DUMMY_OP16_groupi_g5604__1705/COUT -       CIN->COUT F     sky130_fd_sc_hs__fa_1           1  8.1    68   226    2083    (-,-) 
  u_tile_ctrl/WALLACE_CSA_DUMMY_OP16_groupi_g5603__2802/COUT -       CIN->COUT F     sky130_fd_sc_hs__fa_1           1  8.1    68   226    2309    (-,-) 
  u_tile_ctrl/WALLACE_CSA_DUMMY_OP16_groupi_g5602__1617/COUT -       CIN->COUT F     sky130_fd_sc_hs__fa_1           1  8.1    68   226    2536    (-,-) 
  u_tile_ctrl/WALLACE_CSA_DUMMY_OP16_groupi_g5601__3680/COUT -       CIN->COUT F     sky130_fd_sc_hs__fa_1           2  7.9    67   225    2761    (-,-) 
  u_tile_ctrl/WALLACE_CSA_DUMMY_OP16_groupi_g5600__6783/Y    -       B->Y      R     sky130_fd_sc_hs__nand2b_1       2  6.4    76    87    2848    (-,-) 
  u_tile_ctrl/WALLACE_CSA_DUMMY_OP16_groupi_g5597__4319/Y    -       A2->Y     F     sky130_fd_sc_hs__o221ai_1       1  8.1   118   126    2974    (-,-) 
  u_tile_ctrl/WALLACE_CSA_DUMMY_OP16_groupi_g5595__5107/COUT -       CIN->COUT F     sky130_fd_sc_hs__fa_1           1  8.1    68   243    3217    (-,-) 
  u_tile_ctrl/WALLACE_CSA_DUMMY_OP16_groupi_g5594__2398/COUT -       CIN->COUT F     sky130_fd_sc_hs__fa_1           1  8.1    68   226    3444    (-,-) 
  u_tile_ctrl/WALLACE_CSA_DUMMY_OP16_groupi_g5593__5477/COUT -       CIN->COUT F     sky130_fd_sc_hs__fa_1           1  8.1    68   226    3670    (-,-) 
  u_tile_ctrl/WALLACE_CSA_DUMMY_OP16_groupi_g5592__6417/COUT -       CIN->COUT F     sky130_fd_sc_hs__fa_1           1  8.1    68   226    3896    (-,-) 
  u_tile_ctrl/WALLACE_CSA_DUMMY_OP16_groupi_g5591__7410/COUT -       CIN->COUT F     sky130_fd_sc_hs__fa_1           1  8.1    68   226    4123    (-,-) 
  u_tile_ctrl/WALLACE_CSA_DUMMY_OP16_groupi_g5590__1666/COUT -       CIN->COUT F     sky130_fd_sc_hs__fa_1           2  7.5    64   223    4346    (-,-) 
  u_tile_ctrl/WALLACE_CSA_DUMMY_OP16_groupi_g5589__2346/Y    -       B_N->Y    F     sky130_fd_sc_hs__nor2b_1        2  6.0    43    98    4444    (-,-) 
  u_tile_ctrl/WALLACE_CSA_DUMMY_OP16_groupi_g5586__9315/Y    -       B->Y      R     sky130_fd_sc_hs__nand2b_1       2  5.7    69    74    4518    (-,-) 
  u_tile_ctrl/WALLACE_CSA_DUMMY_OP16_groupi_g5583__7482/Y    -       C->Y      F     sky130_fd_sc_hs__nor3_1         1  3.1    52    40    4558    (-,-) 
  u_tile_ctrl/WALLACE_CSA_DUMMY_OP16_groupi_g5580__6131/Y    -       B->Y      R     sky130_fd_sc_hs__nor3b_1        3 10.9   284   249    4808    (-,-) 
  u_tile_ctrl/WALLACE_CSA_DUMMY_OP16_groupi_g5579__7098/X    -       C->X      R     sky130_fd_sc_hs__or3_1          2  5.5    54   124    4932    (-,-) 
  u_tile_ctrl/WALLACE_CSA_DUMMY_OP16_groupi_g5571__5526/Y    -       A3->Y     F     sky130_fd_sc_hs__o311ai_1       2  7.9   105    92    5023    (-,-) 
  u_tile_ctrl/WALLACE_CSA_DUMMY_OP16_groupi_g5570__8428/Y    -       B->Y      R     sky130_fd_sc_hs__nand2b_1       2  6.1    78   100    5123    (-,-) 
  u_tile_ctrl/WALLACE_CSA_DUMMY_OP16_groupi_g5566__2398/Y    -       A2->Y     F     sky130_fd_sc_hs__o221ai_1       1  8.1   118   126    5249    (-,-) 
  u_tile_ctrl/WALLACE_CSA_DUMMY_OP16_groupi_g5564__6417/COUT -       CIN->COUT F     sky130_fd_sc_hs__fa_1           1  8.1    68   243    5492    (-,-) 
  u_tile_ctrl/WALLACE_CSA_DUMMY_OP16_groupi_g5563__7410/COUT -       CIN->COUT F     sky130_fd_sc_hs__fa_1           2  7.9    67   225    5718    (-,-) 
  u_tile_ctrl/WALLACE_CSA_DUMMY_OP16_groupi_g5562__1666/Y    -       B->Y      R     sky130_fd_sc_hs__nand2b_1       2  6.1    74    86    5803    (-,-) 
  u_tile_ctrl/WALLACE_CSA_DUMMY_OP16_groupi_g5559__9945/Y    -       A2->Y     F     sky130_fd_sc_hs__o221ai_1       1  8.1   118   125    5928    (-,-) 
  u_tile_ctrl/WALLACE_CSA_DUMMY_OP16_groupi_g5557__6161/COUT -       CIN->COUT F     sky130_fd_sc_hs__fa_1           1  8.1    68   243    6172    (-,-) 
  u_tile_ctrl/WALLACE_CSA_DUMMY_OP16_groupi_g5556__4733/COUT -       CIN->COUT F     sky130_fd_sc_hs__fa_1           2  7.9    67   225    6397    (-,-) 
  u_tile_ctrl/WALLACE_CSA_DUMMY_OP16_groupi_g5555__7482/Y    -       B->Y      R     sky130_fd_sc_hs__nand2b_1       2  6.0    73    85    6482    (-,-) 
  u_tile_ctrl/WALLACE_CSA_DUMMY_OP16_groupi_g5552__6131/Y    -       B->Y      F     sky130_fd_sc_hs__nor2_1         2  5.8    49    47    6529    (-,-) 
  u_tile_ctrl/WALLACE_CSA_DUMMY_OP16_groupi_g5551__7098/Y    -       C_N->Y    F     sky130_fd_sc_hs__nor3b_1        2  6.3    59    94    6622    (-,-) 
  u_tile_ctrl/WALLACE_CSA_DUMMY_OP16_groupi_g5546__1617/X    -       B1->X     F     sky130_fd_sc_hs__a222o_1        3 10.0    78   299    6921    (-,-) 
  u_tile_ctrl/WALLACE_CSA_DUMMY_OP16_groupi_g5542__8428/X    -       A->X      F     sky130_fd_sc_hs__and4_1         4 12.4    57   137    7058    (-,-) 
  u_tile_ctrl/WALLACE_CSA_DUMMY_OP16_groupi_g5535__7410/Y    -       B_N->Y    F     sky130_fd_sc_hs__nor2b_1        3  8.4    47   104    7162    (-,-) 
  u_tile_ctrl/WALLACE_CSA_DUMMY_OP16_groupi_g5524__6131/Y    -       B_N->Y    F     sky130_fd_sc_hs__nor2b_1        2  5.9    34    92    7254    (-,-) 
  u_tile_ctrl/WALLACE_CSA_DUMMY_OP16_groupi_g5516__6783/Y    -       A->Y      R     sky130_fd_sc_hs__nand2_1        3  8.8    73    68    7323    (-,-) 
  u_tile_ctrl/WALLACE_CSA_DUMMY_OP16_groupi_g5503__9945/Y    -       B2->Y     F     sky130_fd_sc_hs__o2bb2ai_1      1  2.4    38    49    7371    (-,-) 
  u_tile_ctrl/dma_wr_addr_reg[57]/SCD                        -       -         F     sky130_fd_sc_hs__sdfxtp_1       1    -     -     4    7376    (-,-) 
#--------------------------------------------------------------------------------------------------------------------------------------------------------



Path 21: MET (2205 ps) Setup Check with Pin u_tile_ctrl/dma_wr_addr_reg[56]/CLK->SCD
          Group: clk
     Startpoint: (R) u_tile_ctrl/q_idx_reg[1]/CLK
          Clock: (R) clk
       Endpoint: (F) u_tile_ctrl/dma_wr_addr_reg[56]/SCD
          Clock: (R) clk

                     Capture       Launch     
        Clock Edge:+   10000            0     
       Src Latency:+       0            0     
       Net Latency:+       0 (I)        0 (I) 
           Arrival:=   10000            0     
                                              
             Setup:-     221                  
       Uncertainty:-     200                  
     Required Time:=    9579                  
      Launch Clock:-       0                  
         Data Path:-    7374                  
             Slack:=    2205                  

#--------------------------------------------------------------------------------------------------------------------------------------------------------
#                       Timing Point                         Flags     Arc     Edge            Cell             Fanout Load Trans Delay Arrival Instance 
#                                                                                                                      (fF)  (ps)  (ps)   (ps)  Location 
#--------------------------------------------------------------------------------------------------------------------------------------------------------
  u_tile_ctrl/q_idx_reg[1]/CLK                               -       -         R     (arrival)                    1242    -   100     0       0    (-,-) 
  u_tile_ctrl/q_idx_reg[1]/Q                                 -       CLK->Q    R     sky130_fd_sc_hs__dfrbp_1       17 51.4   401   488     488    (-,-) 
  u_tile_ctrl/drc_buf_sp10581/X                              -       A->X      R     sky130_fd_sc_hs__clkbuf_1      17 51.7   356   339     827    (-,-) 
  u_tile_ctrl/csa_tree_mul_121_78_g10287/Y                   -       A->Y      F     sky130_fd_sc_hs__nand2_1        2  8.6   112   116     943    (-,-) 
  u_tile_ctrl/csa_tree_mul_121_78_g10159/Y                   -       A->Y      R     sky130_fd_sc_hs__xnor2_1        3  9.1   179   195    1138    (-,-) 
  u_tile_ctrl/csa_tree_mul_121_78_g10151/Y                   -       A2_N->Y   R     sky130_fd_sc_hs__o2bb2ai_1      2 11.0   196   153    1291    (-,-) 
  u_tile_ctrl/WALLACE_CSA_DUMMY_OP16_groupi_g5686__6783/SUM  -       CIN->SUM  F     sky130_fd_sc_hs__fa_1           1 10.5    71   296    1588    (-,-) 
  u_tile_ctrl/WALLACE_CSA_DUMMY_OP16_groupi_g5605__5122/COUT -       A->COUT   F     sky130_fd_sc_hs__fa_1           1  8.1    68   269    1856    (-,-) 
  u_tile_ctrl/WALLACE_CSA_DUMMY_OP16_groupi_g5604__1705/COUT -       CIN->COUT F     sky130_fd_sc_hs__fa_1           1  8.1    68   226    2083    (-,-) 
  u_tile_ctrl/WALLACE_CSA_DUMMY_OP16_groupi_g5603__2802/COUT -       CIN->COUT F     sky130_fd_sc_hs__fa_1           1  8.1    68   226    2309    (-,-) 
  u_tile_ctrl/WALLACE_CSA_DUMMY_OP16_groupi_g5602__1617/COUT -       CIN->COUT F     sky130_fd_sc_hs__fa_1           1  8.1    68   226    2536    (-,-) 
  u_tile_ctrl/WALLACE_CSA_DUMMY_OP16_groupi_g5601__3680/COUT -       CIN->COUT F     sky130_fd_sc_hs__fa_1           2  7.9    67   225    2761    (-,-) 
  u_tile_ctrl/WALLACE_CSA_DUMMY_OP16_groupi_g5600__6783/Y    -       B->Y      R     sky130_fd_sc_hs__nand2b_1       2  6.4    76    87    2848    (-,-) 
  u_tile_ctrl/WALLACE_CSA_DUMMY_OP16_groupi_g5597__4319/Y    -       A2->Y     F     sky130_fd_sc_hs__o221ai_1       1  8.1   118   126    2974    (-,-) 
  u_tile_ctrl/WALLACE_CSA_DUMMY_OP16_groupi_g5595__5107/COUT -       CIN->COUT F     sky130_fd_sc_hs__fa_1           1  8.1    68   243    3217    (-,-) 
  u_tile_ctrl/WALLACE_CSA_DUMMY_OP16_groupi_g5594__2398/COUT -       CIN->COUT F     sky130_fd_sc_hs__fa_1           1  8.1    68   226    3444    (-,-) 
  u_tile_ctrl/WALLACE_CSA_DUMMY_OP16_groupi_g5593__5477/COUT -       CIN->COUT F     sky130_fd_sc_hs__fa_1           1  8.1    68   226    3670    (-,-) 
  u_tile_ctrl/WALLACE_CSA_DUMMY_OP16_groupi_g5592__6417/COUT -       CIN->COUT F     sky130_fd_sc_hs__fa_1           1  8.1    68   226    3896    (-,-) 
  u_tile_ctrl/WALLACE_CSA_DUMMY_OP16_groupi_g5591__7410/COUT -       CIN->COUT F     sky130_fd_sc_hs__fa_1           1  8.1    68   226    4123    (-,-) 
  u_tile_ctrl/WALLACE_CSA_DUMMY_OP16_groupi_g5590__1666/COUT -       CIN->COUT F     sky130_fd_sc_hs__fa_1           2  7.5    64   223    4346    (-,-) 
  u_tile_ctrl/WALLACE_CSA_DUMMY_OP16_groupi_g5589__2346/Y    -       B_N->Y    F     sky130_fd_sc_hs__nor2b_1        2  6.0    43    98    4444    (-,-) 
  u_tile_ctrl/WALLACE_CSA_DUMMY_OP16_groupi_g5586__9315/Y    -       B->Y      R     sky130_fd_sc_hs__nand2b_1       2  5.7    69    74    4518    (-,-) 
  u_tile_ctrl/WALLACE_CSA_DUMMY_OP16_groupi_g5583__7482/Y    -       C->Y      F     sky130_fd_sc_hs__nor3_1         1  3.1    52    40    4558    (-,-) 
  u_tile_ctrl/WALLACE_CSA_DUMMY_OP16_groupi_g5580__6131/Y    -       B->Y      R     sky130_fd_sc_hs__nor3b_1        3 10.9   284   249    4808    (-,-) 
  u_tile_ctrl/WALLACE_CSA_DUMMY_OP16_groupi_g5579__7098/X    -       C->X      R     sky130_fd_sc_hs__or3_1          2  5.5    54   124    4932    (-,-) 
  u_tile_ctrl/WALLACE_CSA_DUMMY_OP16_groupi_g5571__5526/Y    -       A3->Y     F     sky130_fd_sc_hs__o311ai_1       2  7.9   105    92    5023    (-,-) 
  u_tile_ctrl/WALLACE_CSA_DUMMY_OP16_groupi_g5570__8428/Y    -       B->Y      R     sky130_fd_sc_hs__nand2b_1       2  6.1    78   100    5123    (-,-) 
  u_tile_ctrl/WALLACE_CSA_DUMMY_OP16_groupi_g5566__2398/Y    -       A2->Y     F     sky130_fd_sc_hs__o221ai_1       1  8.1   118   126    5249    (-,-) 
  u_tile_ctrl/WALLACE_CSA_DUMMY_OP16_groupi_g5564__6417/COUT -       CIN->COUT F     sky130_fd_sc_hs__fa_1           1  8.1    68   243    5492    (-,-) 
  u_tile_ctrl/WALLACE_CSA_DUMMY_OP16_groupi_g5563__7410/COUT -       CIN->COUT F     sky130_fd_sc_hs__fa_1           2  7.9    67   225    5718    (-,-) 
  u_tile_ctrl/WALLACE_CSA_DUMMY_OP16_groupi_g5562__1666/Y    -       B->Y      R     sky130_fd_sc_hs__nand2b_1       2  6.1    74    86    5803    (-,-) 
  u_tile_ctrl/WALLACE_CSA_DUMMY_OP16_groupi_g5559__9945/Y    -       A2->Y     F     sky130_fd_sc_hs__o221ai_1       1  8.1   118   125    5928    (-,-) 
  u_tile_ctrl/WALLACE_CSA_DUMMY_OP16_groupi_g5557__6161/COUT -       CIN->COUT F     sky130_fd_sc_hs__fa_1           1  8.1    68   243    6172    (-,-) 
  u_tile_ctrl/WALLACE_CSA_DUMMY_OP16_groupi_g5556__4733/COUT -       CIN->COUT F     sky130_fd_sc_hs__fa_1           2  7.9    67   225    6397    (-,-) 
  u_tile_ctrl/WALLACE_CSA_DUMMY_OP16_groupi_g5555__7482/Y    -       B->Y      R     sky130_fd_sc_hs__nand2b_1       2  6.0    73    85    6482    (-,-) 
  u_tile_ctrl/WALLACE_CSA_DUMMY_OP16_groupi_g5552__6131/Y    -       B->Y      F     sky130_fd_sc_hs__nor2_1         2  5.8    49    47    6529    (-,-) 
  u_tile_ctrl/WALLACE_CSA_DUMMY_OP16_groupi_g5551__7098/Y    -       C_N->Y    F     sky130_fd_sc_hs__nor3b_1        2  6.3    59    94    6622    (-,-) 
  u_tile_ctrl/WALLACE_CSA_DUMMY_OP16_groupi_g5546__1617/X    -       B1->X     F     sky130_fd_sc_hs__a222o_1        3 10.0    78   299    6921    (-,-) 
  u_tile_ctrl/WALLACE_CSA_DUMMY_OP16_groupi_g5542__8428/X    -       A->X      F     sky130_fd_sc_hs__and4_1         4 12.4    57   137    7058    (-,-) 
  u_tile_ctrl/WALLACE_CSA_DUMMY_OP16_groupi_g5535__7410/Y    -       B_N->Y    F     sky130_fd_sc_hs__nor2b_1        3  8.4    47   104    7162    (-,-) 
  u_tile_ctrl/WALLACE_CSA_DUMMY_OP16_groupi_g5524__6131/Y    -       B_N->Y    F     sky130_fd_sc_hs__nor2b_1        2  5.9    34    92    7254    (-,-) 
  u_tile_ctrl/WALLACE_CSA_DUMMY_OP16_groupi_g5514__8428/X    -       A2->X     F     sky130_fd_sc_hs__o21a_1         1  2.4    26   115    7370    (-,-) 
  u_tile_ctrl/dma_wr_addr_reg[56]/SCD                        -       -         F     sky130_fd_sc_hs__sdfxtp_1       1    -     -     4    7374    (-,-) 
#--------------------------------------------------------------------------------------------------------------------------------------------------------



Path 22: MET (2262 ps) Setup Check with Pin u_tile_ctrl/dma_wr_addr_reg[61]/CLK->SCD
          Group: clk
     Startpoint: (R) u_tile_ctrl/q_idx_reg[1]/CLK
          Clock: (R) clk
       Endpoint: (F) u_tile_ctrl/dma_wr_addr_reg[61]/SCD
          Clock: (R) clk

                     Capture       Launch     
        Clock Edge:+   10000            0     
       Src Latency:+       0            0     
       Net Latency:+       0 (I)        0 (I) 
           Arrival:=   10000            0     
                                              
             Setup:-     225                  
       Uncertainty:-     200                  
     Required Time:=    9575                  
      Launch Clock:-       0                  
         Data Path:-    7313                  
             Slack:=    2262                  

#--------------------------------------------------------------------------------------------------------------------------------------------------------
#                       Timing Point                         Flags     Arc     Edge            Cell             Fanout Load Trans Delay Arrival Instance 
#                                                                                                                      (fF)  (ps)  (ps)   (ps)  Location 
#--------------------------------------------------------------------------------------------------------------------------------------------------------
  u_tile_ctrl/q_idx_reg[1]/CLK                               -       -         R     (arrival)                    1242    -   100     0       0    (-,-) 
  u_tile_ctrl/q_idx_reg[1]/Q                                 -       CLK->Q    R     sky130_fd_sc_hs__dfrbp_1       17 51.4   401   488     488    (-,-) 
  u_tile_ctrl/drc_buf_sp10581/X                              -       A->X      R     sky130_fd_sc_hs__clkbuf_1      17 51.7   356   339     827    (-,-) 
  u_tile_ctrl/csa_tree_mul_121_78_g10287/Y                   -       A->Y      F     sky130_fd_sc_hs__nand2_1        2  8.6   112   116     943    (-,-) 
  u_tile_ctrl/csa_tree_mul_121_78_g10159/Y                   -       A->Y      R     sky130_fd_sc_hs__xnor2_1        3  9.1   179   195    1138    (-,-) 
  u_tile_ctrl/csa_tree_mul_121_78_g10151/Y                   -       A2_N->Y   R     sky130_fd_sc_hs__o2bb2ai_1      2 11.0   196   153    1291    (-,-) 
  u_tile_ctrl/WALLACE_CSA_DUMMY_OP16_groupi_g5686__6783/SUM  -       CIN->SUM  F     sky130_fd_sc_hs__fa_1           1 10.5    71   296    1588    (-,-) 
  u_tile_ctrl/WALLACE_CSA_DUMMY_OP16_groupi_g5605__5122/COUT -       A->COUT   F     sky130_fd_sc_hs__fa_1           1  8.1    68   269    1856    (-,-) 
  u_tile_ctrl/WALLACE_CSA_DUMMY_OP16_groupi_g5604__1705/COUT -       CIN->COUT F     sky130_fd_sc_hs__fa_1           1  8.1    68   226    2083    (-,-) 
  u_tile_ctrl/WALLACE_CSA_DUMMY_OP16_groupi_g5603__2802/COUT -       CIN->COUT F     sky130_fd_sc_hs__fa_1           1  8.1    68   226    2309    (-,-) 
  u_tile_ctrl/WALLACE_CSA_DUMMY_OP16_groupi_g5602__1617/COUT -       CIN->COUT F     sky130_fd_sc_hs__fa_1           1  8.1    68   226    2536    (-,-) 
  u_tile_ctrl/WALLACE_CSA_DUMMY_OP16_groupi_g5601__3680/COUT -       CIN->COUT F     sky130_fd_sc_hs__fa_1           2  7.9    67   225    2761    (-,-) 
  u_tile_ctrl/WALLACE_CSA_DUMMY_OP16_groupi_g5600__6783/Y    -       B->Y      R     sky130_fd_sc_hs__nand2b_1       2  6.4    76    87    2848    (-,-) 
  u_tile_ctrl/WALLACE_CSA_DUMMY_OP16_groupi_g5597__4319/Y    -       A2->Y     F     sky130_fd_sc_hs__o221ai_1       1  8.1   118   126    2974    (-,-) 
  u_tile_ctrl/WALLACE_CSA_DUMMY_OP16_groupi_g5595__5107/COUT -       CIN->COUT F     sky130_fd_sc_hs__fa_1           1  8.1    68   243    3217    (-,-) 
  u_tile_ctrl/WALLACE_CSA_DUMMY_OP16_groupi_g5594__2398/COUT -       CIN->COUT F     sky130_fd_sc_hs__fa_1           1  8.1    68   226    3444    (-,-) 
  u_tile_ctrl/WALLACE_CSA_DUMMY_OP16_groupi_g5593__5477/COUT -       CIN->COUT F     sky130_fd_sc_hs__fa_1           1  8.1    68   226    3670    (-,-) 
  u_tile_ctrl/WALLACE_CSA_DUMMY_OP16_groupi_g5592__6417/COUT -       CIN->COUT F     sky130_fd_sc_hs__fa_1           1  8.1    68   226    3896    (-,-) 
  u_tile_ctrl/WALLACE_CSA_DUMMY_OP16_groupi_g5591__7410/COUT -       CIN->COUT F     sky130_fd_sc_hs__fa_1           1  8.1    68   226    4123    (-,-) 
  u_tile_ctrl/WALLACE_CSA_DUMMY_OP16_groupi_g5590__1666/COUT -       CIN->COUT F     sky130_fd_sc_hs__fa_1           2  7.5    64   223    4346    (-,-) 
  u_tile_ctrl/WALLACE_CSA_DUMMY_OP16_groupi_g5589__2346/Y    -       B_N->Y    F     sky130_fd_sc_hs__nor2b_1        2  6.0    43    98    4444    (-,-) 
  u_tile_ctrl/WALLACE_CSA_DUMMY_OP16_groupi_g5586__9315/Y    -       B->Y      R     sky130_fd_sc_hs__nand2b_1       2  5.7    69    74    4518    (-,-) 
  u_tile_ctrl/WALLACE_CSA_DUMMY_OP16_groupi_g5583__7482/Y    -       C->Y      F     sky130_fd_sc_hs__nor3_1         1  3.1    52    40    4558    (-,-) 
  u_tile_ctrl/WALLACE_CSA_DUMMY_OP16_groupi_g5580__6131/Y    -       B->Y      R     sky130_fd_sc_hs__nor3b_1        3 10.9   284   249    4808    (-,-) 
  u_tile_ctrl/WALLACE_CSA_DUMMY_OP16_groupi_g5579__7098/X    -       C->X      R     sky130_fd_sc_hs__or3_1          2  5.5    54   124    4932    (-,-) 
  u_tile_ctrl/WALLACE_CSA_DUMMY_OP16_groupi_g5571__5526/Y    -       A3->Y     F     sky130_fd_sc_hs__o311ai_1       2  7.9   105    92    5023    (-,-) 
  u_tile_ctrl/WALLACE_CSA_DUMMY_OP16_groupi_g5570__8428/Y    -       B->Y      R     sky130_fd_sc_hs__nand2b_1       2  6.1    78   100    5123    (-,-) 
  u_tile_ctrl/WALLACE_CSA_DUMMY_OP16_groupi_g5566__2398/Y    -       A2->Y     F     sky130_fd_sc_hs__o221ai_1       1  8.1   118   126    5249    (-,-) 
  u_tile_ctrl/WALLACE_CSA_DUMMY_OP16_groupi_g5564__6417/COUT -       CIN->COUT F     sky130_fd_sc_hs__fa_1           1  8.1    68   243    5492    (-,-) 
  u_tile_ctrl/WALLACE_CSA_DUMMY_OP16_groupi_g5563__7410/COUT -       CIN->COUT F     sky130_fd_sc_hs__fa_1           2  7.9    67   225    5718    (-,-) 
  u_tile_ctrl/WALLACE_CSA_DUMMY_OP16_groupi_g5562__1666/Y    -       B->Y      R     sky130_fd_sc_hs__nand2b_1       2  6.1    74    86    5803    (-,-) 
  u_tile_ctrl/WALLACE_CSA_DUMMY_OP16_groupi_g5559__9945/Y    -       A2->Y     F     sky130_fd_sc_hs__o221ai_1       1  8.1   118   125    5928    (-,-) 
  u_tile_ctrl/WALLACE_CSA_DUMMY_OP16_groupi_g5557__6161/COUT -       CIN->COUT F     sky130_fd_sc_hs__fa_1           1  8.1    68   243    6172    (-,-) 
  u_tile_ctrl/WALLACE_CSA_DUMMY_OP16_groupi_g5556__4733/COUT -       CIN->COUT F     sky130_fd_sc_hs__fa_1           2  7.9    67   225    6397    (-,-) 
  u_tile_ctrl/WALLACE_CSA_DUMMY_OP16_groupi_g5555__7482/Y    -       B->Y      R     sky130_fd_sc_hs__nand2b_1       2  6.0    73    85    6482    (-,-) 
  u_tile_ctrl/WALLACE_CSA_DUMMY_OP16_groupi_g5552__6131/Y    -       B->Y      F     sky130_fd_sc_hs__nor2_1         2  5.8    49    47    6529    (-,-) 
  u_tile_ctrl/WALLACE_CSA_DUMMY_OP16_groupi_g5551__7098/Y    -       C_N->Y    F     sky130_fd_sc_hs__nor3b_1        2  6.3    59    94    6622    (-,-) 
  u_tile_ctrl/WALLACE_CSA_DUMMY_OP16_groupi_g5546__1617/X    -       B1->X     F     sky130_fd_sc_hs__a222o_1        3 10.0    78   299    6921    (-,-) 
  u_tile_ctrl/WALLACE_CSA_DUMMY_OP16_groupi_g5542__8428/X    -       A->X      F     sky130_fd_sc_hs__and4_1         4 12.4    57   137    7058    (-,-) 
  u_tile_ctrl/WALLACE_CSA_DUMMY_OP16_groupi_g5538__2398/X    -       B->X      F     sky130_fd_sc_hs__and4b_1        3  8.7    47   129    7187    (-,-) 
  u_tile_ctrl/WALLACE_CSA_DUMMY_OP16_groupi_g5525__1881/Y    -       A->Y      R     sky130_fd_sc_hs__nand2_1        3  8.8    73    73    7260    (-,-) 
  u_tile_ctrl/WALLACE_CSA_DUMMY_OP16_groupi_g5509__5477/Y    -       B2->Y     F     sky130_fd_sc_hs__o2bb2ai_1      1  2.4    38    49    7309    (-,-) 
  u_tile_ctrl/dma_wr_addr_reg[61]/SCD                        -       -         F     sky130_fd_sc_hs__sdfxtp_1       1    -     -     4    7313    (-,-) 
#--------------------------------------------------------------------------------------------------------------------------------------------------------



Path 23: MET (2268 ps) Setup Check with Pin u_tile_ctrl/dma_wr_addr_reg[60]/CLK->SCD
          Group: clk
     Startpoint: (R) u_tile_ctrl/q_idx_reg[1]/CLK
          Clock: (R) clk
       Endpoint: (F) u_tile_ctrl/dma_wr_addr_reg[60]/SCD
          Clock: (R) clk

                     Capture       Launch     
        Clock Edge:+   10000            0     
       Src Latency:+       0            0     
       Net Latency:+       0 (I)        0 (I) 
           Arrival:=   10000            0     
                                              
             Setup:-     221                  
       Uncertainty:-     200                  
     Required Time:=    9579                  
      Launch Clock:-       0                  
         Data Path:-    7311                  
             Slack:=    2268                  

#--------------------------------------------------------------------------------------------------------------------------------------------------------
#                       Timing Point                         Flags     Arc     Edge            Cell             Fanout Load Trans Delay Arrival Instance 
#                                                                                                                      (fF)  (ps)  (ps)   (ps)  Location 
#--------------------------------------------------------------------------------------------------------------------------------------------------------
  u_tile_ctrl/q_idx_reg[1]/CLK                               -       -         R     (arrival)                    1242    -   100     0       0    (-,-) 
  u_tile_ctrl/q_idx_reg[1]/Q                                 -       CLK->Q    R     sky130_fd_sc_hs__dfrbp_1       17 51.4   401   488     488    (-,-) 
  u_tile_ctrl/drc_buf_sp10581/X                              -       A->X      R     sky130_fd_sc_hs__clkbuf_1      17 51.7   356   339     827    (-,-) 
  u_tile_ctrl/csa_tree_mul_121_78_g10287/Y                   -       A->Y      F     sky130_fd_sc_hs__nand2_1        2  8.6   112   116     943    (-,-) 
  u_tile_ctrl/csa_tree_mul_121_78_g10159/Y                   -       A->Y      R     sky130_fd_sc_hs__xnor2_1        3  9.1   179   195    1138    (-,-) 
  u_tile_ctrl/csa_tree_mul_121_78_g10151/Y                   -       A2_N->Y   R     sky130_fd_sc_hs__o2bb2ai_1      2 11.0   196   153    1291    (-,-) 
  u_tile_ctrl/WALLACE_CSA_DUMMY_OP16_groupi_g5686__6783/SUM  -       CIN->SUM  F     sky130_fd_sc_hs__fa_1           1 10.5    71   296    1588    (-,-) 
  u_tile_ctrl/WALLACE_CSA_DUMMY_OP16_groupi_g5605__5122/COUT -       A->COUT   F     sky130_fd_sc_hs__fa_1           1  8.1    68   269    1856    (-,-) 
  u_tile_ctrl/WALLACE_CSA_DUMMY_OP16_groupi_g5604__1705/COUT -       CIN->COUT F     sky130_fd_sc_hs__fa_1           1  8.1    68   226    2083    (-,-) 
  u_tile_ctrl/WALLACE_CSA_DUMMY_OP16_groupi_g5603__2802/COUT -       CIN->COUT F     sky130_fd_sc_hs__fa_1           1  8.1    68   226    2309    (-,-) 
  u_tile_ctrl/WALLACE_CSA_DUMMY_OP16_groupi_g5602__1617/COUT -       CIN->COUT F     sky130_fd_sc_hs__fa_1           1  8.1    68   226    2536    (-,-) 
  u_tile_ctrl/WALLACE_CSA_DUMMY_OP16_groupi_g5601__3680/COUT -       CIN->COUT F     sky130_fd_sc_hs__fa_1           2  7.9    67   225    2761    (-,-) 
  u_tile_ctrl/WALLACE_CSA_DUMMY_OP16_groupi_g5600__6783/Y    -       B->Y      R     sky130_fd_sc_hs__nand2b_1       2  6.4    76    87    2848    (-,-) 
  u_tile_ctrl/WALLACE_CSA_DUMMY_OP16_groupi_g5597__4319/Y    -       A2->Y     F     sky130_fd_sc_hs__o221ai_1       1  8.1   118   126    2974    (-,-) 
  u_tile_ctrl/WALLACE_CSA_DUMMY_OP16_groupi_g5595__5107/COUT -       CIN->COUT F     sky130_fd_sc_hs__fa_1           1  8.1    68   243    3217    (-,-) 
  u_tile_ctrl/WALLACE_CSA_DUMMY_OP16_groupi_g5594__2398/COUT -       CIN->COUT F     sky130_fd_sc_hs__fa_1           1  8.1    68   226    3444    (-,-) 
  u_tile_ctrl/WALLACE_CSA_DUMMY_OP16_groupi_g5593__5477/COUT -       CIN->COUT F     sky130_fd_sc_hs__fa_1           1  8.1    68   226    3670    (-,-) 
  u_tile_ctrl/WALLACE_CSA_DUMMY_OP16_groupi_g5592__6417/COUT -       CIN->COUT F     sky130_fd_sc_hs__fa_1           1  8.1    68   226    3896    (-,-) 
  u_tile_ctrl/WALLACE_CSA_DUMMY_OP16_groupi_g5591__7410/COUT -       CIN->COUT F     sky130_fd_sc_hs__fa_1           1  8.1    68   226    4123    (-,-) 
  u_tile_ctrl/WALLACE_CSA_DUMMY_OP16_groupi_g5590__1666/COUT -       CIN->COUT F     sky130_fd_sc_hs__fa_1           2  7.5    64   223    4346    (-,-) 
  u_tile_ctrl/WALLACE_CSA_DUMMY_OP16_groupi_g5589__2346/Y    -       B_N->Y    F     sky130_fd_sc_hs__nor2b_1        2  6.0    43    98    4444    (-,-) 
  u_tile_ctrl/WALLACE_CSA_DUMMY_OP16_groupi_g5586__9315/Y    -       B->Y      R     sky130_fd_sc_hs__nand2b_1       2  5.7    69    74    4518    (-,-) 
  u_tile_ctrl/WALLACE_CSA_DUMMY_OP16_groupi_g5583__7482/Y    -       C->Y      F     sky130_fd_sc_hs__nor3_1         1  3.1    52    40    4558    (-,-) 
  u_tile_ctrl/WALLACE_CSA_DUMMY_OP16_groupi_g5580__6131/Y    -       B->Y      R     sky130_fd_sc_hs__nor3b_1        3 10.9   284   249    4808    (-,-) 
  u_tile_ctrl/WALLACE_CSA_DUMMY_OP16_groupi_g5579__7098/X    -       C->X      R     sky130_fd_sc_hs__or3_1          2  5.5    54   124    4932    (-,-) 
  u_tile_ctrl/WALLACE_CSA_DUMMY_OP16_groupi_g5571__5526/Y    -       A3->Y     F     sky130_fd_sc_hs__o311ai_1       2  7.9   105    92    5023    (-,-) 
  u_tile_ctrl/WALLACE_CSA_DUMMY_OP16_groupi_g5570__8428/Y    -       B->Y      R     sky130_fd_sc_hs__nand2b_1       2  6.1    78   100    5123    (-,-) 
  u_tile_ctrl/WALLACE_CSA_DUMMY_OP16_groupi_g5566__2398/Y    -       A2->Y     F     sky130_fd_sc_hs__o221ai_1       1  8.1   118   126    5249    (-,-) 
  u_tile_ctrl/WALLACE_CSA_DUMMY_OP16_groupi_g5564__6417/COUT -       CIN->COUT F     sky130_fd_sc_hs__fa_1           1  8.1    68   243    5492    (-,-) 
  u_tile_ctrl/WALLACE_CSA_DUMMY_OP16_groupi_g5563__7410/COUT -       CIN->COUT F     sky130_fd_sc_hs__fa_1           2  7.9    67   225    5718    (-,-) 
  u_tile_ctrl/WALLACE_CSA_DUMMY_OP16_groupi_g5562__1666/Y    -       B->Y      R     sky130_fd_sc_hs__nand2b_1       2  6.1    74    86    5803    (-,-) 
  u_tile_ctrl/WALLACE_CSA_DUMMY_OP16_groupi_g5559__9945/Y    -       A2->Y     F     sky130_fd_sc_hs__o221ai_1       1  8.1   118   125    5928    (-,-) 
  u_tile_ctrl/WALLACE_CSA_DUMMY_OP16_groupi_g5557__6161/COUT -       CIN->COUT F     sky130_fd_sc_hs__fa_1           1  8.1    68   243    6172    (-,-) 
  u_tile_ctrl/WALLACE_CSA_DUMMY_OP16_groupi_g5556__4733/COUT -       CIN->COUT F     sky130_fd_sc_hs__fa_1           2  7.9    67   225    6397    (-,-) 
  u_tile_ctrl/WALLACE_CSA_DUMMY_OP16_groupi_g5555__7482/Y    -       B->Y      R     sky130_fd_sc_hs__nand2b_1       2  6.0    73    85    6482    (-,-) 
  u_tile_ctrl/WALLACE_CSA_DUMMY_OP16_groupi_g5552__6131/Y    -       B->Y      F     sky130_fd_sc_hs__nor2_1         2  5.8    49    47    6529    (-,-) 
  u_tile_ctrl/WALLACE_CSA_DUMMY_OP16_groupi_g5551__7098/Y    -       C_N->Y    F     sky130_fd_sc_hs__nor3b_1        2  6.3    59    94    6622    (-,-) 
  u_tile_ctrl/WALLACE_CSA_DUMMY_OP16_groupi_g5546__1617/X    -       B1->X     F     sky130_fd_sc_hs__a222o_1        3 10.0    78   299    6921    (-,-) 
  u_tile_ctrl/WALLACE_CSA_DUMMY_OP16_groupi_g5542__8428/X    -       A->X      F     sky130_fd_sc_hs__and4_1         4 12.4    57   137    7058    (-,-) 
  u_tile_ctrl/WALLACE_CSA_DUMMY_OP16_groupi_g5538__2398/X    -       B->X      F     sky130_fd_sc_hs__and4b_1        3  8.7    47   129    7187    (-,-) 
  u_tile_ctrl/WALLACE_CSA_DUMMY_OP16_groupi_g5518__1617/X    -       A2->X     F     sky130_fd_sc_hs__o21a_1         1  2.4    26   119    7306    (-,-) 
  u_tile_ctrl/dma_wr_addr_reg[60]/SCD                        -       -         F     sky130_fd_sc_hs__sdfxtp_1       1    -     -     4    7311    (-,-) 
#--------------------------------------------------------------------------------------------------------------------------------------------------------



Path 24: MET (2271 ps) Setup Check with Pin u_tile_ctrl/dma_wr_addr_reg[51]/CLK->SCD
          Group: clk
     Startpoint: (R) u_tile_ctrl/q_idx_reg[1]/CLK
          Clock: (R) clk
       Endpoint: (F) u_tile_ctrl/dma_wr_addr_reg[51]/SCD
          Clock: (R) clk

                     Capture       Launch     
        Clock Edge:+   10000            0     
       Src Latency:+       0            0     
       Net Latency:+       0 (I)        0 (I) 
           Arrival:=   10000            0     
                                              
             Setup:-     222                  
       Uncertainty:-     200                  
     Required Time:=    9578                  
      Launch Clock:-       0                  
         Data Path:-    7307                  
             Slack:=    2271                  

#--------------------------------------------------------------------------------------------------------------------------------------------------------
#                       Timing Point                         Flags     Arc     Edge            Cell             Fanout Load Trans Delay Arrival Instance 
#                                                                                                                      (fF)  (ps)  (ps)   (ps)  Location 
#--------------------------------------------------------------------------------------------------------------------------------------------------------
  u_tile_ctrl/q_idx_reg[1]/CLK                               -       -         R     (arrival)                    1242    -   100     0       0    (-,-) 
  u_tile_ctrl/q_idx_reg[1]/Q                                 -       CLK->Q    R     sky130_fd_sc_hs__dfrbp_1       17 51.4   401   488     488    (-,-) 
  u_tile_ctrl/drc_buf_sp10581/X                              -       A->X      R     sky130_fd_sc_hs__clkbuf_1      17 51.7   356   339     827    (-,-) 
  u_tile_ctrl/csa_tree_mul_121_78_g10287/Y                   -       A->Y      F     sky130_fd_sc_hs__nand2_1        2  8.6   112   116     943    (-,-) 
  u_tile_ctrl/csa_tree_mul_121_78_g10159/Y                   -       A->Y      R     sky130_fd_sc_hs__xnor2_1        3  9.1   179   195    1138    (-,-) 
  u_tile_ctrl/csa_tree_mul_121_78_g10151/Y                   -       A2_N->Y   R     sky130_fd_sc_hs__o2bb2ai_1      2 11.0   196   153    1291    (-,-) 
  u_tile_ctrl/WALLACE_CSA_DUMMY_OP16_groupi_g5686__6783/SUM  -       CIN->SUM  F     sky130_fd_sc_hs__fa_1           1 10.5    71   296    1588    (-,-) 
  u_tile_ctrl/WALLACE_CSA_DUMMY_OP16_groupi_g5605__5122/COUT -       A->COUT   F     sky130_fd_sc_hs__fa_1           1  8.1    68   269    1856    (-,-) 
  u_tile_ctrl/WALLACE_CSA_DUMMY_OP16_groupi_g5604__1705/COUT -       CIN->COUT F     sky130_fd_sc_hs__fa_1           1  8.1    68   226    2083    (-,-) 
  u_tile_ctrl/WALLACE_CSA_DUMMY_OP16_groupi_g5603__2802/COUT -       CIN->COUT F     sky130_fd_sc_hs__fa_1           1  8.1    68   226    2309    (-,-) 
  u_tile_ctrl/WALLACE_CSA_DUMMY_OP16_groupi_g5602__1617/COUT -       CIN->COUT F     sky130_fd_sc_hs__fa_1           1  8.1    68   226    2536    (-,-) 
  u_tile_ctrl/WALLACE_CSA_DUMMY_OP16_groupi_g5601__3680/COUT -       CIN->COUT F     sky130_fd_sc_hs__fa_1           2  7.9    67   225    2761    (-,-) 
  u_tile_ctrl/WALLACE_CSA_DUMMY_OP16_groupi_g5600__6783/Y    -       B->Y      R     sky130_fd_sc_hs__nand2b_1       2  6.4    76    87    2848    (-,-) 
  u_tile_ctrl/WALLACE_CSA_DUMMY_OP16_groupi_g5597__4319/Y    -       A2->Y     F     sky130_fd_sc_hs__o221ai_1       1  8.1   118   126    2974    (-,-) 
  u_tile_ctrl/WALLACE_CSA_DUMMY_OP16_groupi_g5595__5107/COUT -       CIN->COUT F     sky130_fd_sc_hs__fa_1           1  8.1    68   243    3217    (-,-) 
  u_tile_ctrl/WALLACE_CSA_DUMMY_OP16_groupi_g5594__2398/COUT -       CIN->COUT F     sky130_fd_sc_hs__fa_1           1  8.1    68   226    3444    (-,-) 
  u_tile_ctrl/WALLACE_CSA_DUMMY_OP16_groupi_g5593__5477/COUT -       CIN->COUT F     sky130_fd_sc_hs__fa_1           1  8.1    68   226    3670    (-,-) 
  u_tile_ctrl/WALLACE_CSA_DUMMY_OP16_groupi_g5592__6417/COUT -       CIN->COUT F     sky130_fd_sc_hs__fa_1           1  8.1    68   226    3896    (-,-) 
  u_tile_ctrl/WALLACE_CSA_DUMMY_OP16_groupi_g5591__7410/COUT -       CIN->COUT F     sky130_fd_sc_hs__fa_1           1  8.1    68   226    4123    (-,-) 
  u_tile_ctrl/WALLACE_CSA_DUMMY_OP16_groupi_g5590__1666/COUT -       CIN->COUT F     sky130_fd_sc_hs__fa_1           2  7.5    64   223    4346    (-,-) 
  u_tile_ctrl/WALLACE_CSA_DUMMY_OP16_groupi_g5589__2346/Y    -       B_N->Y    F     sky130_fd_sc_hs__nor2b_1        2  6.0    43    98    4444    (-,-) 
  u_tile_ctrl/WALLACE_CSA_DUMMY_OP16_groupi_g5586__9315/Y    -       B->Y      R     sky130_fd_sc_hs__nand2b_1       2  5.7    69    74    4518    (-,-) 
  u_tile_ctrl/WALLACE_CSA_DUMMY_OP16_groupi_g5583__7482/Y    -       C->Y      F     sky130_fd_sc_hs__nor3_1         1  3.1    52    40    4558    (-,-) 
  u_tile_ctrl/WALLACE_CSA_DUMMY_OP16_groupi_g5580__6131/Y    -       B->Y      R     sky130_fd_sc_hs__nor3b_1        3 10.9   284   249    4808    (-,-) 
  u_tile_ctrl/WALLACE_CSA_DUMMY_OP16_groupi_g5579__7098/X    -       C->X      R     sky130_fd_sc_hs__or3_1          2  5.5    54   124    4932    (-,-) 
  u_tile_ctrl/WALLACE_CSA_DUMMY_OP16_groupi_g5571__5526/Y    -       A3->Y     F     sky130_fd_sc_hs__o311ai_1       2  7.9   105    92    5023    (-,-) 
  u_tile_ctrl/WALLACE_CSA_DUMMY_OP16_groupi_g5570__8428/Y    -       B->Y      R     sky130_fd_sc_hs__nand2b_1       2  6.1    78   100    5123    (-,-) 
  u_tile_ctrl/WALLACE_CSA_DUMMY_OP16_groupi_g5566__2398/Y    -       A2->Y     F     sky130_fd_sc_hs__o221ai_1       1  8.1   118   126    5249    (-,-) 
  u_tile_ctrl/WALLACE_CSA_DUMMY_OP16_groupi_g5564__6417/COUT -       CIN->COUT F     sky130_fd_sc_hs__fa_1           1  8.1    68   243    5492    (-,-) 
  u_tile_ctrl/WALLACE_CSA_DUMMY_OP16_groupi_g5563__7410/COUT -       CIN->COUT F     sky130_fd_sc_hs__fa_1           2  7.9    67   225    5718    (-,-) 
  u_tile_ctrl/WALLACE_CSA_DUMMY_OP16_groupi_g5562__1666/Y    -       B->Y      R     sky130_fd_sc_hs__nand2b_1       2  6.1    74    86    5803    (-,-) 
  u_tile_ctrl/WALLACE_CSA_DUMMY_OP16_groupi_g5559__9945/Y    -       A2->Y     F     sky130_fd_sc_hs__o221ai_1       1  8.1   118   125    5928    (-,-) 
  u_tile_ctrl/WALLACE_CSA_DUMMY_OP16_groupi_g5557__6161/COUT -       CIN->COUT F     sky130_fd_sc_hs__fa_1           1  8.1    68   243    6172    (-,-) 
  u_tile_ctrl/WALLACE_CSA_DUMMY_OP16_groupi_g5556__4733/COUT -       CIN->COUT F     sky130_fd_sc_hs__fa_1           2  7.9    67   225    6397    (-,-) 
  u_tile_ctrl/WALLACE_CSA_DUMMY_OP16_groupi_g5555__7482/Y    -       B->Y      R     sky130_fd_sc_hs__nand2b_1       2  6.0    73    85    6482    (-,-) 
  u_tile_ctrl/WALLACE_CSA_DUMMY_OP16_groupi_g5552__6131/Y    -       B->Y      F     sky130_fd_sc_hs__nor2_1         2  5.8    49    47    6529    (-,-) 
  u_tile_ctrl/WALLACE_CSA_DUMMY_OP16_groupi_g5551__7098/Y    -       C_N->Y    F     sky130_fd_sc_hs__nor3b_1        2  6.3    59    94    6622    (-,-) 
  u_tile_ctrl/WALLACE_CSA_DUMMY_OP16_groupi_g5546__1617/X    -       B1->X     F     sky130_fd_sc_hs__a222o_1        3 10.0    78   299    6921    (-,-) 
  u_tile_ctrl/WALLACE_CSA_DUMMY_OP16_groupi_g5542__8428/X    -       A->X      F     sky130_fd_sc_hs__and4_1         4 12.4    57   137    7058    (-,-) 
  u_tile_ctrl/WALLACE_CSA_DUMMY_OP16_groupi_g5515__5526/COUT -       B->COUT   F     sky130_fd_sc_hs__ha_1           1  4.7    34   118    7176    (-,-) 
  u_tile_ctrl/WALLACE_CSA_DUMMY_OP16_groupi_g5504__2883/SUM  -       B->SUM    F     sky130_fd_sc_hs__ha_1           1  2.4    28   126    7303    (-,-) 
  u_tile_ctrl/dma_wr_addr_reg[51]/SCD                        -       -         F     sky130_fd_sc_hs__sdfxtp_1       1    -     -     4    7307    (-,-) 
#--------------------------------------------------------------------------------------------------------------------------------------------------------



Path 25: MET (2286 ps) Setup Check with Pin u_tile_ctrl/dma_wr_addr_reg[55]/CLK->SCD
          Group: clk
     Startpoint: (R) u_tile_ctrl/q_idx_reg[1]/CLK
          Clock: (R) clk
       Endpoint: (F) u_tile_ctrl/dma_wr_addr_reg[55]/SCD
          Clock: (R) clk

                     Capture       Launch     
        Clock Edge:+   10000            0     
       Src Latency:+       0            0     
       Net Latency:+       0 (I)        0 (I) 
           Arrival:=   10000            0     
                                              
             Setup:-     225                  
       Uncertainty:-     200                  
     Required Time:=    9575                  
      Launch Clock:-       0                  
         Data Path:-    7289                  
             Slack:=    2286                  

#--------------------------------------------------------------------------------------------------------------------------------------------------------
#                       Timing Point                         Flags     Arc     Edge            Cell             Fanout Load Trans Delay Arrival Instance 
#                                                                                                                      (fF)  (ps)  (ps)   (ps)  Location 
#--------------------------------------------------------------------------------------------------------------------------------------------------------
  u_tile_ctrl/q_idx_reg[1]/CLK                               -       -         R     (arrival)                    1242    -   100     0       0    (-,-) 
  u_tile_ctrl/q_idx_reg[1]/Q                                 -       CLK->Q    R     sky130_fd_sc_hs__dfrbp_1       17 51.4   401   488     488    (-,-) 
  u_tile_ctrl/drc_buf_sp10581/X                              -       A->X      R     sky130_fd_sc_hs__clkbuf_1      17 51.7   356   339     827    (-,-) 
  u_tile_ctrl/csa_tree_mul_121_78_g10287/Y                   -       A->Y      F     sky130_fd_sc_hs__nand2_1        2  8.6   112   116     943    (-,-) 
  u_tile_ctrl/csa_tree_mul_121_78_g10159/Y                   -       A->Y      R     sky130_fd_sc_hs__xnor2_1        3  9.1   179   195    1138    (-,-) 
  u_tile_ctrl/csa_tree_mul_121_78_g10151/Y                   -       A2_N->Y   R     sky130_fd_sc_hs__o2bb2ai_1      2 11.0   196   153    1291    (-,-) 
  u_tile_ctrl/WALLACE_CSA_DUMMY_OP16_groupi_g5686__6783/SUM  -       CIN->SUM  F     sky130_fd_sc_hs__fa_1           1 10.5    71   296    1588    (-,-) 
  u_tile_ctrl/WALLACE_CSA_DUMMY_OP16_groupi_g5605__5122/COUT -       A->COUT   F     sky130_fd_sc_hs__fa_1           1  8.1    68   269    1856    (-,-) 
  u_tile_ctrl/WALLACE_CSA_DUMMY_OP16_groupi_g5604__1705/COUT -       CIN->COUT F     sky130_fd_sc_hs__fa_1           1  8.1    68   226    2083    (-,-) 
  u_tile_ctrl/WALLACE_CSA_DUMMY_OP16_groupi_g5603__2802/COUT -       CIN->COUT F     sky130_fd_sc_hs__fa_1           1  8.1    68   226    2309    (-,-) 
  u_tile_ctrl/WALLACE_CSA_DUMMY_OP16_groupi_g5602__1617/COUT -       CIN->COUT F     sky130_fd_sc_hs__fa_1           1  8.1    68   226    2536    (-,-) 
  u_tile_ctrl/WALLACE_CSA_DUMMY_OP16_groupi_g5601__3680/COUT -       CIN->COUT F     sky130_fd_sc_hs__fa_1           2  7.9    67   225    2761    (-,-) 
  u_tile_ctrl/WALLACE_CSA_DUMMY_OP16_groupi_g5600__6783/Y    -       B->Y      R     sky130_fd_sc_hs__nand2b_1       2  6.4    76    87    2848    (-,-) 
  u_tile_ctrl/WALLACE_CSA_DUMMY_OP16_groupi_g5597__4319/Y    -       A2->Y     F     sky130_fd_sc_hs__o221ai_1       1  8.1   118   126    2974    (-,-) 
  u_tile_ctrl/WALLACE_CSA_DUMMY_OP16_groupi_g5595__5107/COUT -       CIN->COUT F     sky130_fd_sc_hs__fa_1           1  8.1    68   243    3217    (-,-) 
  u_tile_ctrl/WALLACE_CSA_DUMMY_OP16_groupi_g5594__2398/COUT -       CIN->COUT F     sky130_fd_sc_hs__fa_1           1  8.1    68   226    3444    (-,-) 
  u_tile_ctrl/WALLACE_CSA_DUMMY_OP16_groupi_g5593__5477/COUT -       CIN->COUT F     sky130_fd_sc_hs__fa_1           1  8.1    68   226    3670    (-,-) 
  u_tile_ctrl/WALLACE_CSA_DUMMY_OP16_groupi_g5592__6417/COUT -       CIN->COUT F     sky130_fd_sc_hs__fa_1           1  8.1    68   226    3896    (-,-) 
  u_tile_ctrl/WALLACE_CSA_DUMMY_OP16_groupi_g5591__7410/COUT -       CIN->COUT F     sky130_fd_sc_hs__fa_1           1  8.1    68   226    4123    (-,-) 
  u_tile_ctrl/WALLACE_CSA_DUMMY_OP16_groupi_g5590__1666/COUT -       CIN->COUT F     sky130_fd_sc_hs__fa_1           2  7.5    64   223    4346    (-,-) 
  u_tile_ctrl/WALLACE_CSA_DUMMY_OP16_groupi_g5589__2346/Y    -       B_N->Y    F     sky130_fd_sc_hs__nor2b_1        2  6.0    43    98    4444    (-,-) 
  u_tile_ctrl/WALLACE_CSA_DUMMY_OP16_groupi_g5586__9315/Y    -       B->Y      R     sky130_fd_sc_hs__nand2b_1       2  5.7    69    74    4518    (-,-) 
  u_tile_ctrl/WALLACE_CSA_DUMMY_OP16_groupi_g5583__7482/Y    -       C->Y      F     sky130_fd_sc_hs__nor3_1         1  3.1    52    40    4558    (-,-) 
  u_tile_ctrl/WALLACE_CSA_DUMMY_OP16_groupi_g5580__6131/Y    -       B->Y      R     sky130_fd_sc_hs__nor3b_1        3 10.9   284   249    4808    (-,-) 
  u_tile_ctrl/WALLACE_CSA_DUMMY_OP16_groupi_g5579__7098/X    -       C->X      R     sky130_fd_sc_hs__or3_1          2  5.5    54   124    4932    (-,-) 
  u_tile_ctrl/WALLACE_CSA_DUMMY_OP16_groupi_g5571__5526/Y    -       A3->Y     F     sky130_fd_sc_hs__o311ai_1       2  7.9   105    92    5023    (-,-) 
  u_tile_ctrl/WALLACE_CSA_DUMMY_OP16_groupi_g5570__8428/Y    -       B->Y      R     sky130_fd_sc_hs__nand2b_1       2  6.1    78   100    5123    (-,-) 
  u_tile_ctrl/WALLACE_CSA_DUMMY_OP16_groupi_g5566__2398/Y    -       A2->Y     F     sky130_fd_sc_hs__o221ai_1       1  8.1   118   126    5249    (-,-) 
  u_tile_ctrl/WALLACE_CSA_DUMMY_OP16_groupi_g5564__6417/COUT -       CIN->COUT F     sky130_fd_sc_hs__fa_1           1  8.1    68   243    5492    (-,-) 
  u_tile_ctrl/WALLACE_CSA_DUMMY_OP16_groupi_g5563__7410/COUT -       CIN->COUT F     sky130_fd_sc_hs__fa_1           2  7.9    67   225    5718    (-,-) 
  u_tile_ctrl/WALLACE_CSA_DUMMY_OP16_groupi_g5562__1666/Y    -       B->Y      R     sky130_fd_sc_hs__nand2b_1       2  6.1    74    86    5803    (-,-) 
  u_tile_ctrl/WALLACE_CSA_DUMMY_OP16_groupi_g5559__9945/Y    -       A2->Y     F     sky130_fd_sc_hs__o221ai_1       1  8.1   118   125    5928    (-,-) 
  u_tile_ctrl/WALLACE_CSA_DUMMY_OP16_groupi_g5557__6161/COUT -       CIN->COUT F     sky130_fd_sc_hs__fa_1           1  8.1    68   243    6172    (-,-) 
  u_tile_ctrl/WALLACE_CSA_DUMMY_OP16_groupi_g5556__4733/COUT -       CIN->COUT F     sky130_fd_sc_hs__fa_1           2  7.9    67   225    6397    (-,-) 
  u_tile_ctrl/WALLACE_CSA_DUMMY_OP16_groupi_g5555__7482/Y    -       B->Y      R     sky130_fd_sc_hs__nand2b_1       2  6.0    73    85    6482    (-,-) 
  u_tile_ctrl/WALLACE_CSA_DUMMY_OP16_groupi_g5552__6131/Y    -       B->Y      F     sky130_fd_sc_hs__nor2_1         2  5.8    49    47    6529    (-,-) 
  u_tile_ctrl/WALLACE_CSA_DUMMY_OP16_groupi_g5551__7098/Y    -       C_N->Y    F     sky130_fd_sc_hs__nor3b_1        2  6.3    59    94    6622    (-,-) 
  u_tile_ctrl/WALLACE_CSA_DUMMY_OP16_groupi_g5546__1617/X    -       B1->X     F     sky130_fd_sc_hs__a222o_1        3 10.0    78   299    6921    (-,-) 
  u_tile_ctrl/WALLACE_CSA_DUMMY_OP16_groupi_g5542__8428/X    -       A->X      F     sky130_fd_sc_hs__and4_1         4 12.4    57   137    7058    (-,-) 
  u_tile_ctrl/WALLACE_CSA_DUMMY_OP16_groupi_g5535__7410/Y    -       B_N->Y    F     sky130_fd_sc_hs__nor2b_1        3  8.4    47   104    7162    (-,-) 
  u_tile_ctrl/WALLACE_CSA_DUMMY_OP16_groupi_g5528__4733/Y    -       A->Y      R     sky130_fd_sc_hs__nand2_1        3  8.8    73    73    7236    (-,-) 
  u_tile_ctrl/WALLACE_CSA_DUMMY_OP16_groupi_g5507__7410/Y    -       B2->Y     F     sky130_fd_sc_hs__o2bb2ai_1      1  2.4    38    49    7284    (-,-) 
  u_tile_ctrl/dma_wr_addr_reg[55]/SCD                        -       -         F     sky130_fd_sc_hs__sdfxtp_1       1    -     -     4    7289    (-,-) 
#--------------------------------------------------------------------------------------------------------------------------------------------------------



Path 26: MET (2288 ps) Setup Check with Pin u_tile_ctrl/dma_wr_addr_reg[45]/CLK->SCD
          Group: clk
     Startpoint: (R) u_tile_ctrl/q_idx_reg[1]/CLK
          Clock: (R) clk
       Endpoint: (F) u_tile_ctrl/dma_wr_addr_reg[45]/SCD
          Clock: (R) clk

                     Capture       Launch     
        Clock Edge:+   10000            0     
       Src Latency:+       0            0     
       Net Latency:+       0 (I)        0 (I) 
           Arrival:=   10000            0     
                                              
             Setup:-     225                  
       Uncertainty:-     200                  
     Required Time:=    9575                  
      Launch Clock:-       0                  
         Data Path:-    7287                  
             Slack:=    2288                  

#--------------------------------------------------------------------------------------------------------------------------------------------------------
#                       Timing Point                         Flags     Arc     Edge            Cell             Fanout Load Trans Delay Arrival Instance 
#                                                                                                                      (fF)  (ps)  (ps)   (ps)  Location 
#--------------------------------------------------------------------------------------------------------------------------------------------------------
  u_tile_ctrl/q_idx_reg[1]/CLK                               -       -         R     (arrival)                    1242    -   100     0       0    (-,-) 
  u_tile_ctrl/q_idx_reg[1]/Q                                 -       CLK->Q    R     sky130_fd_sc_hs__dfrbp_1       17 51.4   401   488     488    (-,-) 
  u_tile_ctrl/drc_buf_sp10581/X                              -       A->X      R     sky130_fd_sc_hs__clkbuf_1      17 51.7   356   339     827    (-,-) 
  u_tile_ctrl/csa_tree_mul_121_78_g10287/Y                   -       A->Y      F     sky130_fd_sc_hs__nand2_1        2  8.6   112   116     943    (-,-) 
  u_tile_ctrl/csa_tree_mul_121_78_g10159/Y                   -       A->Y      R     sky130_fd_sc_hs__xnor2_1        3  9.1   179   195    1138    (-,-) 
  u_tile_ctrl/csa_tree_mul_121_78_g10151/Y                   -       A2_N->Y   R     sky130_fd_sc_hs__o2bb2ai_1      2 11.0   196   153    1291    (-,-) 
  u_tile_ctrl/WALLACE_CSA_DUMMY_OP16_groupi_g5686__6783/SUM  -       CIN->SUM  F     sky130_fd_sc_hs__fa_1           1 10.5    71   296    1588    (-,-) 
  u_tile_ctrl/WALLACE_CSA_DUMMY_OP16_groupi_g5605__5122/COUT -       A->COUT   F     sky130_fd_sc_hs__fa_1           1  8.1    68   269    1856    (-,-) 
  u_tile_ctrl/WALLACE_CSA_DUMMY_OP16_groupi_g5604__1705/COUT -       CIN->COUT F     sky130_fd_sc_hs__fa_1           1  8.1    68   226    2083    (-,-) 
  u_tile_ctrl/WALLACE_CSA_DUMMY_OP16_groupi_g5603__2802/COUT -       CIN->COUT F     sky130_fd_sc_hs__fa_1           1  8.1    68   226    2309    (-,-) 
  u_tile_ctrl/WALLACE_CSA_DUMMY_OP16_groupi_g5602__1617/COUT -       CIN->COUT F     sky130_fd_sc_hs__fa_1           1  8.1    68   226    2536    (-,-) 
  u_tile_ctrl/WALLACE_CSA_DUMMY_OP16_groupi_g5601__3680/COUT -       CIN->COUT F     sky130_fd_sc_hs__fa_1           2  7.9    67   225    2761    (-,-) 
  u_tile_ctrl/WALLACE_CSA_DUMMY_OP16_groupi_g5600__6783/Y    -       B->Y      R     sky130_fd_sc_hs__nand2b_1       2  6.4    76    87    2848    (-,-) 
  u_tile_ctrl/WALLACE_CSA_DUMMY_OP16_groupi_g5597__4319/Y    -       A2->Y     F     sky130_fd_sc_hs__o221ai_1       1  8.1   118   126    2974    (-,-) 
  u_tile_ctrl/WALLACE_CSA_DUMMY_OP16_groupi_g5595__5107/COUT -       CIN->COUT F     sky130_fd_sc_hs__fa_1           1  8.1    68   243    3217    (-,-) 
  u_tile_ctrl/WALLACE_CSA_DUMMY_OP16_groupi_g5594__2398/COUT -       CIN->COUT F     sky130_fd_sc_hs__fa_1           1  8.1    68   226    3444    (-,-) 
  u_tile_ctrl/WALLACE_CSA_DUMMY_OP16_groupi_g5593__5477/COUT -       CIN->COUT F     sky130_fd_sc_hs__fa_1           1  8.1    68   226    3670    (-,-) 
  u_tile_ctrl/WALLACE_CSA_DUMMY_OP16_groupi_g5592__6417/COUT -       CIN->COUT F     sky130_fd_sc_hs__fa_1           1  8.1    68   226    3896    (-,-) 
  u_tile_ctrl/WALLACE_CSA_DUMMY_OP16_groupi_g5591__7410/COUT -       CIN->COUT F     sky130_fd_sc_hs__fa_1           1  8.1    68   226    4123    (-,-) 
  u_tile_ctrl/WALLACE_CSA_DUMMY_OP16_groupi_g5590__1666/COUT -       CIN->COUT F     sky130_fd_sc_hs__fa_1           2  7.5    64   223    4346    (-,-) 
  u_tile_ctrl/WALLACE_CSA_DUMMY_OP16_groupi_g5589__2346/Y    -       B_N->Y    F     sky130_fd_sc_hs__nor2b_1        2  6.0    43    98    4444    (-,-) 
  u_tile_ctrl/WALLACE_CSA_DUMMY_OP16_groupi_g5586__9315/Y    -       B->Y      R     sky130_fd_sc_hs__nand2b_1       2  5.7    69    74    4518    (-,-) 
  u_tile_ctrl/WALLACE_CSA_DUMMY_OP16_groupi_g5583__7482/Y    -       C->Y      F     sky130_fd_sc_hs__nor3_1         1  3.1    52    40    4558    (-,-) 
  u_tile_ctrl/WALLACE_CSA_DUMMY_OP16_groupi_g5580__6131/Y    -       B->Y      R     sky130_fd_sc_hs__nor3b_1        3 10.9   284   249    4808    (-,-) 
  u_tile_ctrl/WALLACE_CSA_DUMMY_OP16_groupi_g5579__7098/X    -       C->X      R     sky130_fd_sc_hs__or3_1          2  5.5    54   124    4932    (-,-) 
  u_tile_ctrl/WALLACE_CSA_DUMMY_OP16_groupi_g5571__5526/Y    -       A3->Y     F     sky130_fd_sc_hs__o311ai_1       2  7.9   105    92    5023    (-,-) 
  u_tile_ctrl/WALLACE_CSA_DUMMY_OP16_groupi_g5570__8428/Y    -       B->Y      R     sky130_fd_sc_hs__nand2b_1       2  6.1    78   100    5123    (-,-) 
  u_tile_ctrl/WALLACE_CSA_DUMMY_OP16_groupi_g5566__2398/Y    -       A2->Y     F     sky130_fd_sc_hs__o221ai_1       1  8.1   118   126    5249    (-,-) 
  u_tile_ctrl/WALLACE_CSA_DUMMY_OP16_groupi_g5564__6417/COUT -       CIN->COUT F     sky130_fd_sc_hs__fa_1           1  8.1    68   243    5492    (-,-) 
  u_tile_ctrl/WALLACE_CSA_DUMMY_OP16_groupi_g5563__7410/COUT -       CIN->COUT F     sky130_fd_sc_hs__fa_1           2  7.9    67   225    5718    (-,-) 
  u_tile_ctrl/WALLACE_CSA_DUMMY_OP16_groupi_g5562__1666/Y    -       B->Y      R     sky130_fd_sc_hs__nand2b_1       2  6.1    74    86    5803    (-,-) 
  u_tile_ctrl/WALLACE_CSA_DUMMY_OP16_groupi_g5559__9945/Y    -       A2->Y     F     sky130_fd_sc_hs__o221ai_1       1  8.1   118   125    5928    (-,-) 
  u_tile_ctrl/WALLACE_CSA_DUMMY_OP16_groupi_g5557__6161/COUT -       CIN->COUT F     sky130_fd_sc_hs__fa_1           1  8.1    68   243    6172    (-,-) 
  u_tile_ctrl/WALLACE_CSA_DUMMY_OP16_groupi_g5556__4733/COUT -       CIN->COUT F     sky130_fd_sc_hs__fa_1           2  7.9    67   225    6397    (-,-) 
  u_tile_ctrl/WALLACE_CSA_DUMMY_OP16_groupi_g5555__7482/Y    -       B->Y      R     sky130_fd_sc_hs__nand2b_1       2  6.0    73    85    6482    (-,-) 
  u_tile_ctrl/WALLACE_CSA_DUMMY_OP16_groupi_g5552__6131/Y    -       B->Y      F     sky130_fd_sc_hs__nor2_1         2  5.8    49    47    6529    (-,-) 
  u_tile_ctrl/WALLACE_CSA_DUMMY_OP16_groupi_g5551__7098/Y    -       C_N->Y    F     sky130_fd_sc_hs__nor3b_1        2  6.3    59    94    6622    (-,-) 
  u_tile_ctrl/WALLACE_CSA_DUMMY_OP16_groupi_g5546__1617/X    -       B1->X     F     sky130_fd_sc_hs__a222o_1        3 10.0    78   299    6921    (-,-) 
  u_tile_ctrl/WALLACE_CSA_DUMMY_OP16_groupi_g5523__7098/COUT -       B->COUT   F     sky130_fd_sc_hs__ha_1           1  4.7    34   126    7048    (-,-) 
  u_tile_ctrl/WALLACE_CSA_DUMMY_OP16_groupi_g5511__5107/COUT -       B->COUT   F     sky130_fd_sc_hs__ha_1           2  5.9    38   117    7165    (-,-) 
  u_tile_ctrl/WALLACE_CSA_DUMMY_OP16_groupi_g5505__2346/Y    -       A->Y      R     sky130_fd_sc_hs__nand2_1        3  8.8    73    70    7234    (-,-) 
  u_tile_ctrl/WALLACE_CSA_DUMMY_OP16_groupi_g5498__5115/Y    -       B2->Y     F     sky130_fd_sc_hs__o2bb2ai_1      1  2.4    38    49    7283    (-,-) 
  u_tile_ctrl/dma_wr_addr_reg[45]/SCD                        -       -         F     sky130_fd_sc_hs__sdfxtp_1       1    -     -     4    7287    (-,-) 
#--------------------------------------------------------------------------------------------------------------------------------------------------------



Path 27: MET (2293 ps) Setup Check with Pin u_tile_ctrl/dma_wr_addr_reg[54]/CLK->SCD
          Group: clk
     Startpoint: (R) u_tile_ctrl/q_idx_reg[1]/CLK
          Clock: (R) clk
       Endpoint: (F) u_tile_ctrl/dma_wr_addr_reg[54]/SCD
          Clock: (R) clk

                     Capture       Launch     
        Clock Edge:+   10000            0     
       Src Latency:+       0            0     
       Net Latency:+       0 (I)        0 (I) 
           Arrival:=   10000            0     
                                              
             Setup:-     221                  
       Uncertainty:-     200                  
     Required Time:=    9579                  
      Launch Clock:-       0                  
         Data Path:-    7286                  
             Slack:=    2293                  

#--------------------------------------------------------------------------------------------------------------------------------------------------------
#                       Timing Point                         Flags     Arc     Edge            Cell             Fanout Load Trans Delay Arrival Instance 
#                                                                                                                      (fF)  (ps)  (ps)   (ps)  Location 
#--------------------------------------------------------------------------------------------------------------------------------------------------------
  u_tile_ctrl/q_idx_reg[1]/CLK                               -       -         R     (arrival)                    1242    -   100     0       0    (-,-) 
  u_tile_ctrl/q_idx_reg[1]/Q                                 -       CLK->Q    R     sky130_fd_sc_hs__dfrbp_1       17 51.4   401   488     488    (-,-) 
  u_tile_ctrl/drc_buf_sp10581/X                              -       A->X      R     sky130_fd_sc_hs__clkbuf_1      17 51.7   356   339     827    (-,-) 
  u_tile_ctrl/csa_tree_mul_121_78_g10287/Y                   -       A->Y      F     sky130_fd_sc_hs__nand2_1        2  8.6   112   116     943    (-,-) 
  u_tile_ctrl/csa_tree_mul_121_78_g10159/Y                   -       A->Y      R     sky130_fd_sc_hs__xnor2_1        3  9.1   179   195    1138    (-,-) 
  u_tile_ctrl/csa_tree_mul_121_78_g10151/Y                   -       A2_N->Y   R     sky130_fd_sc_hs__o2bb2ai_1      2 11.0   196   153    1291    (-,-) 
  u_tile_ctrl/WALLACE_CSA_DUMMY_OP16_groupi_g5686__6783/SUM  -       CIN->SUM  F     sky130_fd_sc_hs__fa_1           1 10.5    71   296    1588    (-,-) 
  u_tile_ctrl/WALLACE_CSA_DUMMY_OP16_groupi_g5605__5122/COUT -       A->COUT   F     sky130_fd_sc_hs__fa_1           1  8.1    68   269    1856    (-,-) 
  u_tile_ctrl/WALLACE_CSA_DUMMY_OP16_groupi_g5604__1705/COUT -       CIN->COUT F     sky130_fd_sc_hs__fa_1           1  8.1    68   226    2083    (-,-) 
  u_tile_ctrl/WALLACE_CSA_DUMMY_OP16_groupi_g5603__2802/COUT -       CIN->COUT F     sky130_fd_sc_hs__fa_1           1  8.1    68   226    2309    (-,-) 
  u_tile_ctrl/WALLACE_CSA_DUMMY_OP16_groupi_g5602__1617/COUT -       CIN->COUT F     sky130_fd_sc_hs__fa_1           1  8.1    68   226    2536    (-,-) 
  u_tile_ctrl/WALLACE_CSA_DUMMY_OP16_groupi_g5601__3680/COUT -       CIN->COUT F     sky130_fd_sc_hs__fa_1           2  7.9    67   225    2761    (-,-) 
  u_tile_ctrl/WALLACE_CSA_DUMMY_OP16_groupi_g5600__6783/Y    -       B->Y      R     sky130_fd_sc_hs__nand2b_1       2  6.4    76    87    2848    (-,-) 
  u_tile_ctrl/WALLACE_CSA_DUMMY_OP16_groupi_g5597__4319/Y    -       A2->Y     F     sky130_fd_sc_hs__o221ai_1       1  8.1   118   126    2974    (-,-) 
  u_tile_ctrl/WALLACE_CSA_DUMMY_OP16_groupi_g5595__5107/COUT -       CIN->COUT F     sky130_fd_sc_hs__fa_1           1  8.1    68   243    3217    (-,-) 
  u_tile_ctrl/WALLACE_CSA_DUMMY_OP16_groupi_g5594__2398/COUT -       CIN->COUT F     sky130_fd_sc_hs__fa_1           1  8.1    68   226    3444    (-,-) 
  u_tile_ctrl/WALLACE_CSA_DUMMY_OP16_groupi_g5593__5477/COUT -       CIN->COUT F     sky130_fd_sc_hs__fa_1           1  8.1    68   226    3670    (-,-) 
  u_tile_ctrl/WALLACE_CSA_DUMMY_OP16_groupi_g5592__6417/COUT -       CIN->COUT F     sky130_fd_sc_hs__fa_1           1  8.1    68   226    3896    (-,-) 
  u_tile_ctrl/WALLACE_CSA_DUMMY_OP16_groupi_g5591__7410/COUT -       CIN->COUT F     sky130_fd_sc_hs__fa_1           1  8.1    68   226    4123    (-,-) 
  u_tile_ctrl/WALLACE_CSA_DUMMY_OP16_groupi_g5590__1666/COUT -       CIN->COUT F     sky130_fd_sc_hs__fa_1           2  7.5    64   223    4346    (-,-) 
  u_tile_ctrl/WALLACE_CSA_DUMMY_OP16_groupi_g5589__2346/Y    -       B_N->Y    F     sky130_fd_sc_hs__nor2b_1        2  6.0    43    98    4444    (-,-) 
  u_tile_ctrl/WALLACE_CSA_DUMMY_OP16_groupi_g5586__9315/Y    -       B->Y      R     sky130_fd_sc_hs__nand2b_1       2  5.7    69    74    4518    (-,-) 
  u_tile_ctrl/WALLACE_CSA_DUMMY_OP16_groupi_g5583__7482/Y    -       C->Y      F     sky130_fd_sc_hs__nor3_1         1  3.1    52    40    4558    (-,-) 
  u_tile_ctrl/WALLACE_CSA_DUMMY_OP16_groupi_g5580__6131/Y    -       B->Y      R     sky130_fd_sc_hs__nor3b_1        3 10.9   284   249    4808    (-,-) 
  u_tile_ctrl/WALLACE_CSA_DUMMY_OP16_groupi_g5579__7098/X    -       C->X      R     sky130_fd_sc_hs__or3_1          2  5.5    54   124    4932    (-,-) 
  u_tile_ctrl/WALLACE_CSA_DUMMY_OP16_groupi_g5571__5526/Y    -       A3->Y     F     sky130_fd_sc_hs__o311ai_1       2  7.9   105    92    5023    (-,-) 
  u_tile_ctrl/WALLACE_CSA_DUMMY_OP16_groupi_g5570__8428/Y    -       B->Y      R     sky130_fd_sc_hs__nand2b_1       2  6.1    78   100    5123    (-,-) 
  u_tile_ctrl/WALLACE_CSA_DUMMY_OP16_groupi_g5566__2398/Y    -       A2->Y     F     sky130_fd_sc_hs__o221ai_1       1  8.1   118   126    5249    (-,-) 
  u_tile_ctrl/WALLACE_CSA_DUMMY_OP16_groupi_g5564__6417/COUT -       CIN->COUT F     sky130_fd_sc_hs__fa_1           1  8.1    68   243    5492    (-,-) 
  u_tile_ctrl/WALLACE_CSA_DUMMY_OP16_groupi_g5563__7410/COUT -       CIN->COUT F     sky130_fd_sc_hs__fa_1           2  7.9    67   225    5718    (-,-) 
  u_tile_ctrl/WALLACE_CSA_DUMMY_OP16_groupi_g5562__1666/Y    -       B->Y      R     sky130_fd_sc_hs__nand2b_1       2  6.1    74    86    5803    (-,-) 
  u_tile_ctrl/WALLACE_CSA_DUMMY_OP16_groupi_g5559__9945/Y    -       A2->Y     F     sky130_fd_sc_hs__o221ai_1       1  8.1   118   125    5928    (-,-) 
  u_tile_ctrl/WALLACE_CSA_DUMMY_OP16_groupi_g5557__6161/COUT -       CIN->COUT F     sky130_fd_sc_hs__fa_1           1  8.1    68   243    6172    (-,-) 
  u_tile_ctrl/WALLACE_CSA_DUMMY_OP16_groupi_g5556__4733/COUT -       CIN->COUT F     sky130_fd_sc_hs__fa_1           2  7.9    67   225    6397    (-,-) 
  u_tile_ctrl/WALLACE_CSA_DUMMY_OP16_groupi_g5555__7482/Y    -       B->Y      R     sky130_fd_sc_hs__nand2b_1       2  6.0    73    85    6482    (-,-) 
  u_tile_ctrl/WALLACE_CSA_DUMMY_OP16_groupi_g5552__6131/Y    -       B->Y      F     sky130_fd_sc_hs__nor2_1         2  5.8    49    47    6529    (-,-) 
  u_tile_ctrl/WALLACE_CSA_DUMMY_OP16_groupi_g5551__7098/Y    -       C_N->Y    F     sky130_fd_sc_hs__nor3b_1        2  6.3    59    94    6622    (-,-) 
  u_tile_ctrl/WALLACE_CSA_DUMMY_OP16_groupi_g5546__1617/X    -       B1->X     F     sky130_fd_sc_hs__a222o_1        3 10.0    78   299    6921    (-,-) 
  u_tile_ctrl/WALLACE_CSA_DUMMY_OP16_groupi_g5542__8428/X    -       A->X      F     sky130_fd_sc_hs__and4_1         4 12.4    57   137    7058    (-,-) 
  u_tile_ctrl/WALLACE_CSA_DUMMY_OP16_groupi_g5535__7410/Y    -       B_N->Y    F     sky130_fd_sc_hs__nor2b_1        3  8.4    47   104    7162    (-,-) 
  u_tile_ctrl/WALLACE_CSA_DUMMY_OP16_groupi_g5520__1705/X    -       A2->X     F     sky130_fd_sc_hs__o21a_1         1  2.4    26   120    7282    (-,-) 
  u_tile_ctrl/dma_wr_addr_reg[54]/SCD                        -       -         F     sky130_fd_sc_hs__sdfxtp_1       1    -     -     4    7286    (-,-) 
#--------------------------------------------------------------------------------------------------------------------------------------------------------



Path 28: MET (2294 ps) Setup Check with Pin u_tile_ctrl/dma_wr_addr_reg[44]/CLK->SCD
          Group: clk
     Startpoint: (R) u_tile_ctrl/q_idx_reg[1]/CLK
          Clock: (R) clk
       Endpoint: (F) u_tile_ctrl/dma_wr_addr_reg[44]/SCD
          Clock: (R) clk

                     Capture       Launch     
        Clock Edge:+   10000            0     
       Src Latency:+       0            0     
       Net Latency:+       0 (I)        0 (I) 
           Arrival:=   10000            0     
                                              
             Setup:-     221                  
       Uncertainty:-     200                  
     Required Time:=    9579                  
      Launch Clock:-       0                  
         Data Path:-    7285                  
             Slack:=    2294                  

#--------------------------------------------------------------------------------------------------------------------------------------------------------
#                       Timing Point                         Flags     Arc     Edge            Cell             Fanout Load Trans Delay Arrival Instance 
#                                                                                                                      (fF)  (ps)  (ps)   (ps)  Location 
#--------------------------------------------------------------------------------------------------------------------------------------------------------
  u_tile_ctrl/q_idx_reg[1]/CLK                               -       -         R     (arrival)                    1242    -   100     0       0    (-,-) 
  u_tile_ctrl/q_idx_reg[1]/Q                                 -       CLK->Q    R     sky130_fd_sc_hs__dfrbp_1       17 51.4   401   488     488    (-,-) 
  u_tile_ctrl/drc_buf_sp10581/X                              -       A->X      R     sky130_fd_sc_hs__clkbuf_1      17 51.7   356   339     827    (-,-) 
  u_tile_ctrl/csa_tree_mul_121_78_g10287/Y                   -       A->Y      F     sky130_fd_sc_hs__nand2_1        2  8.6   112   116     943    (-,-) 
  u_tile_ctrl/csa_tree_mul_121_78_g10159/Y                   -       A->Y      R     sky130_fd_sc_hs__xnor2_1        3  9.1   179   195    1138    (-,-) 
  u_tile_ctrl/csa_tree_mul_121_78_g10151/Y                   -       A2_N->Y   R     sky130_fd_sc_hs__o2bb2ai_1      2 11.0   196   153    1291    (-,-) 
  u_tile_ctrl/WALLACE_CSA_DUMMY_OP16_groupi_g5686__6783/SUM  -       CIN->SUM  F     sky130_fd_sc_hs__fa_1           1 10.5    71   296    1588    (-,-) 
  u_tile_ctrl/WALLACE_CSA_DUMMY_OP16_groupi_g5605__5122/COUT -       A->COUT   F     sky130_fd_sc_hs__fa_1           1  8.1    68   269    1856    (-,-) 
  u_tile_ctrl/WALLACE_CSA_DUMMY_OP16_groupi_g5604__1705/COUT -       CIN->COUT F     sky130_fd_sc_hs__fa_1           1  8.1    68   226    2083    (-,-) 
  u_tile_ctrl/WALLACE_CSA_DUMMY_OP16_groupi_g5603__2802/COUT -       CIN->COUT F     sky130_fd_sc_hs__fa_1           1  8.1    68   226    2309    (-,-) 
  u_tile_ctrl/WALLACE_CSA_DUMMY_OP16_groupi_g5602__1617/COUT -       CIN->COUT F     sky130_fd_sc_hs__fa_1           1  8.1    68   226    2536    (-,-) 
  u_tile_ctrl/WALLACE_CSA_DUMMY_OP16_groupi_g5601__3680/COUT -       CIN->COUT F     sky130_fd_sc_hs__fa_1           2  7.9    67   225    2761    (-,-) 
  u_tile_ctrl/WALLACE_CSA_DUMMY_OP16_groupi_g5600__6783/Y    -       B->Y      R     sky130_fd_sc_hs__nand2b_1       2  6.4    76    87    2848    (-,-) 
  u_tile_ctrl/WALLACE_CSA_DUMMY_OP16_groupi_g5597__4319/Y    -       A2->Y     F     sky130_fd_sc_hs__o221ai_1       1  8.1   118   126    2974    (-,-) 
  u_tile_ctrl/WALLACE_CSA_DUMMY_OP16_groupi_g5595__5107/COUT -       CIN->COUT F     sky130_fd_sc_hs__fa_1           1  8.1    68   243    3217    (-,-) 
  u_tile_ctrl/WALLACE_CSA_DUMMY_OP16_groupi_g5594__2398/COUT -       CIN->COUT F     sky130_fd_sc_hs__fa_1           1  8.1    68   226    3444    (-,-) 
  u_tile_ctrl/WALLACE_CSA_DUMMY_OP16_groupi_g5593__5477/COUT -       CIN->COUT F     sky130_fd_sc_hs__fa_1           1  8.1    68   226    3670    (-,-) 
  u_tile_ctrl/WALLACE_CSA_DUMMY_OP16_groupi_g5592__6417/COUT -       CIN->COUT F     sky130_fd_sc_hs__fa_1           1  8.1    68   226    3896    (-,-) 
  u_tile_ctrl/WALLACE_CSA_DUMMY_OP16_groupi_g5591__7410/COUT -       CIN->COUT F     sky130_fd_sc_hs__fa_1           1  8.1    68   226    4123    (-,-) 
  u_tile_ctrl/WALLACE_CSA_DUMMY_OP16_groupi_g5590__1666/COUT -       CIN->COUT F     sky130_fd_sc_hs__fa_1           2  7.5    64   223    4346    (-,-) 
  u_tile_ctrl/WALLACE_CSA_DUMMY_OP16_groupi_g5589__2346/Y    -       B_N->Y    F     sky130_fd_sc_hs__nor2b_1        2  6.0    43    98    4444    (-,-) 
  u_tile_ctrl/WALLACE_CSA_DUMMY_OP16_groupi_g5586__9315/Y    -       B->Y      R     sky130_fd_sc_hs__nand2b_1       2  5.7    69    74    4518    (-,-) 
  u_tile_ctrl/WALLACE_CSA_DUMMY_OP16_groupi_g5583__7482/Y    -       C->Y      F     sky130_fd_sc_hs__nor3_1         1  3.1    52    40    4558    (-,-) 
  u_tile_ctrl/WALLACE_CSA_DUMMY_OP16_groupi_g5580__6131/Y    -       B->Y      R     sky130_fd_sc_hs__nor3b_1        3 10.9   284   249    4808    (-,-) 
  u_tile_ctrl/WALLACE_CSA_DUMMY_OP16_groupi_g5579__7098/X    -       C->X      R     sky130_fd_sc_hs__or3_1          2  5.5    54   124    4932    (-,-) 
  u_tile_ctrl/WALLACE_CSA_DUMMY_OP16_groupi_g5571__5526/Y    -       A3->Y     F     sky130_fd_sc_hs__o311ai_1       2  7.9   105    92    5023    (-,-) 
  u_tile_ctrl/WALLACE_CSA_DUMMY_OP16_groupi_g5570__8428/Y    -       B->Y      R     sky130_fd_sc_hs__nand2b_1       2  6.1    78   100    5123    (-,-) 
  u_tile_ctrl/WALLACE_CSA_DUMMY_OP16_groupi_g5566__2398/Y    -       A2->Y     F     sky130_fd_sc_hs__o221ai_1       1  8.1   118   126    5249    (-,-) 
  u_tile_ctrl/WALLACE_CSA_DUMMY_OP16_groupi_g5564__6417/COUT -       CIN->COUT F     sky130_fd_sc_hs__fa_1           1  8.1    68   243    5492    (-,-) 
  u_tile_ctrl/WALLACE_CSA_DUMMY_OP16_groupi_g5563__7410/COUT -       CIN->COUT F     sky130_fd_sc_hs__fa_1           2  7.9    67   225    5718    (-,-) 
  u_tile_ctrl/WALLACE_CSA_DUMMY_OP16_groupi_g5562__1666/Y    -       B->Y      R     sky130_fd_sc_hs__nand2b_1       2  6.1    74    86    5803    (-,-) 
  u_tile_ctrl/WALLACE_CSA_DUMMY_OP16_groupi_g5559__9945/Y    -       A2->Y     F     sky130_fd_sc_hs__o221ai_1       1  8.1   118   125    5928    (-,-) 
  u_tile_ctrl/WALLACE_CSA_DUMMY_OP16_groupi_g5557__6161/COUT -       CIN->COUT F     sky130_fd_sc_hs__fa_1           1  8.1    68   243    6172    (-,-) 
  u_tile_ctrl/WALLACE_CSA_DUMMY_OP16_groupi_g5556__4733/COUT -       CIN->COUT F     sky130_fd_sc_hs__fa_1           2  7.9    67   225    6397    (-,-) 
  u_tile_ctrl/WALLACE_CSA_DUMMY_OP16_groupi_g5555__7482/Y    -       B->Y      R     sky130_fd_sc_hs__nand2b_1       2  6.0    73    85    6482    (-,-) 
  u_tile_ctrl/WALLACE_CSA_DUMMY_OP16_groupi_g5552__6131/Y    -       B->Y      F     sky130_fd_sc_hs__nor2_1         2  5.8    49    47    6529    (-,-) 
  u_tile_ctrl/WALLACE_CSA_DUMMY_OP16_groupi_g5551__7098/Y    -       C_N->Y    F     sky130_fd_sc_hs__nor3b_1        2  6.3    59    94    6622    (-,-) 
  u_tile_ctrl/WALLACE_CSA_DUMMY_OP16_groupi_g5546__1617/X    -       B1->X     F     sky130_fd_sc_hs__a222o_1        3 10.0    78   299    6921    (-,-) 
  u_tile_ctrl/WALLACE_CSA_DUMMY_OP16_groupi_g5523__7098/COUT -       B->COUT   F     sky130_fd_sc_hs__ha_1           1  4.7    34   126    7048    (-,-) 
  u_tile_ctrl/WALLACE_CSA_DUMMY_OP16_groupi_g5511__5107/COUT -       B->COUT   F     sky130_fd_sc_hs__ha_1           2  5.9    38   117    7165    (-,-) 
  u_tile_ctrl/WALLACE_CSA_DUMMY_OP16_groupi_g5501__6161/X    -       A2->X     F     sky130_fd_sc_hs__o21a_1         1  2.4    26   116    7281    (-,-) 
  u_tile_ctrl/dma_wr_addr_reg[44]/SCD                        -       -         F     sky130_fd_sc_hs__sdfxtp_1       1    -     -     4    7285    (-,-) 
#--------------------------------------------------------------------------------------------------------------------------------------------------------



Path 29: MET (2299 ps) Setup Check with Pin u_tile_ctrl/dma_wr_addr_reg[59]/CLK->SCD
          Group: clk
     Startpoint: (R) u_tile_ctrl/q_idx_reg[1]/CLK
          Clock: (R) clk
       Endpoint: (F) u_tile_ctrl/dma_wr_addr_reg[59]/SCD
          Clock: (R) clk

                     Capture       Launch     
        Clock Edge:+   10000            0     
       Src Latency:+       0            0     
       Net Latency:+       0 (I)        0 (I) 
           Arrival:=   10000            0     
                                              
             Setup:-     225                  
       Uncertainty:-     200                  
     Required Time:=    9575                  
      Launch Clock:-       0                  
         Data Path:-    7276                  
             Slack:=    2299                  

#--------------------------------------------------------------------------------------------------------------------------------------------------------
#                       Timing Point                         Flags     Arc     Edge            Cell             Fanout Load Trans Delay Arrival Instance 
#                                                                                                                      (fF)  (ps)  (ps)   (ps)  Location 
#--------------------------------------------------------------------------------------------------------------------------------------------------------
  u_tile_ctrl/q_idx_reg[1]/CLK                               -       -         R     (arrival)                    1242    -   100     0       0    (-,-) 
  u_tile_ctrl/q_idx_reg[1]/Q                                 -       CLK->Q    R     sky130_fd_sc_hs__dfrbp_1       17 51.4   401   488     488    (-,-) 
  u_tile_ctrl/drc_buf_sp10581/X                              -       A->X      R     sky130_fd_sc_hs__clkbuf_1      17 51.7   356   339     827    (-,-) 
  u_tile_ctrl/csa_tree_mul_121_78_g10287/Y                   -       A->Y      F     sky130_fd_sc_hs__nand2_1        2  8.6   112   116     943    (-,-) 
  u_tile_ctrl/csa_tree_mul_121_78_g10159/Y                   -       A->Y      R     sky130_fd_sc_hs__xnor2_1        3  9.1   179   195    1138    (-,-) 
  u_tile_ctrl/csa_tree_mul_121_78_g10151/Y                   -       A2_N->Y   R     sky130_fd_sc_hs__o2bb2ai_1      2 11.0   196   153    1291    (-,-) 
  u_tile_ctrl/WALLACE_CSA_DUMMY_OP16_groupi_g5686__6783/SUM  -       CIN->SUM  F     sky130_fd_sc_hs__fa_1           1 10.5    71   296    1588    (-,-) 
  u_tile_ctrl/WALLACE_CSA_DUMMY_OP16_groupi_g5605__5122/COUT -       A->COUT   F     sky130_fd_sc_hs__fa_1           1  8.1    68   269    1856    (-,-) 
  u_tile_ctrl/WALLACE_CSA_DUMMY_OP16_groupi_g5604__1705/COUT -       CIN->COUT F     sky130_fd_sc_hs__fa_1           1  8.1    68   226    2083    (-,-) 
  u_tile_ctrl/WALLACE_CSA_DUMMY_OP16_groupi_g5603__2802/COUT -       CIN->COUT F     sky130_fd_sc_hs__fa_1           1  8.1    68   226    2309    (-,-) 
  u_tile_ctrl/WALLACE_CSA_DUMMY_OP16_groupi_g5602__1617/COUT -       CIN->COUT F     sky130_fd_sc_hs__fa_1           1  8.1    68   226    2536    (-,-) 
  u_tile_ctrl/WALLACE_CSA_DUMMY_OP16_groupi_g5601__3680/COUT -       CIN->COUT F     sky130_fd_sc_hs__fa_1           2  7.9    67   225    2761    (-,-) 
  u_tile_ctrl/WALLACE_CSA_DUMMY_OP16_groupi_g5600__6783/Y    -       B->Y      R     sky130_fd_sc_hs__nand2b_1       2  6.4    76    87    2848    (-,-) 
  u_tile_ctrl/WALLACE_CSA_DUMMY_OP16_groupi_g5597__4319/Y    -       A2->Y     F     sky130_fd_sc_hs__o221ai_1       1  8.1   118   126    2974    (-,-) 
  u_tile_ctrl/WALLACE_CSA_DUMMY_OP16_groupi_g5595__5107/COUT -       CIN->COUT F     sky130_fd_sc_hs__fa_1           1  8.1    68   243    3217    (-,-) 
  u_tile_ctrl/WALLACE_CSA_DUMMY_OP16_groupi_g5594__2398/COUT -       CIN->COUT F     sky130_fd_sc_hs__fa_1           1  8.1    68   226    3444    (-,-) 
  u_tile_ctrl/WALLACE_CSA_DUMMY_OP16_groupi_g5593__5477/COUT -       CIN->COUT F     sky130_fd_sc_hs__fa_1           1  8.1    68   226    3670    (-,-) 
  u_tile_ctrl/WALLACE_CSA_DUMMY_OP16_groupi_g5592__6417/COUT -       CIN->COUT F     sky130_fd_sc_hs__fa_1           1  8.1    68   226    3896    (-,-) 
  u_tile_ctrl/WALLACE_CSA_DUMMY_OP16_groupi_g5591__7410/COUT -       CIN->COUT F     sky130_fd_sc_hs__fa_1           1  8.1    68   226    4123    (-,-) 
  u_tile_ctrl/WALLACE_CSA_DUMMY_OP16_groupi_g5590__1666/COUT -       CIN->COUT F     sky130_fd_sc_hs__fa_1           2  7.5    64   223    4346    (-,-) 
  u_tile_ctrl/WALLACE_CSA_DUMMY_OP16_groupi_g5589__2346/Y    -       B_N->Y    F     sky130_fd_sc_hs__nor2b_1        2  6.0    43    98    4444    (-,-) 
  u_tile_ctrl/WALLACE_CSA_DUMMY_OP16_groupi_g5586__9315/Y    -       B->Y      R     sky130_fd_sc_hs__nand2b_1       2  5.7    69    74    4518    (-,-) 
  u_tile_ctrl/WALLACE_CSA_DUMMY_OP16_groupi_g5583__7482/Y    -       C->Y      F     sky130_fd_sc_hs__nor3_1         1  3.1    52    40    4558    (-,-) 
  u_tile_ctrl/WALLACE_CSA_DUMMY_OP16_groupi_g5580__6131/Y    -       B->Y      R     sky130_fd_sc_hs__nor3b_1        3 10.9   284   249    4808    (-,-) 
  u_tile_ctrl/WALLACE_CSA_DUMMY_OP16_groupi_g5579__7098/X    -       C->X      R     sky130_fd_sc_hs__or3_1          2  5.5    54   124    4932    (-,-) 
  u_tile_ctrl/WALLACE_CSA_DUMMY_OP16_groupi_g5571__5526/Y    -       A3->Y     F     sky130_fd_sc_hs__o311ai_1       2  7.9   105    92    5023    (-,-) 
  u_tile_ctrl/WALLACE_CSA_DUMMY_OP16_groupi_g5570__8428/Y    -       B->Y      R     sky130_fd_sc_hs__nand2b_1       2  6.1    78   100    5123    (-,-) 
  u_tile_ctrl/WALLACE_CSA_DUMMY_OP16_groupi_g5566__2398/Y    -       A2->Y     F     sky130_fd_sc_hs__o221ai_1       1  8.1   118   126    5249    (-,-) 
  u_tile_ctrl/WALLACE_CSA_DUMMY_OP16_groupi_g5564__6417/COUT -       CIN->COUT F     sky130_fd_sc_hs__fa_1           1  8.1    68   243    5492    (-,-) 
  u_tile_ctrl/WALLACE_CSA_DUMMY_OP16_groupi_g5563__7410/COUT -       CIN->COUT F     sky130_fd_sc_hs__fa_1           2  7.9    67   225    5718    (-,-) 
  u_tile_ctrl/WALLACE_CSA_DUMMY_OP16_groupi_g5562__1666/Y    -       B->Y      R     sky130_fd_sc_hs__nand2b_1       2  6.1    74    86    5803    (-,-) 
  u_tile_ctrl/WALLACE_CSA_DUMMY_OP16_groupi_g5559__9945/Y    -       A2->Y     F     sky130_fd_sc_hs__o221ai_1       1  8.1   118   125    5928    (-,-) 
  u_tile_ctrl/WALLACE_CSA_DUMMY_OP16_groupi_g5557__6161/COUT -       CIN->COUT F     sky130_fd_sc_hs__fa_1           1  8.1    68   243    6172    (-,-) 
  u_tile_ctrl/WALLACE_CSA_DUMMY_OP16_groupi_g5556__4733/COUT -       CIN->COUT F     sky130_fd_sc_hs__fa_1           2  7.9    67   225    6397    (-,-) 
  u_tile_ctrl/WALLACE_CSA_DUMMY_OP16_groupi_g5555__7482/Y    -       B->Y      R     sky130_fd_sc_hs__nand2b_1       2  6.0    73    85    6482    (-,-) 
  u_tile_ctrl/WALLACE_CSA_DUMMY_OP16_groupi_g5552__6131/Y    -       B->Y      F     sky130_fd_sc_hs__nor2_1         2  5.8    49    47    6529    (-,-) 
  u_tile_ctrl/WALLACE_CSA_DUMMY_OP16_groupi_g5551__7098/Y    -       C_N->Y    F     sky130_fd_sc_hs__nor3b_1        2  6.3    59    94    6622    (-,-) 
  u_tile_ctrl/WALLACE_CSA_DUMMY_OP16_groupi_g5546__1617/X    -       B1->X     F     sky130_fd_sc_hs__a222o_1        3 10.0    78   299    6921    (-,-) 
  u_tile_ctrl/WALLACE_CSA_DUMMY_OP16_groupi_g5542__8428/X    -       A->X      F     sky130_fd_sc_hs__and4_1         4 12.4    57   137    7058    (-,-) 
  u_tile_ctrl/WALLACE_CSA_DUMMY_OP16_groupi_g5534__1666/Y    -       B_N->Y    F     sky130_fd_sc_hs__nor2b_1        2  5.9    36    95    7154    (-,-) 
  u_tile_ctrl/WALLACE_CSA_DUMMY_OP16_groupi_g5527__7482/Y    -       A->Y      R     sky130_fd_sc_hs__nand2_1        3  8.8    73    69    7223    (-,-) 
  u_tile_ctrl/WALLACE_CSA_DUMMY_OP16_groupi_g5506__1666/Y    -       B2->Y     F     sky130_fd_sc_hs__o2bb2ai_1      1  2.4    38    49    7272    (-,-) 
  u_tile_ctrl/dma_wr_addr_reg[59]/SCD                        -       -         F     sky130_fd_sc_hs__sdfxtp_1       1    -     -     4    7276    (-,-) 
#--------------------------------------------------------------------------------------------------------------------------------------------------------



Path 30: MET (2305 ps) Setup Check with Pin u_tile_ctrl/dma_wr_addr_reg[58]/CLK->SCD
          Group: clk
     Startpoint: (R) u_tile_ctrl/q_idx_reg[1]/CLK
          Clock: (R) clk
       Endpoint: (F) u_tile_ctrl/dma_wr_addr_reg[58]/SCD
          Clock: (R) clk

                     Capture       Launch     
        Clock Edge:+   10000            0     
       Src Latency:+       0            0     
       Net Latency:+       0 (I)        0 (I) 
           Arrival:=   10000            0     
                                              
             Setup:-     221                  
       Uncertainty:-     200                  
     Required Time:=    9579                  
      Launch Clock:-       0                  
         Data Path:-    7274                  
             Slack:=    2305                  

#--------------------------------------------------------------------------------------------------------------------------------------------------------
#                       Timing Point                         Flags     Arc     Edge            Cell             Fanout Load Trans Delay Arrival Instance 
#                                                                                                                      (fF)  (ps)  (ps)   (ps)  Location 
#--------------------------------------------------------------------------------------------------------------------------------------------------------
  u_tile_ctrl/q_idx_reg[1]/CLK                               -       -         R     (arrival)                    1242    -   100     0       0    (-,-) 
  u_tile_ctrl/q_idx_reg[1]/Q                                 -       CLK->Q    R     sky130_fd_sc_hs__dfrbp_1       17 51.4   401   488     488    (-,-) 
  u_tile_ctrl/drc_buf_sp10581/X                              -       A->X      R     sky130_fd_sc_hs__clkbuf_1      17 51.7   356   339     827    (-,-) 
  u_tile_ctrl/csa_tree_mul_121_78_g10287/Y                   -       A->Y      F     sky130_fd_sc_hs__nand2_1        2  8.6   112   116     943    (-,-) 
  u_tile_ctrl/csa_tree_mul_121_78_g10159/Y                   -       A->Y      R     sky130_fd_sc_hs__xnor2_1        3  9.1   179   195    1138    (-,-) 
  u_tile_ctrl/csa_tree_mul_121_78_g10151/Y                   -       A2_N->Y   R     sky130_fd_sc_hs__o2bb2ai_1      2 11.0   196   153    1291    (-,-) 
  u_tile_ctrl/WALLACE_CSA_DUMMY_OP16_groupi_g5686__6783/SUM  -       CIN->SUM  F     sky130_fd_sc_hs__fa_1           1 10.5    71   296    1588    (-,-) 
  u_tile_ctrl/WALLACE_CSA_DUMMY_OP16_groupi_g5605__5122/COUT -       A->COUT   F     sky130_fd_sc_hs__fa_1           1  8.1    68   269    1856    (-,-) 
  u_tile_ctrl/WALLACE_CSA_DUMMY_OP16_groupi_g5604__1705/COUT -       CIN->COUT F     sky130_fd_sc_hs__fa_1           1  8.1    68   226    2083    (-,-) 
  u_tile_ctrl/WALLACE_CSA_DUMMY_OP16_groupi_g5603__2802/COUT -       CIN->COUT F     sky130_fd_sc_hs__fa_1           1  8.1    68   226    2309    (-,-) 
  u_tile_ctrl/WALLACE_CSA_DUMMY_OP16_groupi_g5602__1617/COUT -       CIN->COUT F     sky130_fd_sc_hs__fa_1           1  8.1    68   226    2536    (-,-) 
  u_tile_ctrl/WALLACE_CSA_DUMMY_OP16_groupi_g5601__3680/COUT -       CIN->COUT F     sky130_fd_sc_hs__fa_1           2  7.9    67   225    2761    (-,-) 
  u_tile_ctrl/WALLACE_CSA_DUMMY_OP16_groupi_g5600__6783/Y    -       B->Y      R     sky130_fd_sc_hs__nand2b_1       2  6.4    76    87    2848    (-,-) 
  u_tile_ctrl/WALLACE_CSA_DUMMY_OP16_groupi_g5597__4319/Y    -       A2->Y     F     sky130_fd_sc_hs__o221ai_1       1  8.1   118   126    2974    (-,-) 
  u_tile_ctrl/WALLACE_CSA_DUMMY_OP16_groupi_g5595__5107/COUT -       CIN->COUT F     sky130_fd_sc_hs__fa_1           1  8.1    68   243    3217    (-,-) 
  u_tile_ctrl/WALLACE_CSA_DUMMY_OP16_groupi_g5594__2398/COUT -       CIN->COUT F     sky130_fd_sc_hs__fa_1           1  8.1    68   226    3444    (-,-) 
  u_tile_ctrl/WALLACE_CSA_DUMMY_OP16_groupi_g5593__5477/COUT -       CIN->COUT F     sky130_fd_sc_hs__fa_1           1  8.1    68   226    3670    (-,-) 
  u_tile_ctrl/WALLACE_CSA_DUMMY_OP16_groupi_g5592__6417/COUT -       CIN->COUT F     sky130_fd_sc_hs__fa_1           1  8.1    68   226    3896    (-,-) 
  u_tile_ctrl/WALLACE_CSA_DUMMY_OP16_groupi_g5591__7410/COUT -       CIN->COUT F     sky130_fd_sc_hs__fa_1           1  8.1    68   226    4123    (-,-) 
  u_tile_ctrl/WALLACE_CSA_DUMMY_OP16_groupi_g5590__1666/COUT -       CIN->COUT F     sky130_fd_sc_hs__fa_1           2  7.5    64   223    4346    (-,-) 
  u_tile_ctrl/WALLACE_CSA_DUMMY_OP16_groupi_g5589__2346/Y    -       B_N->Y    F     sky130_fd_sc_hs__nor2b_1        2  6.0    43    98    4444    (-,-) 
  u_tile_ctrl/WALLACE_CSA_DUMMY_OP16_groupi_g5586__9315/Y    -       B->Y      R     sky130_fd_sc_hs__nand2b_1       2  5.7    69    74    4518    (-,-) 
  u_tile_ctrl/WALLACE_CSA_DUMMY_OP16_groupi_g5583__7482/Y    -       C->Y      F     sky130_fd_sc_hs__nor3_1         1  3.1    52    40    4558    (-,-) 
  u_tile_ctrl/WALLACE_CSA_DUMMY_OP16_groupi_g5580__6131/Y    -       B->Y      R     sky130_fd_sc_hs__nor3b_1        3 10.9   284   249    4808    (-,-) 
  u_tile_ctrl/WALLACE_CSA_DUMMY_OP16_groupi_g5579__7098/X    -       C->X      R     sky130_fd_sc_hs__or3_1          2  5.5    54   124    4932    (-,-) 
  u_tile_ctrl/WALLACE_CSA_DUMMY_OP16_groupi_g5571__5526/Y    -       A3->Y     F     sky130_fd_sc_hs__o311ai_1       2  7.9   105    92    5023    (-,-) 
  u_tile_ctrl/WALLACE_CSA_DUMMY_OP16_groupi_g5570__8428/Y    -       B->Y      R     sky130_fd_sc_hs__nand2b_1       2  6.1    78   100    5123    (-,-) 
  u_tile_ctrl/WALLACE_CSA_DUMMY_OP16_groupi_g5566__2398/Y    -       A2->Y     F     sky130_fd_sc_hs__o221ai_1       1  8.1   118   126    5249    (-,-) 
  u_tile_ctrl/WALLACE_CSA_DUMMY_OP16_groupi_g5564__6417/COUT -       CIN->COUT F     sky130_fd_sc_hs__fa_1           1  8.1    68   243    5492    (-,-) 
  u_tile_ctrl/WALLACE_CSA_DUMMY_OP16_groupi_g5563__7410/COUT -       CIN->COUT F     sky130_fd_sc_hs__fa_1           2  7.9    67   225    5718    (-,-) 
  u_tile_ctrl/WALLACE_CSA_DUMMY_OP16_groupi_g5562__1666/Y    -       B->Y      R     sky130_fd_sc_hs__nand2b_1       2  6.1    74    86    5803    (-,-) 
  u_tile_ctrl/WALLACE_CSA_DUMMY_OP16_groupi_g5559__9945/Y    -       A2->Y     F     sky130_fd_sc_hs__o221ai_1       1  8.1   118   125    5928    (-,-) 
  u_tile_ctrl/WALLACE_CSA_DUMMY_OP16_groupi_g5557__6161/COUT -       CIN->COUT F     sky130_fd_sc_hs__fa_1           1  8.1    68   243    6172    (-,-) 
  u_tile_ctrl/WALLACE_CSA_DUMMY_OP16_groupi_g5556__4733/COUT -       CIN->COUT F     sky130_fd_sc_hs__fa_1           2  7.9    67   225    6397    (-,-) 
  u_tile_ctrl/WALLACE_CSA_DUMMY_OP16_groupi_g5555__7482/Y    -       B->Y      R     sky130_fd_sc_hs__nand2b_1       2  6.0    73    85    6482    (-,-) 
  u_tile_ctrl/WALLACE_CSA_DUMMY_OP16_groupi_g5552__6131/Y    -       B->Y      F     sky130_fd_sc_hs__nor2_1         2  5.8    49    47    6529    (-,-) 
  u_tile_ctrl/WALLACE_CSA_DUMMY_OP16_groupi_g5551__7098/Y    -       C_N->Y    F     sky130_fd_sc_hs__nor3b_1        2  6.3    59    94    6622    (-,-) 
  u_tile_ctrl/WALLACE_CSA_DUMMY_OP16_groupi_g5546__1617/X    -       B1->X     F     sky130_fd_sc_hs__a222o_1        3 10.0    78   299    6921    (-,-) 
  u_tile_ctrl/WALLACE_CSA_DUMMY_OP16_groupi_g5542__8428/X    -       A->X      F     sky130_fd_sc_hs__and4_1         4 12.4    57   137    7058    (-,-) 
  u_tile_ctrl/WALLACE_CSA_DUMMY_OP16_groupi_g5534__1666/Y    -       B_N->Y    F     sky130_fd_sc_hs__nor2b_1        2  5.9    36    95    7154    (-,-) 
  u_tile_ctrl/WALLACE_CSA_DUMMY_OP16_groupi_g5519__2802/X    -       A2->X     F     sky130_fd_sc_hs__o21a_1         1  2.4    26   116    7270    (-,-) 
  u_tile_ctrl/dma_wr_addr_reg[58]/SCD                        -       -         F     sky130_fd_sc_hs__sdfxtp_1       1    -     -     4    7274    (-,-) 
#--------------------------------------------------------------------------------------------------------------------------------------------------------



Path 31: MET (2305 ps) Setup Check with Pin u_tile_ctrl/dma_rd_addr_reg[48]/CLK->D
          Group: clk
     Startpoint: (R) u_tile_ctrl/q_idx_reg[1]/CLK
          Clock: (R) clk
       Endpoint: (F) u_tile_ctrl/dma_rd_addr_reg[48]/D
          Clock: (R) clk

                     Capture       Launch     
        Clock Edge:+   10000            0     
       Src Latency:+       0            0     
       Net Latency:+       0 (I)        0 (I) 
           Arrival:=   10000            0     
                                              
             Setup:-     172                  
       Uncertainty:-     200                  
     Required Time:=    9628                  
      Launch Clock:-       0                  
         Data Path:-    7323                  
             Slack:=    2305                  

#------------------------------------------------------------------------------------------------------------------------------------------------
#                   Timing Point                     Flags     Arc     Edge            Cell             Fanout Load Trans Delay Arrival Instance 
#                                                                                                              (fF)  (ps)  (ps)   (ps)  Location 
#------------------------------------------------------------------------------------------------------------------------------------------------
  u_tile_ctrl/q_idx_reg[1]/CLK                       -       -         R     (arrival)                    1242    -   100     0       0    (-,-) 
  u_tile_ctrl/q_idx_reg[1]/Q                         -       CLK->Q    R     sky130_fd_sc_hs__dfrbp_1       17 51.4   401   488     488    (-,-) 
  u_tile_ctrl/drc_buf_sp10581/X                      -       A->X      R     sky130_fd_sc_hs__clkbuf_1      17 51.7   356   339     827    (-,-) 
  u_tile_ctrl/csa_tree_mul_121_78_g10328/Y           -       B->Y      F     sky130_fd_sc_hs__nand2_1        1 10.2   107   121     947    (-,-) 
  u_tile_ctrl/csa_tree_mul_121_78_g10120/SUM         -       B->SUM    R     sky130_fd_sc_hs__fa_1           1  8.1    73   348    1295    (-,-) 
  u_tile_ctrl/g10655/SUM                             -       CIN->SUM  F     sky130_fd_sc_hs__fa_1           2  8.0    62   268    1564    (-,-) 
  u_tile_ctrl/csa_tree_mul_121_78_g10038/SUM         -       B->SUM    R     sky130_fd_sc_hs__ha_1           2  6.1    62   196    1760    (-,-) 
  u_tile_ctrl/csa_tree_mul_121_78_g10003/Y           -       A2_N->Y   R     sky130_fd_sc_hs__o2bb2ai_1      2 11.0   196   135    1895    (-,-) 
  u_tile_ctrl/g8037__2346/X                          -       A1->X     R     sky130_fd_sc_hs__a22o_1         1  8.1    74   169    2064    (-,-) 
  u_tile_ctrl/g10654/SUM                             -       CIN->SUM  F     sky130_fd_sc_hs__fa_1           2  6.3    54   259    2323    (-,-) 
  u_tile_ctrl/WALLACE_CSA_DUMMY_OP_groupi_g7103/Y    -       B->Y      R     sky130_fd_sc_hs__nor2_1         3  9.4   141   125    2449    (-,-) 
  u_tile_ctrl/WALLACE_CSA_DUMMY_OP_groupi_g7041/Y    -       A2->Y     F     sky130_fd_sc_hs__o21ai_1        1  3.2    43    61    2510    (-,-) 
  u_tile_ctrl/WALLACE_CSA_DUMMY_OP_groupi_g7013/Y    -       B1->Y     R     sky130_fd_sc_hs__a21oi_1        3  8.8   171   147    2657    (-,-) 
  u_tile_ctrl/WALLACE_CSA_DUMMY_OP_groupi_g2/X       -       A2->X     R     sky130_fd_sc_hs__o21a_1         3  9.3    83   140    2797    (-,-) 
  u_tile_ctrl/WALLACE_CSA_DUMMY_OP_groupi_g7006/Y    -       A2->Y     F     sky130_fd_sc_hs__o21ai_1        1  8.1    73    78    2875    (-,-) 
  u_tile_ctrl/WALLACE_CSA_DUMMY_OP_groupi_g7005/COUT -       CIN->COUT F     sky130_fd_sc_hs__fa_1           1  8.1    68   228    3103    (-,-) 
  u_tile_ctrl/WALLACE_CSA_DUMMY_OP_groupi_g7004/COUT -       CIN->COUT F     sky130_fd_sc_hs__fa_1           1  8.1    68   226    3329    (-,-) 
  u_tile_ctrl/WALLACE_CSA_DUMMY_OP_groupi_g7003/COUT -       CIN->COUT F     sky130_fd_sc_hs__fa_1           1  8.1    68   226    3556    (-,-) 
  u_tile_ctrl/WALLACE_CSA_DUMMY_OP_groupi_g7002/COUT -       CIN->COUT F     sky130_fd_sc_hs__fa_1           3 11.1    82   242    3797    (-,-) 
  u_tile_ctrl/WALLACE_CSA_DUMMY_OP_groupi_g7001/Y    -       A->Y      R     sky130_fd_sc_hs__nand2_1        2  5.7    54    69    3867    (-,-) 
  u_tile_ctrl/WALLACE_CSA_DUMMY_OP_groupi_g6997/Y    -       C->Y      F     sky130_fd_sc_hs__nor3_1         1  3.2    52    38    3905    (-,-) 
  u_tile_ctrl/WALLACE_CSA_DUMMY_OP_groupi_g6993/Y    -       B->Y      R     sky130_fd_sc_hs__nor2_1         4 12.0   173   149    4054    (-,-) 
  u_tile_ctrl/WALLACE_CSA_DUMMY_OP_groupi_g6992/X    -       C->X      R     sky130_fd_sc_hs__or3_1          2  5.5    52   114    4168    (-,-) 
  u_tile_ctrl/WALLACE_CSA_DUMMY_OP_groupi_g6984/Y    -       A3->Y     F     sky130_fd_sc_hs__o311ai_1       2  8.1   106    92    4260    (-,-) 
  u_tile_ctrl/WALLACE_CSA_DUMMY_OP_groupi_g6983/Y    -       A->Y      R     sky130_fd_sc_hs__nand2_1        2  6.1    60    79    4340    (-,-) 
  u_tile_ctrl/WALLACE_CSA_DUMMY_OP_groupi_g6979/Y    -       A2->Y     F     sky130_fd_sc_hs__o221ai_1       1  8.1   118   123    4463    (-,-) 
  u_tile_ctrl/WALLACE_CSA_DUMMY_OP_groupi_g6977/COUT -       CIN->COUT F     sky130_fd_sc_hs__fa_1           1  8.1    68   243    4706    (-,-) 
  u_tile_ctrl/WALLACE_CSA_DUMMY_OP_groupi_g6976/COUT -       CIN->COUT F     sky130_fd_sc_hs__fa_1           2  7.9    67   225    4931    (-,-) 
  u_tile_ctrl/WALLACE_CSA_DUMMY_OP_groupi_g6975/Y    -       B->Y      R     sky130_fd_sc_hs__nand2b_1       2  6.1    74    86    5017    (-,-) 
  u_tile_ctrl/WALLACE_CSA_DUMMY_OP_groupi_g6972/Y    -       A2->Y     F     sky130_fd_sc_hs__o221ai_1       1  8.1   118   125    5142    (-,-) 
  u_tile_ctrl/WALLACE_CSA_DUMMY_OP_groupi_g6970/COUT -       CIN->COUT F     sky130_fd_sc_hs__fa_1           1  8.1    68   243    5385    (-,-) 
  u_tile_ctrl/WALLACE_CSA_DUMMY_OP_groupi_g6969/COUT -       CIN->COUT F     sky130_fd_sc_hs__fa_1           2  7.5    64   223    5608    (-,-) 
  u_tile_ctrl/WALLACE_CSA_DUMMY_OP_groupi_g6968/Y    -       B_N->Y    F     sky130_fd_sc_hs__nor2b_1        2  6.0    43    98    5706    (-,-) 
  u_tile_ctrl/WALLACE_CSA_DUMMY_OP_groupi_g6965/Y    -       B->Y      R     sky130_fd_sc_hs__nand2b_1       2  5.5    67    73    5780    (-,-) 
  u_tile_ctrl/WALLACE_CSA_DUMMY_OP_groupi_g6960/Y    -       A3->Y     F     sky130_fd_sc_hs__o311ai_1       2  7.9   105    94    5874    (-,-) 
  u_tile_ctrl/WALLACE_CSA_DUMMY_OP_groupi_g6959/Y    -       B->Y      R     sky130_fd_sc_hs__nand2b_1       2  6.0    77    99    5973    (-,-) 
  u_tile_ctrl/WALLACE_CSA_DUMMY_OP_groupi_g6955/Y    -       B->Y      F     sky130_fd_sc_hs__nor2_1         2  6.4    51    50    6023    (-,-) 
  u_tile_ctrl/WALLACE_CSA_DUMMY_OP_groupi_g6954/Y    -       A->Y      R     sky130_fd_sc_hs__clkinv_1       1  3.0    29    35    6058    (-,-) 
  u_tile_ctrl/WALLACE_CSA_DUMMY_OP_groupi_g6949/Y    -       A3->Y     F     sky130_fd_sc_hs__o311ai_1       2  8.0   102    88    6147    (-,-) 
  u_tile_ctrl/g10645/Y                               -       B->Y      R     sky130_fd_sc_hs__nand2_1        3  9.1    80   101    6247    (-,-) 
  u_tile_ctrl/g10382/Y                               -       A->Y      F     sky130_fd_sc_hs__nor2b_1        1  4.7    35    49    6297    (-,-) 
  u_tile_ctrl/g10375/COUT                            -       B->COUT   F     sky130_fd_sc_hs__ha_1           2  8.0    46   127    6423    (-,-) 
  u_tile_ctrl/g10381/Y                               -       A->Y      R     sky130_fd_sc_hs__nor2b_1        4 12.2   204   182    6605    (-,-) 
  u_tile_ctrl/WALLACE_CSA_DUMMY_OP_groupi_g6938/Y    -       A3->Y     F     sky130_fd_sc_hs__o311ai_1       1  8.1   105   115    6720    (-,-) 
  u_tile_ctrl/WALLACE_CSA_DUMMY_OP_groupi_g6935/COUT -       CIN->COUT F     sky130_fd_sc_hs__fa_1           1  8.1    68   239    6959    (-,-) 
  u_tile_ctrl/WALLACE_CSA_DUMMY_OP_groupi_g6934/COUT -       CIN->COUT F     sky130_fd_sc_hs__fa_1           4 12.1    85   246    7205    (-,-) 
  u_tile_ctrl/WALLACE_CSA_DUMMY_OP_groupi_g6932/Y    -       A2_N->Y   F     sky130_fd_sc_hs__o2bb2ai_1      1  2.2    35   114    7319    (-,-) 
  u_tile_ctrl/dma_rd_addr_reg[48]/D                  -       -         F     sky130_fd_sc_hs__sdfxtp_1       1    -     -     4    7323    (-,-) 
#------------------------------------------------------------------------------------------------------------------------------------------------



Path 32: MET (2306 ps) Setup Check with Pin u_tile_ctrl/dma_rd_addr_reg[47]/CLK->D
          Group: clk
     Startpoint: (R) u_tile_ctrl/q_idx_reg[1]/CLK
          Clock: (R) clk
       Endpoint: (F) u_tile_ctrl/dma_rd_addr_reg[47]/D
          Clock: (R) clk

                     Capture       Launch     
        Clock Edge:+   10000            0     
       Src Latency:+       0            0     
       Net Latency:+       0 (I)        0 (I) 
           Arrival:=   10000            0     
                                              
             Setup:-     172                  
       Uncertainty:-     200                  
     Required Time:=    9628                  
      Launch Clock:-       0                  
         Data Path:-    7322                  
             Slack:=    2306                  

#------------------------------------------------------------------------------------------------------------------------------------------------
#                   Timing Point                     Flags     Arc     Edge            Cell             Fanout Load Trans Delay Arrival Instance 
#                                                                                                              (fF)  (ps)  (ps)   (ps)  Location 
#------------------------------------------------------------------------------------------------------------------------------------------------
  u_tile_ctrl/q_idx_reg[1]/CLK                       -       -         R     (arrival)                    1242    -   100     0       0    (-,-) 
  u_tile_ctrl/q_idx_reg[1]/Q                         -       CLK->Q    R     sky130_fd_sc_hs__dfrbp_1       17 51.4   401   488     488    (-,-) 
  u_tile_ctrl/drc_buf_sp10581/X                      -       A->X      R     sky130_fd_sc_hs__clkbuf_1      17 51.7   356   339     827    (-,-) 
  u_tile_ctrl/csa_tree_mul_121_78_g10328/Y           -       B->Y      F     sky130_fd_sc_hs__nand2_1        1 10.2   107   121     947    (-,-) 
  u_tile_ctrl/csa_tree_mul_121_78_g10120/SUM         -       B->SUM    R     sky130_fd_sc_hs__fa_1           1  8.1    73   348    1295    (-,-) 
  u_tile_ctrl/g10655/SUM                             -       CIN->SUM  F     sky130_fd_sc_hs__fa_1           2  8.0    62   268    1564    (-,-) 
  u_tile_ctrl/csa_tree_mul_121_78_g10038/SUM         -       B->SUM    F     sky130_fd_sc_hs__ha_1           2  6.1    42   151    1715    (-,-) 
  u_tile_ctrl/csa_tree_mul_121_78_g10003/Y           -       A2_N->Y   F     sky130_fd_sc_hs__o2bb2ai_1      2 11.0    85   139    1854    (-,-) 
  u_tile_ctrl/g8037__2346/X                          -       A1->X     F     sky130_fd_sc_hs__a22o_1         1  8.1    53   191    2045    (-,-) 
  u_tile_ctrl/g10654/SUM                             -       CIN->SUM  R     sky130_fd_sc_hs__fa_1           2  6.3    61   284    2330    (-,-) 
  u_tile_ctrl/WALLACE_CSA_DUMMY_OP_groupi_g7103/Y    -       B->Y      F     sky130_fd_sc_hs__nor2_1         3  9.4    43    57    2387    (-,-) 
  u_tile_ctrl/WALLACE_CSA_DUMMY_OP_groupi_g7041/Y    -       A2->Y     R     sky130_fd_sc_hs__o21ai_1        1  3.2    96    98    2486    (-,-) 
  u_tile_ctrl/WALLACE_CSA_DUMMY_OP_groupi_g7013/Y    -       B1->Y     F     sky130_fd_sc_hs__a21oi_1        3  8.8    67    68    2553    (-,-) 
  u_tile_ctrl/WALLACE_CSA_DUMMY_OP_groupi_g2/X       -       A2->X     F     sky130_fd_sc_hs__o21a_1         3  9.3    52   158    2712    (-,-) 
  u_tile_ctrl/WALLACE_CSA_DUMMY_OP_groupi_g7006/Y    -       A2->Y     R     sky130_fd_sc_hs__o21ai_1        1  8.1   162   150    2861    (-,-) 
  u_tile_ctrl/WALLACE_CSA_DUMMY_OP_groupi_g7005/COUT -       CIN->COUT R     sky130_fd_sc_hs__fa_1           1  8.1    68   169    3031    (-,-) 
  u_tile_ctrl/WALLACE_CSA_DUMMY_OP_groupi_g7004/COUT -       CIN->COUT R     sky130_fd_sc_hs__fa_1           1  8.1    66   147    3178    (-,-) 
  u_tile_ctrl/WALLACE_CSA_DUMMY_OP_groupi_g7003/COUT -       CIN->COUT R     sky130_fd_sc_hs__fa_1           1  8.1    66   146    3324    (-,-) 
  u_tile_ctrl/WALLACE_CSA_DUMMY_OP_groupi_g7002/COUT -       CIN->COUT R     sky130_fd_sc_hs__fa_1           3 11.1    83   161    3485    (-,-) 
  u_tile_ctrl/WALLACE_CSA_DUMMY_OP_groupi_g7001/Y    -       A->Y      F     sky130_fd_sc_hs__nand2_1        2  5.7    47    60    3545    (-,-) 
  u_tile_ctrl/WALLACE_CSA_DUMMY_OP_groupi_g6997/Y    -       C->Y      R     sky130_fd_sc_hs__nor3_1         1  3.2   124   102    3647    (-,-) 
  u_tile_ctrl/WALLACE_CSA_DUMMY_OP_groupi_g6993/Y    -       B->Y      F     sky130_fd_sc_hs__nor2_1         4 12.0    61    84    3730    (-,-) 
  u_tile_ctrl/WALLACE_CSA_DUMMY_OP_groupi_g6992/X    -       C->X      F     sky130_fd_sc_hs__or3_1          2  5.5    46   156    3886    (-,-) 
  u_tile_ctrl/WALLACE_CSA_DUMMY_OP_groupi_g6984/Y    -       A3->Y     R     sky130_fd_sc_hs__o311ai_1       2  8.1   284   239    4125    (-,-) 
  u_tile_ctrl/WALLACE_CSA_DUMMY_OP_groupi_g6983/Y    -       A->Y      F     sky130_fd_sc_hs__nand2_1        2  6.1    83    88    4213    (-,-) 
  u_tile_ctrl/WALLACE_CSA_DUMMY_OP_groupi_g6979/Y    -       A2->Y     R     sky130_fd_sc_hs__o221ai_1       1  8.1   219   198    4411    (-,-) 
  u_tile_ctrl/WALLACE_CSA_DUMMY_OP_groupi_g6977/COUT -       CIN->COUT R     sky130_fd_sc_hs__fa_1           1  8.1    69   179    4590    (-,-) 
  u_tile_ctrl/WALLACE_CSA_DUMMY_OP_groupi_g6976/COUT -       CIN->COUT R     sky130_fd_sc_hs__fa_1           2  7.9    65   146    4736    (-,-) 
  u_tile_ctrl/WALLACE_CSA_DUMMY_OP_groupi_g6975/Y    -       B->Y      F     sky130_fd_sc_hs__nand2b_1       2  6.1    47    60    4796    (-,-) 
  u_tile_ctrl/WALLACE_CSA_DUMMY_OP_groupi_g6972/Y    -       A2->Y     R     sky130_fd_sc_hs__o221ai_1       1  8.1   219   186    4982    (-,-) 
  u_tile_ctrl/WALLACE_CSA_DUMMY_OP_groupi_g6970/COUT -       CIN->COUT R     sky130_fd_sc_hs__fa_1           1  8.1    69   179    5161    (-,-) 
  u_tile_ctrl/WALLACE_CSA_DUMMY_OP_groupi_g6969/COUT -       CIN->COUT R     sky130_fd_sc_hs__fa_1           2  7.5    62   144    5304    (-,-) 
  u_tile_ctrl/WALLACE_CSA_DUMMY_OP_groupi_g6968/Y    -       B_N->Y    R     sky130_fd_sc_hs__nor2b_1        2  6.0   117   135    5440    (-,-) 
  u_tile_ctrl/WALLACE_CSA_DUMMY_OP_groupi_g6965/Y    -       B->Y      F     sky130_fd_sc_hs__nand2b_1       2  5.5    50    65    5504    (-,-) 
  u_tile_ctrl/WALLACE_CSA_DUMMY_OP_groupi_g6960/Y    -       A3->Y     R     sky130_fd_sc_hs__o311ai_1       2  7.9   280   237    5741    (-,-) 
  u_tile_ctrl/WALLACE_CSA_DUMMY_OP_groupi_g6959/Y    -       B->Y      F     sky130_fd_sc_hs__nand2b_1       2  6.0    75    81    5822    (-,-) 
  u_tile_ctrl/WALLACE_CSA_DUMMY_OP_groupi_g6955/Y    -       B->Y      R     sky130_fd_sc_hs__nor2_1         2  6.4   108   105    5927    (-,-) 
  u_tile_ctrl/WALLACE_CSA_DUMMY_OP_groupi_g6954/Y    -       A->Y      F     sky130_fd_sc_hs__clkinv_1       1  3.0    38    54    5981    (-,-) 
  u_tile_ctrl/WALLACE_CSA_DUMMY_OP_groupi_g6949/Y    -       A3->Y     R     sky130_fd_sc_hs__o311ai_1       2  8.0   282   237    6218    (-,-) 
  u_tile_ctrl/g10645/Y                               -       B->Y      F     sky130_fd_sc_hs__nand2_1        3  9.1    92   108    6327    (-,-) 
  u_tile_ctrl/g10382/Y                               -       A->Y      R     sky130_fd_sc_hs__nor2b_1        1  4.7   102   120    6446    (-,-) 
  u_tile_ctrl/g10375/COUT                            -       B->COUT   R     sky130_fd_sc_hs__ha_1           2  8.0    70   137    6583    (-,-) 
  u_tile_ctrl/g10381/Y                               -       A->Y      F     sky130_fd_sc_hs__nor2b_1        4 12.2    54    71    6654    (-,-) 
  u_tile_ctrl/WALLACE_CSA_DUMMY_OP_groupi_g6938/Y    -       A3->Y     R     sky130_fd_sc_hs__o311ai_1       1  8.1   284   241    6895    (-,-) 
  u_tile_ctrl/WALLACE_CSA_DUMMY_OP_groupi_g6935/COUT -       CIN->COUT R     sky130_fd_sc_hs__fa_1           1  8.1    71   187    7082    (-,-) 
  u_tile_ctrl/WALLACE_CSA_DUMMY_OP_groupi_g6934/SUM  -       CIN->SUM  F     sky130_fd_sc_hs__fa_1           1  2.2    36   236    7318    (-,-) 
  u_tile_ctrl/dma_rd_addr_reg[47]/D                  -       -         F     sky130_fd_sc_hs__sdfxtp_1       1    -     -     4    7322    (-,-) 
#------------------------------------------------------------------------------------------------------------------------------------------------



Path 33: MET (2328 ps) Setup Check with Pin u_tile_ctrl/dma_wr_addr_reg[49]/CLK->SCD
          Group: clk
     Startpoint: (R) u_tile_ctrl/q_idx_reg[1]/CLK
          Clock: (R) clk
       Endpoint: (F) u_tile_ctrl/dma_wr_addr_reg[49]/SCD
          Clock: (R) clk

                     Capture       Launch     
        Clock Edge:+   10000            0     
       Src Latency:+       0            0     
       Net Latency:+       0 (I)        0 (I) 
           Arrival:=   10000            0     
                                              
             Setup:-     225                  
       Uncertainty:-     200                  
     Required Time:=    9575                  
      Launch Clock:-       0                  
         Data Path:-    7247                  
             Slack:=    2328                  

#--------------------------------------------------------------------------------------------------------------------------------------------------------
#                       Timing Point                         Flags     Arc     Edge            Cell             Fanout Load Trans Delay Arrival Instance 
#                                                                                                                      (fF)  (ps)  (ps)   (ps)  Location 
#--------------------------------------------------------------------------------------------------------------------------------------------------------
  u_tile_ctrl/q_idx_reg[1]/CLK                               -       -         R     (arrival)                    1242    -   100     0       0    (-,-) 
  u_tile_ctrl/q_idx_reg[1]/Q                                 -       CLK->Q    R     sky130_fd_sc_hs__dfrbp_1       17 51.4   401   488     488    (-,-) 
  u_tile_ctrl/drc_buf_sp10581/X                              -       A->X      R     sky130_fd_sc_hs__clkbuf_1      17 51.7   356   339     827    (-,-) 
  u_tile_ctrl/csa_tree_mul_121_78_g10287/Y                   -       A->Y      F     sky130_fd_sc_hs__nand2_1        2  8.6   112   116     943    (-,-) 
  u_tile_ctrl/csa_tree_mul_121_78_g10159/Y                   -       A->Y      R     sky130_fd_sc_hs__xnor2_1        3  9.1   179   195    1138    (-,-) 
  u_tile_ctrl/csa_tree_mul_121_78_g10151/Y                   -       A2_N->Y   R     sky130_fd_sc_hs__o2bb2ai_1      2 11.0   196   153    1291    (-,-) 
  u_tile_ctrl/WALLACE_CSA_DUMMY_OP16_groupi_g5686__6783/SUM  -       CIN->SUM  F     sky130_fd_sc_hs__fa_1           1 10.5    71   296    1588    (-,-) 
  u_tile_ctrl/WALLACE_CSA_DUMMY_OP16_groupi_g5605__5122/COUT -       A->COUT   F     sky130_fd_sc_hs__fa_1           1  8.1    68   269    1856    (-,-) 
  u_tile_ctrl/WALLACE_CSA_DUMMY_OP16_groupi_g5604__1705/COUT -       CIN->COUT F     sky130_fd_sc_hs__fa_1           1  8.1    68   226    2083    (-,-) 
  u_tile_ctrl/WALLACE_CSA_DUMMY_OP16_groupi_g5603__2802/COUT -       CIN->COUT F     sky130_fd_sc_hs__fa_1           1  8.1    68   226    2309    (-,-) 
  u_tile_ctrl/WALLACE_CSA_DUMMY_OP16_groupi_g5602__1617/COUT -       CIN->COUT F     sky130_fd_sc_hs__fa_1           1  8.1    68   226    2536    (-,-) 
  u_tile_ctrl/WALLACE_CSA_DUMMY_OP16_groupi_g5601__3680/COUT -       CIN->COUT F     sky130_fd_sc_hs__fa_1           2  7.9    67   225    2761    (-,-) 
  u_tile_ctrl/WALLACE_CSA_DUMMY_OP16_groupi_g5600__6783/Y    -       B->Y      R     sky130_fd_sc_hs__nand2b_1       2  6.4    76    87    2848    (-,-) 
  u_tile_ctrl/WALLACE_CSA_DUMMY_OP16_groupi_g5597__4319/Y    -       A2->Y     F     sky130_fd_sc_hs__o221ai_1       1  8.1   118   126    2974    (-,-) 
  u_tile_ctrl/WALLACE_CSA_DUMMY_OP16_groupi_g5595__5107/COUT -       CIN->COUT F     sky130_fd_sc_hs__fa_1           1  8.1    68   243    3217    (-,-) 
  u_tile_ctrl/WALLACE_CSA_DUMMY_OP16_groupi_g5594__2398/COUT -       CIN->COUT F     sky130_fd_sc_hs__fa_1           1  8.1    68   226    3444    (-,-) 
  u_tile_ctrl/WALLACE_CSA_DUMMY_OP16_groupi_g5593__5477/COUT -       CIN->COUT F     sky130_fd_sc_hs__fa_1           1  8.1    68   226    3670    (-,-) 
  u_tile_ctrl/WALLACE_CSA_DUMMY_OP16_groupi_g5592__6417/COUT -       CIN->COUT F     sky130_fd_sc_hs__fa_1           1  8.1    68   226    3896    (-,-) 
  u_tile_ctrl/WALLACE_CSA_DUMMY_OP16_groupi_g5591__7410/COUT -       CIN->COUT F     sky130_fd_sc_hs__fa_1           1  8.1    68   226    4123    (-,-) 
  u_tile_ctrl/WALLACE_CSA_DUMMY_OP16_groupi_g5590__1666/COUT -       CIN->COUT F     sky130_fd_sc_hs__fa_1           2  7.5    64   223    4346    (-,-) 
  u_tile_ctrl/WALLACE_CSA_DUMMY_OP16_groupi_g5589__2346/Y    -       B_N->Y    F     sky130_fd_sc_hs__nor2b_1        2  6.0    43    98    4444    (-,-) 
  u_tile_ctrl/WALLACE_CSA_DUMMY_OP16_groupi_g5586__9315/Y    -       B->Y      R     sky130_fd_sc_hs__nand2b_1       2  5.7    69    74    4518    (-,-) 
  u_tile_ctrl/WALLACE_CSA_DUMMY_OP16_groupi_g5583__7482/Y    -       C->Y      F     sky130_fd_sc_hs__nor3_1         1  3.1    52    40    4558    (-,-) 
  u_tile_ctrl/WALLACE_CSA_DUMMY_OP16_groupi_g5580__6131/Y    -       B->Y      R     sky130_fd_sc_hs__nor3b_1        3 10.9   284   249    4808    (-,-) 
  u_tile_ctrl/WALLACE_CSA_DUMMY_OP16_groupi_g5579__7098/X    -       C->X      R     sky130_fd_sc_hs__or3_1          2  5.5    54   124    4932    (-,-) 
  u_tile_ctrl/WALLACE_CSA_DUMMY_OP16_groupi_g5571__5526/Y    -       A3->Y     F     sky130_fd_sc_hs__o311ai_1       2  7.9   105    92    5023    (-,-) 
  u_tile_ctrl/WALLACE_CSA_DUMMY_OP16_groupi_g5570__8428/Y    -       B->Y      R     sky130_fd_sc_hs__nand2b_1       2  6.1    78   100    5123    (-,-) 
  u_tile_ctrl/WALLACE_CSA_DUMMY_OP16_groupi_g5566__2398/Y    -       A2->Y     F     sky130_fd_sc_hs__o221ai_1       1  8.1   118   126    5249    (-,-) 
  u_tile_ctrl/WALLACE_CSA_DUMMY_OP16_groupi_g5564__6417/COUT -       CIN->COUT F     sky130_fd_sc_hs__fa_1           1  8.1    68   243    5492    (-,-) 
  u_tile_ctrl/WALLACE_CSA_DUMMY_OP16_groupi_g5563__7410/COUT -       CIN->COUT F     sky130_fd_sc_hs__fa_1           2  7.9    67   225    5718    (-,-) 
  u_tile_ctrl/WALLACE_CSA_DUMMY_OP16_groupi_g5562__1666/Y    -       B->Y      R     sky130_fd_sc_hs__nand2b_1       2  6.1    74    86    5803    (-,-) 
  u_tile_ctrl/WALLACE_CSA_DUMMY_OP16_groupi_g5559__9945/Y    -       A2->Y     F     sky130_fd_sc_hs__o221ai_1       1  8.1   118   125    5928    (-,-) 
  u_tile_ctrl/WALLACE_CSA_DUMMY_OP16_groupi_g5557__6161/COUT -       CIN->COUT F     sky130_fd_sc_hs__fa_1           1  8.1    68   243    6172    (-,-) 
  u_tile_ctrl/WALLACE_CSA_DUMMY_OP16_groupi_g5556__4733/COUT -       CIN->COUT F     sky130_fd_sc_hs__fa_1           2  7.9    67   225    6397    (-,-) 
  u_tile_ctrl/WALLACE_CSA_DUMMY_OP16_groupi_g5555__7482/Y    -       B->Y      R     sky130_fd_sc_hs__nand2b_1       2  6.0    73    85    6482    (-,-) 
  u_tile_ctrl/WALLACE_CSA_DUMMY_OP16_groupi_g5552__6131/Y    -       B->Y      F     sky130_fd_sc_hs__nor2_1         2  5.8    49    47    6529    (-,-) 
  u_tile_ctrl/WALLACE_CSA_DUMMY_OP16_groupi_g5551__7098/Y    -       C_N->Y    F     sky130_fd_sc_hs__nor3b_1        2  6.3    59    94    6622    (-,-) 
  u_tile_ctrl/WALLACE_CSA_DUMMY_OP16_groupi_g5546__1617/X    -       B1->X     F     sky130_fd_sc_hs__a222o_1        3 10.0    78   299    6921    (-,-) 
  u_tile_ctrl/WALLACE_CSA_DUMMY_OP16_groupi_g5540__6260/Y    -       B_N->Y    F     sky130_fd_sc_hs__nor2b_1        3  8.4    47   112    7034    (-,-) 
  u_tile_ctrl/WALLACE_CSA_DUMMY_OP16_groupi_g5533__2346/Y    -       B_N->Y    F     sky130_fd_sc_hs__nor2b_1        2  5.9    34    92    7125    (-,-) 
  u_tile_ctrl/WALLACE_CSA_DUMMY_OP16_groupi_g5529__6161/Y    -       A->Y      R     sky130_fd_sc_hs__nand2_1        3  8.8    73    68    7194    (-,-) 
  u_tile_ctrl/WALLACE_CSA_DUMMY_OP16_groupi_g5508__6417/Y    -       B2->Y     F     sky130_fd_sc_hs__o2bb2ai_1      1  2.4    38    49    7242    (-,-) 
  u_tile_ctrl/dma_wr_addr_reg[49]/SCD                        -       -         F     sky130_fd_sc_hs__sdfxtp_1       1    -     -     4    7247    (-,-) 
#--------------------------------------------------------------------------------------------------------------------------------------------------------



Path 34: MET (2334 ps) Setup Check with Pin u_tile_ctrl/dma_wr_addr_reg[48]/CLK->SCD
          Group: clk
     Startpoint: (R) u_tile_ctrl/q_idx_reg[1]/CLK
          Clock: (R) clk
       Endpoint: (F) u_tile_ctrl/dma_wr_addr_reg[48]/SCD
          Clock: (R) clk

                     Capture       Launch     
        Clock Edge:+   10000            0     
       Src Latency:+       0            0     
       Net Latency:+       0 (I)        0 (I) 
           Arrival:=   10000            0     
                                              
             Setup:-     221                  
       Uncertainty:-     200                  
     Required Time:=    9579                  
      Launch Clock:-       0                  
         Data Path:-    7245                  
             Slack:=    2334                  

#--------------------------------------------------------------------------------------------------------------------------------------------------------
#                       Timing Point                         Flags     Arc     Edge            Cell             Fanout Load Trans Delay Arrival Instance 
#                                                                                                                      (fF)  (ps)  (ps)   (ps)  Location 
#--------------------------------------------------------------------------------------------------------------------------------------------------------
  u_tile_ctrl/q_idx_reg[1]/CLK                               -       -         R     (arrival)                    1242    -   100     0       0    (-,-) 
  u_tile_ctrl/q_idx_reg[1]/Q                                 -       CLK->Q    R     sky130_fd_sc_hs__dfrbp_1       17 51.4   401   488     488    (-,-) 
  u_tile_ctrl/drc_buf_sp10581/X                              -       A->X      R     sky130_fd_sc_hs__clkbuf_1      17 51.7   356   339     827    (-,-) 
  u_tile_ctrl/csa_tree_mul_121_78_g10287/Y                   -       A->Y      F     sky130_fd_sc_hs__nand2_1        2  8.6   112   116     943    (-,-) 
  u_tile_ctrl/csa_tree_mul_121_78_g10159/Y                   -       A->Y      R     sky130_fd_sc_hs__xnor2_1        3  9.1   179   195    1138    (-,-) 
  u_tile_ctrl/csa_tree_mul_121_78_g10151/Y                   -       A2_N->Y   R     sky130_fd_sc_hs__o2bb2ai_1      2 11.0   196   153    1291    (-,-) 
  u_tile_ctrl/WALLACE_CSA_DUMMY_OP16_groupi_g5686__6783/SUM  -       CIN->SUM  F     sky130_fd_sc_hs__fa_1           1 10.5    71   296    1588    (-,-) 
  u_tile_ctrl/WALLACE_CSA_DUMMY_OP16_groupi_g5605__5122/COUT -       A->COUT   F     sky130_fd_sc_hs__fa_1           1  8.1    68   269    1856    (-,-) 
  u_tile_ctrl/WALLACE_CSA_DUMMY_OP16_groupi_g5604__1705/COUT -       CIN->COUT F     sky130_fd_sc_hs__fa_1           1  8.1    68   226    2083    (-,-) 
  u_tile_ctrl/WALLACE_CSA_DUMMY_OP16_groupi_g5603__2802/COUT -       CIN->COUT F     sky130_fd_sc_hs__fa_1           1  8.1    68   226    2309    (-,-) 
  u_tile_ctrl/WALLACE_CSA_DUMMY_OP16_groupi_g5602__1617/COUT -       CIN->COUT F     sky130_fd_sc_hs__fa_1           1  8.1    68   226    2536    (-,-) 
  u_tile_ctrl/WALLACE_CSA_DUMMY_OP16_groupi_g5601__3680/COUT -       CIN->COUT F     sky130_fd_sc_hs__fa_1           2  7.9    67   225    2761    (-,-) 
  u_tile_ctrl/WALLACE_CSA_DUMMY_OP16_groupi_g5600__6783/Y    -       B->Y      R     sky130_fd_sc_hs__nand2b_1       2  6.4    76    87    2848    (-,-) 
  u_tile_ctrl/WALLACE_CSA_DUMMY_OP16_groupi_g5597__4319/Y    -       A2->Y     F     sky130_fd_sc_hs__o221ai_1       1  8.1   118   126    2974    (-,-) 
  u_tile_ctrl/WALLACE_CSA_DUMMY_OP16_groupi_g5595__5107/COUT -       CIN->COUT F     sky130_fd_sc_hs__fa_1           1  8.1    68   243    3217    (-,-) 
  u_tile_ctrl/WALLACE_CSA_DUMMY_OP16_groupi_g5594__2398/COUT -       CIN->COUT F     sky130_fd_sc_hs__fa_1           1  8.1    68   226    3444    (-,-) 
  u_tile_ctrl/WALLACE_CSA_DUMMY_OP16_groupi_g5593__5477/COUT -       CIN->COUT F     sky130_fd_sc_hs__fa_1           1  8.1    68   226    3670    (-,-) 
  u_tile_ctrl/WALLACE_CSA_DUMMY_OP16_groupi_g5592__6417/COUT -       CIN->COUT F     sky130_fd_sc_hs__fa_1           1  8.1    68   226    3896    (-,-) 
  u_tile_ctrl/WALLACE_CSA_DUMMY_OP16_groupi_g5591__7410/COUT -       CIN->COUT F     sky130_fd_sc_hs__fa_1           1  8.1    68   226    4123    (-,-) 
  u_tile_ctrl/WALLACE_CSA_DUMMY_OP16_groupi_g5590__1666/COUT -       CIN->COUT F     sky130_fd_sc_hs__fa_1           2  7.5    64   223    4346    (-,-) 
  u_tile_ctrl/WALLACE_CSA_DUMMY_OP16_groupi_g5589__2346/Y    -       B_N->Y    F     sky130_fd_sc_hs__nor2b_1        2  6.0    43    98    4444    (-,-) 
  u_tile_ctrl/WALLACE_CSA_DUMMY_OP16_groupi_g5586__9315/Y    -       B->Y      R     sky130_fd_sc_hs__nand2b_1       2  5.7    69    74    4518    (-,-) 
  u_tile_ctrl/WALLACE_CSA_DUMMY_OP16_groupi_g5583__7482/Y    -       C->Y      F     sky130_fd_sc_hs__nor3_1         1  3.1    52    40    4558    (-,-) 
  u_tile_ctrl/WALLACE_CSA_DUMMY_OP16_groupi_g5580__6131/Y    -       B->Y      R     sky130_fd_sc_hs__nor3b_1        3 10.9   284   249    4808    (-,-) 
  u_tile_ctrl/WALLACE_CSA_DUMMY_OP16_groupi_g5579__7098/X    -       C->X      R     sky130_fd_sc_hs__or3_1          2  5.5    54   124    4932    (-,-) 
  u_tile_ctrl/WALLACE_CSA_DUMMY_OP16_groupi_g5571__5526/Y    -       A3->Y     F     sky130_fd_sc_hs__o311ai_1       2  7.9   105    92    5023    (-,-) 
  u_tile_ctrl/WALLACE_CSA_DUMMY_OP16_groupi_g5570__8428/Y    -       B->Y      R     sky130_fd_sc_hs__nand2b_1       2  6.1    78   100    5123    (-,-) 
  u_tile_ctrl/WALLACE_CSA_DUMMY_OP16_groupi_g5566__2398/Y    -       A2->Y     F     sky130_fd_sc_hs__o221ai_1       1  8.1   118   126    5249    (-,-) 
  u_tile_ctrl/WALLACE_CSA_DUMMY_OP16_groupi_g5564__6417/COUT -       CIN->COUT F     sky130_fd_sc_hs__fa_1           1  8.1    68   243    5492    (-,-) 
  u_tile_ctrl/WALLACE_CSA_DUMMY_OP16_groupi_g5563__7410/COUT -       CIN->COUT F     sky130_fd_sc_hs__fa_1           2  7.9    67   225    5718    (-,-) 
  u_tile_ctrl/WALLACE_CSA_DUMMY_OP16_groupi_g5562__1666/Y    -       B->Y      R     sky130_fd_sc_hs__nand2b_1       2  6.1    74    86    5803    (-,-) 
  u_tile_ctrl/WALLACE_CSA_DUMMY_OP16_groupi_g5559__9945/Y    -       A2->Y     F     sky130_fd_sc_hs__o221ai_1       1  8.1   118   125    5928    (-,-) 
  u_tile_ctrl/WALLACE_CSA_DUMMY_OP16_groupi_g5557__6161/COUT -       CIN->COUT F     sky130_fd_sc_hs__fa_1           1  8.1    68   243    6172    (-,-) 
  u_tile_ctrl/WALLACE_CSA_DUMMY_OP16_groupi_g5556__4733/COUT -       CIN->COUT F     sky130_fd_sc_hs__fa_1           2  7.9    67   225    6397    (-,-) 
  u_tile_ctrl/WALLACE_CSA_DUMMY_OP16_groupi_g5555__7482/Y    -       B->Y      R     sky130_fd_sc_hs__nand2b_1       2  6.0    73    85    6482    (-,-) 
  u_tile_ctrl/WALLACE_CSA_DUMMY_OP16_groupi_g5552__6131/Y    -       B->Y      F     sky130_fd_sc_hs__nor2_1         2  5.8    49    47    6529    (-,-) 
  u_tile_ctrl/WALLACE_CSA_DUMMY_OP16_groupi_g5551__7098/Y    -       C_N->Y    F     sky130_fd_sc_hs__nor3b_1        2  6.3    59    94    6622    (-,-) 
  u_tile_ctrl/WALLACE_CSA_DUMMY_OP16_groupi_g5546__1617/X    -       B1->X     F     sky130_fd_sc_hs__a222o_1        3 10.0    78   299    6921    (-,-) 
  u_tile_ctrl/WALLACE_CSA_DUMMY_OP16_groupi_g5540__6260/Y    -       B_N->Y    F     sky130_fd_sc_hs__nor2b_1        3  8.4    47   112    7034    (-,-) 
  u_tile_ctrl/WALLACE_CSA_DUMMY_OP16_groupi_g5533__2346/Y    -       B_N->Y    F     sky130_fd_sc_hs__nor2b_1        2  5.9    34    92    7125    (-,-) 
  u_tile_ctrl/WALLACE_CSA_DUMMY_OP16_groupi_g5521__5122/X    -       A2->X     F     sky130_fd_sc_hs__o21a_1         1  2.4    26   115    7241    (-,-) 
  u_tile_ctrl/dma_wr_addr_reg[48]/SCD                        -       -         F     sky130_fd_sc_hs__sdfxtp_1       1    -     -     4    7245    (-,-) 
#--------------------------------------------------------------------------------------------------------------------------------------------------------



Path 35: MET (2384 ps) Setup Check with Pin u_tile_ctrl/dma_wr_addr_reg[50]/CLK->SCD
          Group: clk
     Startpoint: (R) u_tile_ctrl/q_idx_reg[1]/CLK
          Clock: (R) clk
       Endpoint: (F) u_tile_ctrl/dma_wr_addr_reg[50]/SCD
          Clock: (R) clk

                     Capture       Launch     
        Clock Edge:+   10000            0     
       Src Latency:+       0            0     
       Net Latency:+       0 (I)        0 (I) 
           Arrival:=   10000            0     
                                              
             Setup:-     222                  
       Uncertainty:-     200                  
     Required Time:=    9578                  
      Launch Clock:-       0                  
         Data Path:-    7194                  
             Slack:=    2384                  

#--------------------------------------------------------------------------------------------------------------------------------------------------------
#                       Timing Point                         Flags     Arc     Edge            Cell             Fanout Load Trans Delay Arrival Instance 
#                                                                                                                      (fF)  (ps)  (ps)   (ps)  Location 
#--------------------------------------------------------------------------------------------------------------------------------------------------------
  u_tile_ctrl/q_idx_reg[1]/CLK                               -       -         R     (arrival)                    1242    -   100     0       0    (-,-) 
  u_tile_ctrl/q_idx_reg[1]/Q                                 -       CLK->Q    R     sky130_fd_sc_hs__dfrbp_1       17 51.4   401   488     488    (-,-) 
  u_tile_ctrl/drc_buf_sp10581/X                              -       A->X      R     sky130_fd_sc_hs__clkbuf_1      17 51.7   356   339     827    (-,-) 
  u_tile_ctrl/csa_tree_mul_121_78_g10287/Y                   -       A->Y      F     sky130_fd_sc_hs__nand2_1        2  8.6   112   116     943    (-,-) 
  u_tile_ctrl/csa_tree_mul_121_78_g10159/Y                   -       A->Y      R     sky130_fd_sc_hs__xnor2_1        3  9.1   179   195    1138    (-,-) 
  u_tile_ctrl/csa_tree_mul_121_78_g10151/Y                   -       A2_N->Y   R     sky130_fd_sc_hs__o2bb2ai_1      2 11.0   196   153    1291    (-,-) 
  u_tile_ctrl/WALLACE_CSA_DUMMY_OP16_groupi_g5686__6783/SUM  -       CIN->SUM  F     sky130_fd_sc_hs__fa_1           1 10.5    71   296    1588    (-,-) 
  u_tile_ctrl/WALLACE_CSA_DUMMY_OP16_groupi_g5605__5122/COUT -       A->COUT   F     sky130_fd_sc_hs__fa_1           1  8.1    68   269    1856    (-,-) 
  u_tile_ctrl/WALLACE_CSA_DUMMY_OP16_groupi_g5604__1705/COUT -       CIN->COUT F     sky130_fd_sc_hs__fa_1           1  8.1    68   226    2083    (-,-) 
  u_tile_ctrl/WALLACE_CSA_DUMMY_OP16_groupi_g5603__2802/COUT -       CIN->COUT F     sky130_fd_sc_hs__fa_1           1  8.1    68   226    2309    (-,-) 
  u_tile_ctrl/WALLACE_CSA_DUMMY_OP16_groupi_g5602__1617/COUT -       CIN->COUT F     sky130_fd_sc_hs__fa_1           1  8.1    68   226    2536    (-,-) 
  u_tile_ctrl/WALLACE_CSA_DUMMY_OP16_groupi_g5601__3680/COUT -       CIN->COUT F     sky130_fd_sc_hs__fa_1           2  7.9    67   225    2761    (-,-) 
  u_tile_ctrl/WALLACE_CSA_DUMMY_OP16_groupi_g5600__6783/Y    -       B->Y      R     sky130_fd_sc_hs__nand2b_1       2  6.4    76    87    2848    (-,-) 
  u_tile_ctrl/WALLACE_CSA_DUMMY_OP16_groupi_g5597__4319/Y    -       A2->Y     F     sky130_fd_sc_hs__o221ai_1       1  8.1   118   126    2974    (-,-) 
  u_tile_ctrl/WALLACE_CSA_DUMMY_OP16_groupi_g5595__5107/COUT -       CIN->COUT F     sky130_fd_sc_hs__fa_1           1  8.1    68   243    3217    (-,-) 
  u_tile_ctrl/WALLACE_CSA_DUMMY_OP16_groupi_g5594__2398/COUT -       CIN->COUT F     sky130_fd_sc_hs__fa_1           1  8.1    68   226    3444    (-,-) 
  u_tile_ctrl/WALLACE_CSA_DUMMY_OP16_groupi_g5593__5477/COUT -       CIN->COUT F     sky130_fd_sc_hs__fa_1           1  8.1    68   226    3670    (-,-) 
  u_tile_ctrl/WALLACE_CSA_DUMMY_OP16_groupi_g5592__6417/COUT -       CIN->COUT F     sky130_fd_sc_hs__fa_1           1  8.1    68   226    3896    (-,-) 
  u_tile_ctrl/WALLACE_CSA_DUMMY_OP16_groupi_g5591__7410/COUT -       CIN->COUT F     sky130_fd_sc_hs__fa_1           1  8.1    68   226    4123    (-,-) 
  u_tile_ctrl/WALLACE_CSA_DUMMY_OP16_groupi_g5590__1666/COUT -       CIN->COUT F     sky130_fd_sc_hs__fa_1           2  7.5    64   223    4346    (-,-) 
  u_tile_ctrl/WALLACE_CSA_DUMMY_OP16_groupi_g5589__2346/Y    -       B_N->Y    F     sky130_fd_sc_hs__nor2b_1        2  6.0    43    98    4444    (-,-) 
  u_tile_ctrl/WALLACE_CSA_DUMMY_OP16_groupi_g5586__9315/Y    -       B->Y      R     sky130_fd_sc_hs__nand2b_1       2  5.7    69    74    4518    (-,-) 
  u_tile_ctrl/WALLACE_CSA_DUMMY_OP16_groupi_g5583__7482/Y    -       C->Y      F     sky130_fd_sc_hs__nor3_1         1  3.1    52    40    4558    (-,-) 
  u_tile_ctrl/WALLACE_CSA_DUMMY_OP16_groupi_g5580__6131/Y    -       B->Y      R     sky130_fd_sc_hs__nor3b_1        3 10.9   284   249    4808    (-,-) 
  u_tile_ctrl/WALLACE_CSA_DUMMY_OP16_groupi_g5579__7098/X    -       C->X      R     sky130_fd_sc_hs__or3_1          2  5.5    54   124    4932    (-,-) 
  u_tile_ctrl/WALLACE_CSA_DUMMY_OP16_groupi_g5571__5526/Y    -       A3->Y     F     sky130_fd_sc_hs__o311ai_1       2  7.9   105    92    5023    (-,-) 
  u_tile_ctrl/WALLACE_CSA_DUMMY_OP16_groupi_g5570__8428/Y    -       B->Y      R     sky130_fd_sc_hs__nand2b_1       2  6.1    78   100    5123    (-,-) 
  u_tile_ctrl/WALLACE_CSA_DUMMY_OP16_groupi_g5566__2398/Y    -       A2->Y     F     sky130_fd_sc_hs__o221ai_1       1  8.1   118   126    5249    (-,-) 
  u_tile_ctrl/WALLACE_CSA_DUMMY_OP16_groupi_g5564__6417/COUT -       CIN->COUT F     sky130_fd_sc_hs__fa_1           1  8.1    68   243    5492    (-,-) 
  u_tile_ctrl/WALLACE_CSA_DUMMY_OP16_groupi_g5563__7410/COUT -       CIN->COUT F     sky130_fd_sc_hs__fa_1           2  7.9    67   225    5718    (-,-) 
  u_tile_ctrl/WALLACE_CSA_DUMMY_OP16_groupi_g5562__1666/Y    -       B->Y      R     sky130_fd_sc_hs__nand2b_1       2  6.1    74    86    5803    (-,-) 
  u_tile_ctrl/WALLACE_CSA_DUMMY_OP16_groupi_g5559__9945/Y    -       A2->Y     F     sky130_fd_sc_hs__o221ai_1       1  8.1   118   125    5928    (-,-) 
  u_tile_ctrl/WALLACE_CSA_DUMMY_OP16_groupi_g5557__6161/COUT -       CIN->COUT F     sky130_fd_sc_hs__fa_1           1  8.1    68   243    6172    (-,-) 
  u_tile_ctrl/WALLACE_CSA_DUMMY_OP16_groupi_g5556__4733/COUT -       CIN->COUT F     sky130_fd_sc_hs__fa_1           2  7.9    67   225    6397    (-,-) 
  u_tile_ctrl/WALLACE_CSA_DUMMY_OP16_groupi_g5555__7482/Y    -       B->Y      R     sky130_fd_sc_hs__nand2b_1       2  6.0    73    85    6482    (-,-) 
  u_tile_ctrl/WALLACE_CSA_DUMMY_OP16_groupi_g5552__6131/Y    -       B->Y      F     sky130_fd_sc_hs__nor2_1         2  5.8    49    47    6529    (-,-) 
  u_tile_ctrl/WALLACE_CSA_DUMMY_OP16_groupi_g5551__7098/Y    -       C_N->Y    F     sky130_fd_sc_hs__nor3b_1        2  6.3    59    94    6622    (-,-) 
  u_tile_ctrl/WALLACE_CSA_DUMMY_OP16_groupi_g5546__1617/X    -       B1->X     F     sky130_fd_sc_hs__a222o_1        3 10.0    78   299    6921    (-,-) 
  u_tile_ctrl/WALLACE_CSA_DUMMY_OP16_groupi_g5542__8428/X    -       A->X      F     sky130_fd_sc_hs__and4_1         4 12.4    57   137    7058    (-,-) 
  u_tile_ctrl/WALLACE_CSA_DUMMY_OP16_groupi_g5515__5526/SUM  -       B->SUM    F     sky130_fd_sc_hs__ha_1           1  2.4    28   131    7190    (-,-) 
  u_tile_ctrl/dma_wr_addr_reg[50]/SCD                        -       -         F     sky130_fd_sc_hs__sdfxtp_1       1    -     -     4    7194    (-,-) 
#--------------------------------------------------------------------------------------------------------------------------------------------------------



Path 36: MET (2400 ps) Setup Check with Pin u_tile_ctrl/dma_wr_addr_reg[43]/CLK->SCD
          Group: clk
     Startpoint: (R) u_tile_ctrl/q_idx_reg[1]/CLK
          Clock: (R) clk
       Endpoint: (F) u_tile_ctrl/dma_wr_addr_reg[43]/SCD
          Clock: (R) clk

                     Capture       Launch     
        Clock Edge:+   10000            0     
       Src Latency:+       0            0     
       Net Latency:+       0 (I)        0 (I) 
           Arrival:=   10000            0     
                                              
             Setup:-     222                  
       Uncertainty:-     200                  
     Required Time:=    9578                  
      Launch Clock:-       0                  
         Data Path:-    7178                  
             Slack:=    2400                  

#--------------------------------------------------------------------------------------------------------------------------------------------------------
#                       Timing Point                         Flags     Arc     Edge            Cell             Fanout Load Trans Delay Arrival Instance 
#                                                                                                                      (fF)  (ps)  (ps)   (ps)  Location 
#--------------------------------------------------------------------------------------------------------------------------------------------------------
  u_tile_ctrl/q_idx_reg[1]/CLK                               -       -         R     (arrival)                    1242    -   100     0       0    (-,-) 
  u_tile_ctrl/q_idx_reg[1]/Q                                 -       CLK->Q    R     sky130_fd_sc_hs__dfrbp_1       17 51.4   401   488     488    (-,-) 
  u_tile_ctrl/drc_buf_sp10581/X                              -       A->X      R     sky130_fd_sc_hs__clkbuf_1      17 51.7   356   339     827    (-,-) 
  u_tile_ctrl/csa_tree_mul_121_78_g10287/Y                   -       A->Y      F     sky130_fd_sc_hs__nand2_1        2  8.6   112   116     943    (-,-) 
  u_tile_ctrl/csa_tree_mul_121_78_g10159/Y                   -       A->Y      R     sky130_fd_sc_hs__xnor2_1        3  9.1   179   195    1138    (-,-) 
  u_tile_ctrl/csa_tree_mul_121_78_g10151/Y                   -       A2_N->Y   R     sky130_fd_sc_hs__o2bb2ai_1      2 11.0   196   153    1291    (-,-) 
  u_tile_ctrl/WALLACE_CSA_DUMMY_OP16_groupi_g5686__6783/SUM  -       CIN->SUM  F     sky130_fd_sc_hs__fa_1           1 10.5    71   296    1588    (-,-) 
  u_tile_ctrl/WALLACE_CSA_DUMMY_OP16_groupi_g5605__5122/COUT -       A->COUT   F     sky130_fd_sc_hs__fa_1           1  8.1    68   269    1856    (-,-) 
  u_tile_ctrl/WALLACE_CSA_DUMMY_OP16_groupi_g5604__1705/COUT -       CIN->COUT F     sky130_fd_sc_hs__fa_1           1  8.1    68   226    2083    (-,-) 
  u_tile_ctrl/WALLACE_CSA_DUMMY_OP16_groupi_g5603__2802/COUT -       CIN->COUT F     sky130_fd_sc_hs__fa_1           1  8.1    68   226    2309    (-,-) 
  u_tile_ctrl/WALLACE_CSA_DUMMY_OP16_groupi_g5602__1617/COUT -       CIN->COUT F     sky130_fd_sc_hs__fa_1           1  8.1    68   226    2536    (-,-) 
  u_tile_ctrl/WALLACE_CSA_DUMMY_OP16_groupi_g5601__3680/COUT -       CIN->COUT F     sky130_fd_sc_hs__fa_1           2  7.9    67   225    2761    (-,-) 
  u_tile_ctrl/WALLACE_CSA_DUMMY_OP16_groupi_g5600__6783/Y    -       B->Y      R     sky130_fd_sc_hs__nand2b_1       2  6.4    76    87    2848    (-,-) 
  u_tile_ctrl/WALLACE_CSA_DUMMY_OP16_groupi_g5597__4319/Y    -       A2->Y     F     sky130_fd_sc_hs__o221ai_1       1  8.1   118   126    2974    (-,-) 
  u_tile_ctrl/WALLACE_CSA_DUMMY_OP16_groupi_g5595__5107/COUT -       CIN->COUT F     sky130_fd_sc_hs__fa_1           1  8.1    68   243    3217    (-,-) 
  u_tile_ctrl/WALLACE_CSA_DUMMY_OP16_groupi_g5594__2398/COUT -       CIN->COUT F     sky130_fd_sc_hs__fa_1           1  8.1    68   226    3444    (-,-) 
  u_tile_ctrl/WALLACE_CSA_DUMMY_OP16_groupi_g5593__5477/COUT -       CIN->COUT F     sky130_fd_sc_hs__fa_1           1  8.1    68   226    3670    (-,-) 
  u_tile_ctrl/WALLACE_CSA_DUMMY_OP16_groupi_g5592__6417/COUT -       CIN->COUT F     sky130_fd_sc_hs__fa_1           1  8.1    68   226    3896    (-,-) 
  u_tile_ctrl/WALLACE_CSA_DUMMY_OP16_groupi_g5591__7410/COUT -       CIN->COUT F     sky130_fd_sc_hs__fa_1           1  8.1    68   226    4123    (-,-) 
  u_tile_ctrl/WALLACE_CSA_DUMMY_OP16_groupi_g5590__1666/COUT -       CIN->COUT F     sky130_fd_sc_hs__fa_1           2  7.5    64   223    4346    (-,-) 
  u_tile_ctrl/WALLACE_CSA_DUMMY_OP16_groupi_g5589__2346/Y    -       B_N->Y    F     sky130_fd_sc_hs__nor2b_1        2  6.0    43    98    4444    (-,-) 
  u_tile_ctrl/WALLACE_CSA_DUMMY_OP16_groupi_g5586__9315/Y    -       B->Y      R     sky130_fd_sc_hs__nand2b_1       2  5.7    69    74    4518    (-,-) 
  u_tile_ctrl/WALLACE_CSA_DUMMY_OP16_groupi_g5583__7482/Y    -       C->Y      F     sky130_fd_sc_hs__nor3_1         1  3.1    52    40    4558    (-,-) 
  u_tile_ctrl/WALLACE_CSA_DUMMY_OP16_groupi_g5580__6131/Y    -       B->Y      R     sky130_fd_sc_hs__nor3b_1        3 10.9   284   249    4808    (-,-) 
  u_tile_ctrl/WALLACE_CSA_DUMMY_OP16_groupi_g5579__7098/X    -       C->X      R     sky130_fd_sc_hs__or3_1          2  5.5    54   124    4932    (-,-) 
  u_tile_ctrl/WALLACE_CSA_DUMMY_OP16_groupi_g5571__5526/Y    -       A3->Y     F     sky130_fd_sc_hs__o311ai_1       2  7.9   105    92    5023    (-,-) 
  u_tile_ctrl/WALLACE_CSA_DUMMY_OP16_groupi_g5570__8428/Y    -       B->Y      R     sky130_fd_sc_hs__nand2b_1       2  6.1    78   100    5123    (-,-) 
  u_tile_ctrl/WALLACE_CSA_DUMMY_OP16_groupi_g5566__2398/Y    -       A2->Y     F     sky130_fd_sc_hs__o221ai_1       1  8.1   118   126    5249    (-,-) 
  u_tile_ctrl/WALLACE_CSA_DUMMY_OP16_groupi_g5564__6417/COUT -       CIN->COUT F     sky130_fd_sc_hs__fa_1           1  8.1    68   243    5492    (-,-) 
  u_tile_ctrl/WALLACE_CSA_DUMMY_OP16_groupi_g5563__7410/COUT -       CIN->COUT F     sky130_fd_sc_hs__fa_1           2  7.9    67   225    5718    (-,-) 
  u_tile_ctrl/WALLACE_CSA_DUMMY_OP16_groupi_g5562__1666/Y    -       B->Y      R     sky130_fd_sc_hs__nand2b_1       2  6.1    74    86    5803    (-,-) 
  u_tile_ctrl/WALLACE_CSA_DUMMY_OP16_groupi_g5559__9945/Y    -       A2->Y     F     sky130_fd_sc_hs__o221ai_1       1  8.1   118   125    5928    (-,-) 
  u_tile_ctrl/WALLACE_CSA_DUMMY_OP16_groupi_g5557__6161/COUT -       CIN->COUT F     sky130_fd_sc_hs__fa_1           1  8.1    68   243    6172    (-,-) 
  u_tile_ctrl/WALLACE_CSA_DUMMY_OP16_groupi_g5556__4733/COUT -       CIN->COUT F     sky130_fd_sc_hs__fa_1           2  7.9    67   225    6397    (-,-) 
  u_tile_ctrl/WALLACE_CSA_DUMMY_OP16_groupi_g5555__7482/Y    -       B->Y      R     sky130_fd_sc_hs__nand2b_1       2  6.0    73    85    6482    (-,-) 
  u_tile_ctrl/WALLACE_CSA_DUMMY_OP16_groupi_g5552__6131/Y    -       B->Y      F     sky130_fd_sc_hs__nor2_1         2  5.8    49    47    6529    (-,-) 
  u_tile_ctrl/WALLACE_CSA_DUMMY_OP16_groupi_g5551__7098/Y    -       C_N->Y    F     sky130_fd_sc_hs__nor3b_1        2  6.3    59    94    6622    (-,-) 
  u_tile_ctrl/WALLACE_CSA_DUMMY_OP16_groupi_g5546__1617/X    -       B1->X     F     sky130_fd_sc_hs__a222o_1        3 10.0    78   299    6921    (-,-) 
  u_tile_ctrl/WALLACE_CSA_DUMMY_OP16_groupi_g5523__7098/COUT -       B->COUT   F     sky130_fd_sc_hs__ha_1           1  4.7    34   126    7048    (-,-) 
  u_tile_ctrl/WALLACE_CSA_DUMMY_OP16_groupi_g5511__5107/SUM  -       B->SUM    F     sky130_fd_sc_hs__ha_1           1  2.4    28   126    7174    (-,-) 
  u_tile_ctrl/dma_wr_addr_reg[43]/SCD                        -       -         F     sky130_fd_sc_hs__sdfxtp_1       1    -     -     4    7178    (-,-) 
#--------------------------------------------------------------------------------------------------------------------------------------------------------



Path 37: MET (2415 ps) Setup Check with Pin u_tile_ctrl/dma_wr_addr_reg[47]/CLK->SCD
          Group: clk
     Startpoint: (R) u_tile_ctrl/q_idx_reg[1]/CLK
          Clock: (R) clk
       Endpoint: (F) u_tile_ctrl/dma_wr_addr_reg[47]/SCD
          Clock: (R) clk

                     Capture       Launch     
        Clock Edge:+   10000            0     
       Src Latency:+       0            0     
       Net Latency:+       0 (I)        0 (I) 
           Arrival:=   10000            0     
                                              
             Setup:-     225                  
       Uncertainty:-     200                  
     Required Time:=    9575                  
      Launch Clock:-       0                  
         Data Path:-    7160                  
             Slack:=    2415                  

#--------------------------------------------------------------------------------------------------------------------------------------------------------
#                       Timing Point                         Flags     Arc     Edge            Cell             Fanout Load Trans Delay Arrival Instance 
#                                                                                                                      (fF)  (ps)  (ps)   (ps)  Location 
#--------------------------------------------------------------------------------------------------------------------------------------------------------
  u_tile_ctrl/q_idx_reg[1]/CLK                               -       -         R     (arrival)                    1242    -   100     0       0    (-,-) 
  u_tile_ctrl/q_idx_reg[1]/Q                                 -       CLK->Q    R     sky130_fd_sc_hs__dfrbp_1       17 51.4   401   488     488    (-,-) 
  u_tile_ctrl/drc_buf_sp10581/X                              -       A->X      R     sky130_fd_sc_hs__clkbuf_1      17 51.7   356   339     827    (-,-) 
  u_tile_ctrl/csa_tree_mul_121_78_g10287/Y                   -       A->Y      F     sky130_fd_sc_hs__nand2_1        2  8.6   112   116     943    (-,-) 
  u_tile_ctrl/csa_tree_mul_121_78_g10159/Y                   -       A->Y      R     sky130_fd_sc_hs__xnor2_1        3  9.1   179   195    1138    (-,-) 
  u_tile_ctrl/csa_tree_mul_121_78_g10151/Y                   -       A2_N->Y   R     sky130_fd_sc_hs__o2bb2ai_1      2 11.0   196   153    1291    (-,-) 
  u_tile_ctrl/WALLACE_CSA_DUMMY_OP16_groupi_g5686__6783/SUM  -       CIN->SUM  F     sky130_fd_sc_hs__fa_1           1 10.5    71   296    1588    (-,-) 
  u_tile_ctrl/WALLACE_CSA_DUMMY_OP16_groupi_g5605__5122/COUT -       A->COUT   F     sky130_fd_sc_hs__fa_1           1  8.1    68   269    1856    (-,-) 
  u_tile_ctrl/WALLACE_CSA_DUMMY_OP16_groupi_g5604__1705/COUT -       CIN->COUT F     sky130_fd_sc_hs__fa_1           1  8.1    68   226    2083    (-,-) 
  u_tile_ctrl/WALLACE_CSA_DUMMY_OP16_groupi_g5603__2802/COUT -       CIN->COUT F     sky130_fd_sc_hs__fa_1           1  8.1    68   226    2309    (-,-) 
  u_tile_ctrl/WALLACE_CSA_DUMMY_OP16_groupi_g5602__1617/COUT -       CIN->COUT F     sky130_fd_sc_hs__fa_1           1  8.1    68   226    2536    (-,-) 
  u_tile_ctrl/WALLACE_CSA_DUMMY_OP16_groupi_g5601__3680/COUT -       CIN->COUT F     sky130_fd_sc_hs__fa_1           2  7.9    67   225    2761    (-,-) 
  u_tile_ctrl/WALLACE_CSA_DUMMY_OP16_groupi_g5600__6783/Y    -       B->Y      R     sky130_fd_sc_hs__nand2b_1       2  6.4    76    87    2848    (-,-) 
  u_tile_ctrl/WALLACE_CSA_DUMMY_OP16_groupi_g5597__4319/Y    -       A2->Y     F     sky130_fd_sc_hs__o221ai_1       1  8.1   118   126    2974    (-,-) 
  u_tile_ctrl/WALLACE_CSA_DUMMY_OP16_groupi_g5595__5107/COUT -       CIN->COUT F     sky130_fd_sc_hs__fa_1           1  8.1    68   243    3217    (-,-) 
  u_tile_ctrl/WALLACE_CSA_DUMMY_OP16_groupi_g5594__2398/COUT -       CIN->COUT F     sky130_fd_sc_hs__fa_1           1  8.1    68   226    3444    (-,-) 
  u_tile_ctrl/WALLACE_CSA_DUMMY_OP16_groupi_g5593__5477/COUT -       CIN->COUT F     sky130_fd_sc_hs__fa_1           1  8.1    68   226    3670    (-,-) 
  u_tile_ctrl/WALLACE_CSA_DUMMY_OP16_groupi_g5592__6417/COUT -       CIN->COUT F     sky130_fd_sc_hs__fa_1           1  8.1    68   226    3896    (-,-) 
  u_tile_ctrl/WALLACE_CSA_DUMMY_OP16_groupi_g5591__7410/COUT -       CIN->COUT F     sky130_fd_sc_hs__fa_1           1  8.1    68   226    4123    (-,-) 
  u_tile_ctrl/WALLACE_CSA_DUMMY_OP16_groupi_g5590__1666/COUT -       CIN->COUT F     sky130_fd_sc_hs__fa_1           2  7.5    64   223    4346    (-,-) 
  u_tile_ctrl/WALLACE_CSA_DUMMY_OP16_groupi_g5589__2346/Y    -       B_N->Y    F     sky130_fd_sc_hs__nor2b_1        2  6.0    43    98    4444    (-,-) 
  u_tile_ctrl/WALLACE_CSA_DUMMY_OP16_groupi_g5586__9315/Y    -       B->Y      R     sky130_fd_sc_hs__nand2b_1       2  5.7    69    74    4518    (-,-) 
  u_tile_ctrl/WALLACE_CSA_DUMMY_OP16_groupi_g5583__7482/Y    -       C->Y      F     sky130_fd_sc_hs__nor3_1         1  3.1    52    40    4558    (-,-) 
  u_tile_ctrl/WALLACE_CSA_DUMMY_OP16_groupi_g5580__6131/Y    -       B->Y      R     sky130_fd_sc_hs__nor3b_1        3 10.9   284   249    4808    (-,-) 
  u_tile_ctrl/WALLACE_CSA_DUMMY_OP16_groupi_g5579__7098/X    -       C->X      R     sky130_fd_sc_hs__or3_1          2  5.5    54   124    4932    (-,-) 
  u_tile_ctrl/WALLACE_CSA_DUMMY_OP16_groupi_g5571__5526/Y    -       A3->Y     F     sky130_fd_sc_hs__o311ai_1       2  7.9   105    92    5023    (-,-) 
  u_tile_ctrl/WALLACE_CSA_DUMMY_OP16_groupi_g5570__8428/Y    -       B->Y      R     sky130_fd_sc_hs__nand2b_1       2  6.1    78   100    5123    (-,-) 
  u_tile_ctrl/WALLACE_CSA_DUMMY_OP16_groupi_g5566__2398/Y    -       A2->Y     F     sky130_fd_sc_hs__o221ai_1       1  8.1   118   126    5249    (-,-) 
  u_tile_ctrl/WALLACE_CSA_DUMMY_OP16_groupi_g5564__6417/COUT -       CIN->COUT F     sky130_fd_sc_hs__fa_1           1  8.1    68   243    5492    (-,-) 
  u_tile_ctrl/WALLACE_CSA_DUMMY_OP16_groupi_g5563__7410/COUT -       CIN->COUT F     sky130_fd_sc_hs__fa_1           2  7.9    67   225    5718    (-,-) 
  u_tile_ctrl/WALLACE_CSA_DUMMY_OP16_groupi_g5562__1666/Y    -       B->Y      R     sky130_fd_sc_hs__nand2b_1       2  6.1    74    86    5803    (-,-) 
  u_tile_ctrl/WALLACE_CSA_DUMMY_OP16_groupi_g5559__9945/Y    -       A2->Y     F     sky130_fd_sc_hs__o221ai_1       1  8.1   118   125    5928    (-,-) 
  u_tile_ctrl/WALLACE_CSA_DUMMY_OP16_groupi_g5557__6161/COUT -       CIN->COUT F     sky130_fd_sc_hs__fa_1           1  8.1    68   243    6172    (-,-) 
  u_tile_ctrl/WALLACE_CSA_DUMMY_OP16_groupi_g5556__4733/COUT -       CIN->COUT F     sky130_fd_sc_hs__fa_1           2  7.9    67   225    6397    (-,-) 
  u_tile_ctrl/WALLACE_CSA_DUMMY_OP16_groupi_g5555__7482/Y    -       B->Y      R     sky130_fd_sc_hs__nand2b_1       2  6.0    73    85    6482    (-,-) 
  u_tile_ctrl/WALLACE_CSA_DUMMY_OP16_groupi_g5552__6131/Y    -       B->Y      F     sky130_fd_sc_hs__nor2_1         2  5.8    49    47    6529    (-,-) 
  u_tile_ctrl/WALLACE_CSA_DUMMY_OP16_groupi_g5551__7098/Y    -       C_N->Y    F     sky130_fd_sc_hs__nor3b_1        2  6.3    59    94    6622    (-,-) 
  u_tile_ctrl/WALLACE_CSA_DUMMY_OP16_groupi_g5546__1617/X    -       B1->X     F     sky130_fd_sc_hs__a222o_1        3 10.0    78   299    6921    (-,-) 
  u_tile_ctrl/WALLACE_CSA_DUMMY_OP16_groupi_g5540__6260/Y    -       B_N->Y    F     sky130_fd_sc_hs__nor2b_1        3  8.4    47   112    7034    (-,-) 
  u_tile_ctrl/WALLACE_CSA_DUMMY_OP16_groupi_g5536__6417/Y    -       A->Y      R     sky130_fd_sc_hs__nand2_1        3  8.8    73    73    7107    (-,-) 
  u_tile_ctrl/WALLACE_CSA_DUMMY_OP16_groupi_g5512__6260/Y    -       B2->Y     F     sky130_fd_sc_hs__o2bb2ai_1      1  2.4    38    49    7155    (-,-) 
  u_tile_ctrl/dma_wr_addr_reg[47]/SCD                        -       -         F     sky130_fd_sc_hs__sdfxtp_1       1    -     -     4    7160    (-,-) 
#--------------------------------------------------------------------------------------------------------------------------------------------------------



Path 38: MET (2422 ps) Setup Check with Pin u_tile_ctrl/dma_wr_addr_reg[46]/CLK->SCD
          Group: clk
     Startpoint: (R) u_tile_ctrl/q_idx_reg[1]/CLK
          Clock: (R) clk
       Endpoint: (F) u_tile_ctrl/dma_wr_addr_reg[46]/SCD
          Clock: (R) clk

                     Capture       Launch     
        Clock Edge:+   10000            0     
       Src Latency:+       0            0     
       Net Latency:+       0 (I)        0 (I) 
           Arrival:=   10000            0     
                                              
             Setup:-     221                  
       Uncertainty:-     200                  
     Required Time:=    9579                  
      Launch Clock:-       0                  
         Data Path:-    7157                  
             Slack:=    2422                  

#--------------------------------------------------------------------------------------------------------------------------------------------------------
#                       Timing Point                         Flags     Arc     Edge            Cell             Fanout Load Trans Delay Arrival Instance 
#                                                                                                                      (fF)  (ps)  (ps)   (ps)  Location 
#--------------------------------------------------------------------------------------------------------------------------------------------------------
  u_tile_ctrl/q_idx_reg[1]/CLK                               -       -         R     (arrival)                    1242    -   100     0       0    (-,-) 
  u_tile_ctrl/q_idx_reg[1]/Q                                 -       CLK->Q    R     sky130_fd_sc_hs__dfrbp_1       17 51.4   401   488     488    (-,-) 
  u_tile_ctrl/drc_buf_sp10581/X                              -       A->X      R     sky130_fd_sc_hs__clkbuf_1      17 51.7   356   339     827    (-,-) 
  u_tile_ctrl/csa_tree_mul_121_78_g10287/Y                   -       A->Y      F     sky130_fd_sc_hs__nand2_1        2  8.6   112   116     943    (-,-) 
  u_tile_ctrl/csa_tree_mul_121_78_g10159/Y                   -       A->Y      R     sky130_fd_sc_hs__xnor2_1        3  9.1   179   195    1138    (-,-) 
  u_tile_ctrl/csa_tree_mul_121_78_g10151/Y                   -       A2_N->Y   R     sky130_fd_sc_hs__o2bb2ai_1      2 11.0   196   153    1291    (-,-) 
  u_tile_ctrl/WALLACE_CSA_DUMMY_OP16_groupi_g5686__6783/SUM  -       CIN->SUM  F     sky130_fd_sc_hs__fa_1           1 10.5    71   296    1588    (-,-) 
  u_tile_ctrl/WALLACE_CSA_DUMMY_OP16_groupi_g5605__5122/COUT -       A->COUT   F     sky130_fd_sc_hs__fa_1           1  8.1    68   269    1856    (-,-) 
  u_tile_ctrl/WALLACE_CSA_DUMMY_OP16_groupi_g5604__1705/COUT -       CIN->COUT F     sky130_fd_sc_hs__fa_1           1  8.1    68   226    2083    (-,-) 
  u_tile_ctrl/WALLACE_CSA_DUMMY_OP16_groupi_g5603__2802/COUT -       CIN->COUT F     sky130_fd_sc_hs__fa_1           1  8.1    68   226    2309    (-,-) 
  u_tile_ctrl/WALLACE_CSA_DUMMY_OP16_groupi_g5602__1617/COUT -       CIN->COUT F     sky130_fd_sc_hs__fa_1           1  8.1    68   226    2536    (-,-) 
  u_tile_ctrl/WALLACE_CSA_DUMMY_OP16_groupi_g5601__3680/COUT -       CIN->COUT F     sky130_fd_sc_hs__fa_1           2  7.9    67   225    2761    (-,-) 
  u_tile_ctrl/WALLACE_CSA_DUMMY_OP16_groupi_g5600__6783/Y    -       B->Y      R     sky130_fd_sc_hs__nand2b_1       2  6.4    76    87    2848    (-,-) 
  u_tile_ctrl/WALLACE_CSA_DUMMY_OP16_groupi_g5597__4319/Y    -       A2->Y     F     sky130_fd_sc_hs__o221ai_1       1  8.1   118   126    2974    (-,-) 
  u_tile_ctrl/WALLACE_CSA_DUMMY_OP16_groupi_g5595__5107/COUT -       CIN->COUT F     sky130_fd_sc_hs__fa_1           1  8.1    68   243    3217    (-,-) 
  u_tile_ctrl/WALLACE_CSA_DUMMY_OP16_groupi_g5594__2398/COUT -       CIN->COUT F     sky130_fd_sc_hs__fa_1           1  8.1    68   226    3444    (-,-) 
  u_tile_ctrl/WALLACE_CSA_DUMMY_OP16_groupi_g5593__5477/COUT -       CIN->COUT F     sky130_fd_sc_hs__fa_1           1  8.1    68   226    3670    (-,-) 
  u_tile_ctrl/WALLACE_CSA_DUMMY_OP16_groupi_g5592__6417/COUT -       CIN->COUT F     sky130_fd_sc_hs__fa_1           1  8.1    68   226    3896    (-,-) 
  u_tile_ctrl/WALLACE_CSA_DUMMY_OP16_groupi_g5591__7410/COUT -       CIN->COUT F     sky130_fd_sc_hs__fa_1           1  8.1    68   226    4123    (-,-) 
  u_tile_ctrl/WALLACE_CSA_DUMMY_OP16_groupi_g5590__1666/COUT -       CIN->COUT F     sky130_fd_sc_hs__fa_1           2  7.5    64   223    4346    (-,-) 
  u_tile_ctrl/WALLACE_CSA_DUMMY_OP16_groupi_g5589__2346/Y    -       B_N->Y    F     sky130_fd_sc_hs__nor2b_1        2  6.0    43    98    4444    (-,-) 
  u_tile_ctrl/WALLACE_CSA_DUMMY_OP16_groupi_g5586__9315/Y    -       B->Y      R     sky130_fd_sc_hs__nand2b_1       2  5.7    69    74    4518    (-,-) 
  u_tile_ctrl/WALLACE_CSA_DUMMY_OP16_groupi_g5583__7482/Y    -       C->Y      F     sky130_fd_sc_hs__nor3_1         1  3.1    52    40    4558    (-,-) 
  u_tile_ctrl/WALLACE_CSA_DUMMY_OP16_groupi_g5580__6131/Y    -       B->Y      R     sky130_fd_sc_hs__nor3b_1        3 10.9   284   249    4808    (-,-) 
  u_tile_ctrl/WALLACE_CSA_DUMMY_OP16_groupi_g5579__7098/X    -       C->X      R     sky130_fd_sc_hs__or3_1          2  5.5    54   124    4932    (-,-) 
  u_tile_ctrl/WALLACE_CSA_DUMMY_OP16_groupi_g5571__5526/Y    -       A3->Y     F     sky130_fd_sc_hs__o311ai_1       2  7.9   105    92    5023    (-,-) 
  u_tile_ctrl/WALLACE_CSA_DUMMY_OP16_groupi_g5570__8428/Y    -       B->Y      R     sky130_fd_sc_hs__nand2b_1       2  6.1    78   100    5123    (-,-) 
  u_tile_ctrl/WALLACE_CSA_DUMMY_OP16_groupi_g5566__2398/Y    -       A2->Y     F     sky130_fd_sc_hs__o221ai_1       1  8.1   118   126    5249    (-,-) 
  u_tile_ctrl/WALLACE_CSA_DUMMY_OP16_groupi_g5564__6417/COUT -       CIN->COUT F     sky130_fd_sc_hs__fa_1           1  8.1    68   243    5492    (-,-) 
  u_tile_ctrl/WALLACE_CSA_DUMMY_OP16_groupi_g5563__7410/COUT -       CIN->COUT F     sky130_fd_sc_hs__fa_1           2  7.9    67   225    5718    (-,-) 
  u_tile_ctrl/WALLACE_CSA_DUMMY_OP16_groupi_g5562__1666/Y    -       B->Y      R     sky130_fd_sc_hs__nand2b_1       2  6.1    74    86    5803    (-,-) 
  u_tile_ctrl/WALLACE_CSA_DUMMY_OP16_groupi_g5559__9945/Y    -       A2->Y     F     sky130_fd_sc_hs__o221ai_1       1  8.1   118   125    5928    (-,-) 
  u_tile_ctrl/WALLACE_CSA_DUMMY_OP16_groupi_g5557__6161/COUT -       CIN->COUT F     sky130_fd_sc_hs__fa_1           1  8.1    68   243    6172    (-,-) 
  u_tile_ctrl/WALLACE_CSA_DUMMY_OP16_groupi_g5556__4733/COUT -       CIN->COUT F     sky130_fd_sc_hs__fa_1           2  7.9    67   225    6397    (-,-) 
  u_tile_ctrl/WALLACE_CSA_DUMMY_OP16_groupi_g5555__7482/Y    -       B->Y      R     sky130_fd_sc_hs__nand2b_1       2  6.0    73    85    6482    (-,-) 
  u_tile_ctrl/WALLACE_CSA_DUMMY_OP16_groupi_g5552__6131/Y    -       B->Y      F     sky130_fd_sc_hs__nor2_1         2  5.8    49    47    6529    (-,-) 
  u_tile_ctrl/WALLACE_CSA_DUMMY_OP16_groupi_g5551__7098/Y    -       C_N->Y    F     sky130_fd_sc_hs__nor3b_1        2  6.3    59    94    6622    (-,-) 
  u_tile_ctrl/WALLACE_CSA_DUMMY_OP16_groupi_g5546__1617/X    -       B1->X     F     sky130_fd_sc_hs__a222o_1        3 10.0    78   299    6921    (-,-) 
  u_tile_ctrl/WALLACE_CSA_DUMMY_OP16_groupi_g5540__6260/Y    -       B_N->Y    F     sky130_fd_sc_hs__nor2b_1        3  8.4    47   112    7034    (-,-) 
  u_tile_ctrl/WALLACE_CSA_DUMMY_OP16_groupi_g5531__9945/X    -       A2->X     F     sky130_fd_sc_hs__o21a_1         1  2.4    26   120    7153    (-,-) 
  u_tile_ctrl/dma_wr_addr_reg[46]/SCD                        -       -         F     sky130_fd_sc_hs__sdfxtp_1       1    -     -     4    7157    (-,-) 
#--------------------------------------------------------------------------------------------------------------------------------------------------------



Path 39: MET (2458 ps) Setup Check with Pin u_tile_ctrl/dma_rd_addr_reg[46]/CLK->D
          Group: clk
     Startpoint: (R) u_tile_ctrl/q_idx_reg[1]/CLK
          Clock: (R) clk
       Endpoint: (F) u_tile_ctrl/dma_rd_addr_reg[46]/D
          Clock: (R) clk

                     Capture       Launch     
        Clock Edge:+   10000            0     
       Src Latency:+       0            0     
       Net Latency:+       0 (I)        0 (I) 
           Arrival:=   10000            0     
                                              
             Setup:-     172                  
       Uncertainty:-     200                  
     Required Time:=    9628                  
      Launch Clock:-       0                  
         Data Path:-    7170                  
             Slack:=    2458                  

#------------------------------------------------------------------------------------------------------------------------------------------------
#                   Timing Point                     Flags     Arc     Edge            Cell             Fanout Load Trans Delay Arrival Instance 
#                                                                                                              (fF)  (ps)  (ps)   (ps)  Location 
#------------------------------------------------------------------------------------------------------------------------------------------------
  u_tile_ctrl/q_idx_reg[1]/CLK                       -       -         R     (arrival)                    1242    -   100     0       0    (-,-) 
  u_tile_ctrl/q_idx_reg[1]/Q                         -       CLK->Q    R     sky130_fd_sc_hs__dfrbp_1       17 51.4   401   488     488    (-,-) 
  u_tile_ctrl/drc_buf_sp10581/X                      -       A->X      R     sky130_fd_sc_hs__clkbuf_1      17 51.7   356   339     827    (-,-) 
  u_tile_ctrl/csa_tree_mul_121_78_g10328/Y           -       B->Y      F     sky130_fd_sc_hs__nand2_1        1 10.2   107   121     947    (-,-) 
  u_tile_ctrl/csa_tree_mul_121_78_g10120/SUM         -       B->SUM    R     sky130_fd_sc_hs__fa_1           1  8.1    73   348    1295    (-,-) 
  u_tile_ctrl/g10655/SUM                             -       CIN->SUM  F     sky130_fd_sc_hs__fa_1           2  8.0    62   268    1564    (-,-) 
  u_tile_ctrl/csa_tree_mul_121_78_g10038/SUM         -       B->SUM    F     sky130_fd_sc_hs__ha_1           2  6.1    42   151    1715    (-,-) 
  u_tile_ctrl/csa_tree_mul_121_78_g10003/Y           -       A2_N->Y   F     sky130_fd_sc_hs__o2bb2ai_1      2 11.0    85   139    1854    (-,-) 
  u_tile_ctrl/g8037__2346/X                          -       A1->X     F     sky130_fd_sc_hs__a22o_1         1  8.1    53   191    2045    (-,-) 
  u_tile_ctrl/g10654/SUM                             -       CIN->SUM  R     sky130_fd_sc_hs__fa_1           2  6.3    61   284    2330    (-,-) 
  u_tile_ctrl/WALLACE_CSA_DUMMY_OP_groupi_g7103/Y    -       B->Y      F     sky130_fd_sc_hs__nor2_1         3  9.4    43    57    2387    (-,-) 
  u_tile_ctrl/WALLACE_CSA_DUMMY_OP_groupi_g7041/Y    -       A2->Y     R     sky130_fd_sc_hs__o21ai_1        1  3.2    96    98    2486    (-,-) 
  u_tile_ctrl/WALLACE_CSA_DUMMY_OP_groupi_g7013/Y    -       B1->Y     F     sky130_fd_sc_hs__a21oi_1        3  8.8    67    68    2553    (-,-) 
  u_tile_ctrl/WALLACE_CSA_DUMMY_OP_groupi_g2/X       -       A2->X     F     sky130_fd_sc_hs__o21a_1         3  9.3    52   158    2712    (-,-) 
  u_tile_ctrl/WALLACE_CSA_DUMMY_OP_groupi_g7006/Y    -       A2->Y     R     sky130_fd_sc_hs__o21ai_1        1  8.1   162   150    2861    (-,-) 
  u_tile_ctrl/WALLACE_CSA_DUMMY_OP_groupi_g7005/COUT -       CIN->COUT R     sky130_fd_sc_hs__fa_1           1  8.1    68   169    3031    (-,-) 
  u_tile_ctrl/WALLACE_CSA_DUMMY_OP_groupi_g7004/COUT -       CIN->COUT R     sky130_fd_sc_hs__fa_1           1  8.1    66   147    3178    (-,-) 
  u_tile_ctrl/WALLACE_CSA_DUMMY_OP_groupi_g7003/COUT -       CIN->COUT R     sky130_fd_sc_hs__fa_1           1  8.1    66   146    3324    (-,-) 
  u_tile_ctrl/WALLACE_CSA_DUMMY_OP_groupi_g7002/COUT -       CIN->COUT R     sky130_fd_sc_hs__fa_1           3 11.1    83   161    3485    (-,-) 
  u_tile_ctrl/WALLACE_CSA_DUMMY_OP_groupi_g7001/Y    -       A->Y      F     sky130_fd_sc_hs__nand2_1        2  5.7    47    60    3545    (-,-) 
  u_tile_ctrl/WALLACE_CSA_DUMMY_OP_groupi_g6997/Y    -       C->Y      R     sky130_fd_sc_hs__nor3_1         1  3.2   124   102    3647    (-,-) 
  u_tile_ctrl/WALLACE_CSA_DUMMY_OP_groupi_g6993/Y    -       B->Y      F     sky130_fd_sc_hs__nor2_1         4 12.0    61    84    3730    (-,-) 
  u_tile_ctrl/WALLACE_CSA_DUMMY_OP_groupi_g6992/X    -       C->X      F     sky130_fd_sc_hs__or3_1          2  5.5    46   156    3886    (-,-) 
  u_tile_ctrl/WALLACE_CSA_DUMMY_OP_groupi_g6984/Y    -       A3->Y     R     sky130_fd_sc_hs__o311ai_1       2  8.1   284   239    4125    (-,-) 
  u_tile_ctrl/WALLACE_CSA_DUMMY_OP_groupi_g6983/Y    -       A->Y      F     sky130_fd_sc_hs__nand2_1        2  6.1    83    88    4213    (-,-) 
  u_tile_ctrl/WALLACE_CSA_DUMMY_OP_groupi_g6979/Y    -       A2->Y     R     sky130_fd_sc_hs__o221ai_1       1  8.1   219   198    4411    (-,-) 
  u_tile_ctrl/WALLACE_CSA_DUMMY_OP_groupi_g6977/COUT -       CIN->COUT R     sky130_fd_sc_hs__fa_1           1  8.1    69   179    4590    (-,-) 
  u_tile_ctrl/WALLACE_CSA_DUMMY_OP_groupi_g6976/COUT -       CIN->COUT R     sky130_fd_sc_hs__fa_1           2  7.9    65   146    4736    (-,-) 
  u_tile_ctrl/WALLACE_CSA_DUMMY_OP_groupi_g6975/Y    -       B->Y      F     sky130_fd_sc_hs__nand2b_1       2  6.1    47    60    4796    (-,-) 
  u_tile_ctrl/WALLACE_CSA_DUMMY_OP_groupi_g6972/Y    -       A2->Y     R     sky130_fd_sc_hs__o221ai_1       1  8.1   219   186    4982    (-,-) 
  u_tile_ctrl/WALLACE_CSA_DUMMY_OP_groupi_g6970/COUT -       CIN->COUT R     sky130_fd_sc_hs__fa_1           1  8.1    69   179    5161    (-,-) 
  u_tile_ctrl/WALLACE_CSA_DUMMY_OP_groupi_g6969/COUT -       CIN->COUT R     sky130_fd_sc_hs__fa_1           2  7.5    62   144    5304    (-,-) 
  u_tile_ctrl/WALLACE_CSA_DUMMY_OP_groupi_g6968/Y    -       B_N->Y    R     sky130_fd_sc_hs__nor2b_1        2  6.0   117   135    5440    (-,-) 
  u_tile_ctrl/WALLACE_CSA_DUMMY_OP_groupi_g6965/Y    -       B->Y      F     sky130_fd_sc_hs__nand2b_1       2  5.5    50    65    5504    (-,-) 
  u_tile_ctrl/WALLACE_CSA_DUMMY_OP_groupi_g6960/Y    -       A3->Y     R     sky130_fd_sc_hs__o311ai_1       2  7.9   280   237    5741    (-,-) 
  u_tile_ctrl/WALLACE_CSA_DUMMY_OP_groupi_g6959/Y    -       B->Y      F     sky130_fd_sc_hs__nand2b_1       2  6.0    75    81    5822    (-,-) 
  u_tile_ctrl/WALLACE_CSA_DUMMY_OP_groupi_g6955/Y    -       B->Y      R     sky130_fd_sc_hs__nor2_1         2  6.4   108   105    5927    (-,-) 
  u_tile_ctrl/WALLACE_CSA_DUMMY_OP_groupi_g6954/Y    -       A->Y      F     sky130_fd_sc_hs__clkinv_1       1  3.0    38    54    5981    (-,-) 
  u_tile_ctrl/WALLACE_CSA_DUMMY_OP_groupi_g6949/Y    -       A3->Y     R     sky130_fd_sc_hs__o311ai_1       2  8.0   282   237    6218    (-,-) 
  u_tile_ctrl/g10645/Y                               -       B->Y      F     sky130_fd_sc_hs__nand2_1        3  9.1    92   108    6327    (-,-) 
  u_tile_ctrl/g10382/Y                               -       A->Y      R     sky130_fd_sc_hs__nor2b_1        1  4.7   102   120    6446    (-,-) 
  u_tile_ctrl/g10375/COUT                            -       B->COUT   R     sky130_fd_sc_hs__ha_1           2  8.0    70   137    6583    (-,-) 
  u_tile_ctrl/g10381/Y                               -       A->Y      F     sky130_fd_sc_hs__nor2b_1        4 12.2    54    71    6654    (-,-) 
  u_tile_ctrl/WALLACE_CSA_DUMMY_OP_groupi_g6938/Y    -       A3->Y     R     sky130_fd_sc_hs__o311ai_1       1  8.1   284   241    6895    (-,-) 
  u_tile_ctrl/WALLACE_CSA_DUMMY_OP_groupi_g6935/SUM  -       CIN->SUM  F     sky130_fd_sc_hs__fa_1           1  2.2    36   270    7166    (-,-) 
  u_tile_ctrl/dma_rd_addr_reg[46]/D                  -       -         F     sky130_fd_sc_hs__sdfxtp_1       1    -     -     4    7170    (-,-) 
#------------------------------------------------------------------------------------------------------------------------------------------------



Path 40: MET (2514 ps) Setup Check with Pin u_tile_ctrl/dma_wr_addr_reg[42]/CLK->SCD
          Group: clk
     Startpoint: (R) u_tile_ctrl/q_idx_reg[1]/CLK
          Clock: (R) clk
       Endpoint: (F) u_tile_ctrl/dma_wr_addr_reg[42]/SCD
          Clock: (R) clk

                     Capture       Launch     
        Clock Edge:+   10000            0     
       Src Latency:+       0            0     
       Net Latency:+       0 (I)        0 (I) 
           Arrival:=   10000            0     
                                              
             Setup:-     222                  
       Uncertainty:-     200                  
     Required Time:=    9578                  
      Launch Clock:-       0                  
         Data Path:-    7064                  
             Slack:=    2514                  

#--------------------------------------------------------------------------------------------------------------------------------------------------------
#                       Timing Point                         Flags     Arc     Edge            Cell             Fanout Load Trans Delay Arrival Instance 
#                                                                                                                      (fF)  (ps)  (ps)   (ps)  Location 
#--------------------------------------------------------------------------------------------------------------------------------------------------------
  u_tile_ctrl/q_idx_reg[1]/CLK                               -       -         R     (arrival)                    1242    -   100     0       0    (-,-) 
  u_tile_ctrl/q_idx_reg[1]/Q                                 -       CLK->Q    R     sky130_fd_sc_hs__dfrbp_1       17 51.4   401   488     488    (-,-) 
  u_tile_ctrl/drc_buf_sp10581/X                              -       A->X      R     sky130_fd_sc_hs__clkbuf_1      17 51.7   356   339     827    (-,-) 
  u_tile_ctrl/csa_tree_mul_121_78_g10287/Y                   -       A->Y      F     sky130_fd_sc_hs__nand2_1        2  8.6   112   116     943    (-,-) 
  u_tile_ctrl/csa_tree_mul_121_78_g10159/Y                   -       A->Y      R     sky130_fd_sc_hs__xnor2_1        3  9.1   179   195    1138    (-,-) 
  u_tile_ctrl/csa_tree_mul_121_78_g10151/Y                   -       A2_N->Y   R     sky130_fd_sc_hs__o2bb2ai_1      2 11.0   196   153    1291    (-,-) 
  u_tile_ctrl/WALLACE_CSA_DUMMY_OP16_groupi_g5686__6783/SUM  -       CIN->SUM  F     sky130_fd_sc_hs__fa_1           1 10.5    71   296    1588    (-,-) 
  u_tile_ctrl/WALLACE_CSA_DUMMY_OP16_groupi_g5605__5122/COUT -       A->COUT   F     sky130_fd_sc_hs__fa_1           1  8.1    68   269    1856    (-,-) 
  u_tile_ctrl/WALLACE_CSA_DUMMY_OP16_groupi_g5604__1705/COUT -       CIN->COUT F     sky130_fd_sc_hs__fa_1           1  8.1    68   226    2083    (-,-) 
  u_tile_ctrl/WALLACE_CSA_DUMMY_OP16_groupi_g5603__2802/COUT -       CIN->COUT F     sky130_fd_sc_hs__fa_1           1  8.1    68   226    2309    (-,-) 
  u_tile_ctrl/WALLACE_CSA_DUMMY_OP16_groupi_g5602__1617/COUT -       CIN->COUT F     sky130_fd_sc_hs__fa_1           1  8.1    68   226    2536    (-,-) 
  u_tile_ctrl/WALLACE_CSA_DUMMY_OP16_groupi_g5601__3680/COUT -       CIN->COUT F     sky130_fd_sc_hs__fa_1           2  7.9    67   225    2761    (-,-) 
  u_tile_ctrl/WALLACE_CSA_DUMMY_OP16_groupi_g5600__6783/Y    -       B->Y      R     sky130_fd_sc_hs__nand2b_1       2  6.4    76    87    2848    (-,-) 
  u_tile_ctrl/WALLACE_CSA_DUMMY_OP16_groupi_g5597__4319/Y    -       A2->Y     F     sky130_fd_sc_hs__o221ai_1       1  8.1   118   126    2974    (-,-) 
  u_tile_ctrl/WALLACE_CSA_DUMMY_OP16_groupi_g5595__5107/COUT -       CIN->COUT F     sky130_fd_sc_hs__fa_1           1  8.1    68   243    3217    (-,-) 
  u_tile_ctrl/WALLACE_CSA_DUMMY_OP16_groupi_g5594__2398/COUT -       CIN->COUT F     sky130_fd_sc_hs__fa_1           1  8.1    68   226    3444    (-,-) 
  u_tile_ctrl/WALLACE_CSA_DUMMY_OP16_groupi_g5593__5477/COUT -       CIN->COUT F     sky130_fd_sc_hs__fa_1           1  8.1    68   226    3670    (-,-) 
  u_tile_ctrl/WALLACE_CSA_DUMMY_OP16_groupi_g5592__6417/COUT -       CIN->COUT F     sky130_fd_sc_hs__fa_1           1  8.1    68   226    3896    (-,-) 
  u_tile_ctrl/WALLACE_CSA_DUMMY_OP16_groupi_g5591__7410/COUT -       CIN->COUT F     sky130_fd_sc_hs__fa_1           1  8.1    68   226    4123    (-,-) 
  u_tile_ctrl/WALLACE_CSA_DUMMY_OP16_groupi_g5590__1666/COUT -       CIN->COUT F     sky130_fd_sc_hs__fa_1           2  7.5    64   223    4346    (-,-) 
  u_tile_ctrl/WALLACE_CSA_DUMMY_OP16_groupi_g5589__2346/Y    -       B_N->Y    F     sky130_fd_sc_hs__nor2b_1        2  6.0    43    98    4444    (-,-) 
  u_tile_ctrl/WALLACE_CSA_DUMMY_OP16_groupi_g5586__9315/Y    -       B->Y      R     sky130_fd_sc_hs__nand2b_1       2  5.7    69    74    4518    (-,-) 
  u_tile_ctrl/WALLACE_CSA_DUMMY_OP16_groupi_g5583__7482/Y    -       C->Y      F     sky130_fd_sc_hs__nor3_1         1  3.1    52    40    4558    (-,-) 
  u_tile_ctrl/WALLACE_CSA_DUMMY_OP16_groupi_g5580__6131/Y    -       B->Y      R     sky130_fd_sc_hs__nor3b_1        3 10.9   284   249    4808    (-,-) 
  u_tile_ctrl/WALLACE_CSA_DUMMY_OP16_groupi_g5579__7098/X    -       C->X      R     sky130_fd_sc_hs__or3_1          2  5.5    54   124    4932    (-,-) 
  u_tile_ctrl/WALLACE_CSA_DUMMY_OP16_groupi_g5571__5526/Y    -       A3->Y     F     sky130_fd_sc_hs__o311ai_1       2  7.9   105    92    5023    (-,-) 
  u_tile_ctrl/WALLACE_CSA_DUMMY_OP16_groupi_g5570__8428/Y    -       B->Y      R     sky130_fd_sc_hs__nand2b_1       2  6.1    78   100    5123    (-,-) 
  u_tile_ctrl/WALLACE_CSA_DUMMY_OP16_groupi_g5566__2398/Y    -       A2->Y     F     sky130_fd_sc_hs__o221ai_1       1  8.1   118   126    5249    (-,-) 
  u_tile_ctrl/WALLACE_CSA_DUMMY_OP16_groupi_g5564__6417/COUT -       CIN->COUT F     sky130_fd_sc_hs__fa_1           1  8.1    68   243    5492    (-,-) 
  u_tile_ctrl/WALLACE_CSA_DUMMY_OP16_groupi_g5563__7410/COUT -       CIN->COUT F     sky130_fd_sc_hs__fa_1           2  7.9    67   225    5718    (-,-) 
  u_tile_ctrl/WALLACE_CSA_DUMMY_OP16_groupi_g5562__1666/Y    -       B->Y      R     sky130_fd_sc_hs__nand2b_1       2  6.1    74    86    5803    (-,-) 
  u_tile_ctrl/WALLACE_CSA_DUMMY_OP16_groupi_g5559__9945/Y    -       A2->Y     F     sky130_fd_sc_hs__o221ai_1       1  8.1   118   125    5928    (-,-) 
  u_tile_ctrl/WALLACE_CSA_DUMMY_OP16_groupi_g5557__6161/COUT -       CIN->COUT F     sky130_fd_sc_hs__fa_1           1  8.1    68   243    6172    (-,-) 
  u_tile_ctrl/WALLACE_CSA_DUMMY_OP16_groupi_g5556__4733/COUT -       CIN->COUT F     sky130_fd_sc_hs__fa_1           2  7.9    67   225    6397    (-,-) 
  u_tile_ctrl/WALLACE_CSA_DUMMY_OP16_groupi_g5555__7482/Y    -       B->Y      R     sky130_fd_sc_hs__nand2b_1       2  6.0    73    85    6482    (-,-) 
  u_tile_ctrl/WALLACE_CSA_DUMMY_OP16_groupi_g5552__6131/Y    -       B->Y      F     sky130_fd_sc_hs__nor2_1         2  5.8    49    47    6529    (-,-) 
  u_tile_ctrl/WALLACE_CSA_DUMMY_OP16_groupi_g5551__7098/Y    -       C_N->Y    F     sky130_fd_sc_hs__nor3b_1        2  6.3    59    94    6622    (-,-) 
  u_tile_ctrl/WALLACE_CSA_DUMMY_OP16_groupi_g5546__1617/X    -       B1->X     F     sky130_fd_sc_hs__a222o_1        3 10.0    78   299    6921    (-,-) 
  u_tile_ctrl/WALLACE_CSA_DUMMY_OP16_groupi_g5523__7098/SUM  -       B->SUM    F     sky130_fd_sc_hs__ha_1           1  2.4    28   138    7060    (-,-) 
  u_tile_ctrl/dma_wr_addr_reg[42]/SCD                        -       -         F     sky130_fd_sc_hs__sdfxtp_1       1    -     -     4    7064    (-,-) 
#--------------------------------------------------------------------------------------------------------------------------------------------------------



Path 41: MET (2532 ps) Setup Check with Pin u_tile_ctrl/dma_wr_addr_reg[41]/CLK->SCD
          Group: clk
     Startpoint: (R) u_tile_ctrl/q_idx_reg[1]/CLK
          Clock: (R) clk
       Endpoint: (F) u_tile_ctrl/dma_wr_addr_reg[41]/SCD
          Clock: (R) clk

                     Capture       Launch     
        Clock Edge:+   10000            0     
       Src Latency:+       0            0     
       Net Latency:+       0 (I)        0 (I) 
           Arrival:=   10000            0     
                                              
             Setup:-     225                  
       Uncertainty:-     200                  
     Required Time:=    9575                  
      Launch Clock:-       0                  
         Data Path:-    7043                  
             Slack:=    2532                  

#--------------------------------------------------------------------------------------------------------------------------------------------------------
#                       Timing Point                         Flags     Arc     Edge            Cell             Fanout Load Trans Delay Arrival Instance 
#                                                                                                                      (fF)  (ps)  (ps)   (ps)  Location 
#--------------------------------------------------------------------------------------------------------------------------------------------------------
  u_tile_ctrl/q_idx_reg[1]/CLK                               -       -         R     (arrival)                    1242    -   100     0       0    (-,-) 
  u_tile_ctrl/q_idx_reg[1]/Q                                 -       CLK->Q    R     sky130_fd_sc_hs__dfrbp_1       17 51.4   401   488     488    (-,-) 
  u_tile_ctrl/drc_buf_sp10581/X                              -       A->X      R     sky130_fd_sc_hs__clkbuf_1      17 51.7   356   339     827    (-,-) 
  u_tile_ctrl/csa_tree_mul_121_78_g10287/Y                   -       A->Y      F     sky130_fd_sc_hs__nand2_1        2  8.6   112   116     943    (-,-) 
  u_tile_ctrl/csa_tree_mul_121_78_g10159/Y                   -       A->Y      R     sky130_fd_sc_hs__xnor2_1        3  9.1   179   195    1138    (-,-) 
  u_tile_ctrl/csa_tree_mul_121_78_g10151/Y                   -       A2_N->Y   R     sky130_fd_sc_hs__o2bb2ai_1      2 11.0   196   153    1291    (-,-) 
  u_tile_ctrl/WALLACE_CSA_DUMMY_OP16_groupi_g5686__6783/SUM  -       CIN->SUM  F     sky130_fd_sc_hs__fa_1           1 10.5    71   296    1588    (-,-) 
  u_tile_ctrl/WALLACE_CSA_DUMMY_OP16_groupi_g5605__5122/COUT -       A->COUT   F     sky130_fd_sc_hs__fa_1           1  8.1    68   269    1856    (-,-) 
  u_tile_ctrl/WALLACE_CSA_DUMMY_OP16_groupi_g5604__1705/COUT -       CIN->COUT F     sky130_fd_sc_hs__fa_1           1  8.1    68   226    2083    (-,-) 
  u_tile_ctrl/WALLACE_CSA_DUMMY_OP16_groupi_g5603__2802/COUT -       CIN->COUT F     sky130_fd_sc_hs__fa_1           1  8.1    68   226    2309    (-,-) 
  u_tile_ctrl/WALLACE_CSA_DUMMY_OP16_groupi_g5602__1617/COUT -       CIN->COUT F     sky130_fd_sc_hs__fa_1           1  8.1    68   226    2536    (-,-) 
  u_tile_ctrl/WALLACE_CSA_DUMMY_OP16_groupi_g5601__3680/COUT -       CIN->COUT F     sky130_fd_sc_hs__fa_1           2  7.9    67   225    2761    (-,-) 
  u_tile_ctrl/WALLACE_CSA_DUMMY_OP16_groupi_g5600__6783/Y    -       B->Y      R     sky130_fd_sc_hs__nand2b_1       2  6.4    76    87    2848    (-,-) 
  u_tile_ctrl/WALLACE_CSA_DUMMY_OP16_groupi_g5597__4319/Y    -       A2->Y     F     sky130_fd_sc_hs__o221ai_1       1  8.1   118   126    2974    (-,-) 
  u_tile_ctrl/WALLACE_CSA_DUMMY_OP16_groupi_g5595__5107/COUT -       CIN->COUT F     sky130_fd_sc_hs__fa_1           1  8.1    68   243    3217    (-,-) 
  u_tile_ctrl/WALLACE_CSA_DUMMY_OP16_groupi_g5594__2398/COUT -       CIN->COUT F     sky130_fd_sc_hs__fa_1           1  8.1    68   226    3444    (-,-) 
  u_tile_ctrl/WALLACE_CSA_DUMMY_OP16_groupi_g5593__5477/COUT -       CIN->COUT F     sky130_fd_sc_hs__fa_1           1  8.1    68   226    3670    (-,-) 
  u_tile_ctrl/WALLACE_CSA_DUMMY_OP16_groupi_g5592__6417/COUT -       CIN->COUT F     sky130_fd_sc_hs__fa_1           1  8.1    68   226    3896    (-,-) 
  u_tile_ctrl/WALLACE_CSA_DUMMY_OP16_groupi_g5591__7410/COUT -       CIN->COUT F     sky130_fd_sc_hs__fa_1           1  8.1    68   226    4123    (-,-) 
  u_tile_ctrl/WALLACE_CSA_DUMMY_OP16_groupi_g5590__1666/COUT -       CIN->COUT F     sky130_fd_sc_hs__fa_1           2  7.5    64   223    4346    (-,-) 
  u_tile_ctrl/WALLACE_CSA_DUMMY_OP16_groupi_g5589__2346/Y    -       B_N->Y    F     sky130_fd_sc_hs__nor2b_1        2  6.0    43    98    4444    (-,-) 
  u_tile_ctrl/WALLACE_CSA_DUMMY_OP16_groupi_g5586__9315/Y    -       B->Y      R     sky130_fd_sc_hs__nand2b_1       2  5.7    69    74    4518    (-,-) 
  u_tile_ctrl/WALLACE_CSA_DUMMY_OP16_groupi_g5583__7482/Y    -       C->Y      F     sky130_fd_sc_hs__nor3_1         1  3.1    52    40    4558    (-,-) 
  u_tile_ctrl/WALLACE_CSA_DUMMY_OP16_groupi_g5580__6131/Y    -       B->Y      R     sky130_fd_sc_hs__nor3b_1        3 10.9   284   249    4808    (-,-) 
  u_tile_ctrl/WALLACE_CSA_DUMMY_OP16_groupi_g5579__7098/X    -       C->X      R     sky130_fd_sc_hs__or3_1          2  5.5    54   124    4932    (-,-) 
  u_tile_ctrl/WALLACE_CSA_DUMMY_OP16_groupi_g5571__5526/Y    -       A3->Y     F     sky130_fd_sc_hs__o311ai_1       2  7.9   105    92    5023    (-,-) 
  u_tile_ctrl/WALLACE_CSA_DUMMY_OP16_groupi_g5570__8428/Y    -       B->Y      R     sky130_fd_sc_hs__nand2b_1       2  6.1    78   100    5123    (-,-) 
  u_tile_ctrl/WALLACE_CSA_DUMMY_OP16_groupi_g5566__2398/Y    -       A2->Y     F     sky130_fd_sc_hs__o221ai_1       1  8.1   118   126    5249    (-,-) 
  u_tile_ctrl/WALLACE_CSA_DUMMY_OP16_groupi_g5564__6417/COUT -       CIN->COUT F     sky130_fd_sc_hs__fa_1           1  8.1    68   243    5492    (-,-) 
  u_tile_ctrl/WALLACE_CSA_DUMMY_OP16_groupi_g5563__7410/COUT -       CIN->COUT F     sky130_fd_sc_hs__fa_1           2  7.9    67   225    5718    (-,-) 
  u_tile_ctrl/WALLACE_CSA_DUMMY_OP16_groupi_g5562__1666/Y    -       B->Y      R     sky130_fd_sc_hs__nand2b_1       2  6.1    74    86    5803    (-,-) 
  u_tile_ctrl/WALLACE_CSA_DUMMY_OP16_groupi_g5559__9945/Y    -       A2->Y     F     sky130_fd_sc_hs__o221ai_1       1  8.1   118   125    5928    (-,-) 
  u_tile_ctrl/WALLACE_CSA_DUMMY_OP16_groupi_g5557__6161/COUT -       CIN->COUT F     sky130_fd_sc_hs__fa_1           1  8.1    68   243    6172    (-,-) 
  u_tile_ctrl/WALLACE_CSA_DUMMY_OP16_groupi_g5556__4733/COUT -       CIN->COUT F     sky130_fd_sc_hs__fa_1           2  7.9    67   225    6397    (-,-) 
  u_tile_ctrl/WALLACE_CSA_DUMMY_OP16_groupi_g5555__7482/Y    -       B->Y      R     sky130_fd_sc_hs__nand2b_1       2  6.0    73    85    6482    (-,-) 
  u_tile_ctrl/WALLACE_CSA_DUMMY_OP16_groupi_g5552__6131/Y    -       B->Y      F     sky130_fd_sc_hs__nor2_1         2  5.8    49    47    6529    (-,-) 
  u_tile_ctrl/WALLACE_CSA_DUMMY_OP16_groupi_g5551__7098/Y    -       C_N->Y    F     sky130_fd_sc_hs__nor3b_1        2  6.3    59    94    6622    (-,-) 
  u_tile_ctrl/WALLACE_CSA_DUMMY_OP16_groupi_g5548__1705/Y    -       B->Y      R     sky130_fd_sc_hs__nor2_1         3  8.5   131   119    6741    (-,-) 
  u_tile_ctrl/WALLACE_CSA_DUMMY_OP16_groupi_g5544__6783/X    -       B->X      R     sky130_fd_sc_hs__or2_1          2  6.1    60   106    6847    (-,-) 
  u_tile_ctrl/WALLACE_CSA_DUMMY_OP16_groupi_g5537__5477/Y    -       A2->Y     F     sky130_fd_sc_hs__o21bai_1       2  5.9    66    63    6910    (-,-) 
  u_tile_ctrl/WALLACE_CSA_DUMMY_OP16_groupi_g5526__5115/Y    -       A->Y      R     sky130_fd_sc_hs__nand2_1        3  8.8    73    80    6990    (-,-) 
  u_tile_ctrl/WALLACE_CSA_DUMMY_OP16_groupi_g5510__2398/Y    -       B2->Y     F     sky130_fd_sc_hs__o2bb2ai_1      1  2.4    38    49    7038    (-,-) 
  u_tile_ctrl/dma_wr_addr_reg[41]/SCD                        -       -         F     sky130_fd_sc_hs__sdfxtp_1       1    -     -     4    7043    (-,-) 
#--------------------------------------------------------------------------------------------------------------------------------------------------------



Path 42: MET (2540 ps) Setup Check with Pin u_tile_ctrl/dma_wr_addr_reg[40]/CLK->SCD
          Group: clk
     Startpoint: (R) u_tile_ctrl/q_idx_reg[1]/CLK
          Clock: (R) clk
       Endpoint: (F) u_tile_ctrl/dma_wr_addr_reg[40]/SCD
          Clock: (R) clk

                     Capture       Launch     
        Clock Edge:+   10000            0     
       Src Latency:+       0            0     
       Net Latency:+       0 (I)        0 (I) 
           Arrival:=   10000            0     
                                              
             Setup:-     221                  
       Uncertainty:-     200                  
     Required Time:=    9579                  
      Launch Clock:-       0                  
         Data Path:-    7039                  
             Slack:=    2540                  

#--------------------------------------------------------------------------------------------------------------------------------------------------------
#                       Timing Point                         Flags     Arc     Edge            Cell             Fanout Load Trans Delay Arrival Instance 
#                                                                                                                      (fF)  (ps)  (ps)   (ps)  Location 
#--------------------------------------------------------------------------------------------------------------------------------------------------------
  u_tile_ctrl/q_idx_reg[1]/CLK                               -       -         R     (arrival)                    1242    -   100     0       0    (-,-) 
  u_tile_ctrl/q_idx_reg[1]/Q                                 -       CLK->Q    R     sky130_fd_sc_hs__dfrbp_1       17 51.4   401   488     488    (-,-) 
  u_tile_ctrl/drc_buf_sp10581/X                              -       A->X      R     sky130_fd_sc_hs__clkbuf_1      17 51.7   356   339     827    (-,-) 
  u_tile_ctrl/csa_tree_mul_121_78_g10287/Y                   -       A->Y      F     sky130_fd_sc_hs__nand2_1        2  8.6   112   116     943    (-,-) 
  u_tile_ctrl/csa_tree_mul_121_78_g10159/Y                   -       A->Y      R     sky130_fd_sc_hs__xnor2_1        3  9.1   179   195    1138    (-,-) 
  u_tile_ctrl/csa_tree_mul_121_78_g10151/Y                   -       A2_N->Y   R     sky130_fd_sc_hs__o2bb2ai_1      2 11.0   196   153    1291    (-,-) 
  u_tile_ctrl/WALLACE_CSA_DUMMY_OP16_groupi_g5686__6783/SUM  -       CIN->SUM  F     sky130_fd_sc_hs__fa_1           1 10.5    71   296    1588    (-,-) 
  u_tile_ctrl/WALLACE_CSA_DUMMY_OP16_groupi_g5605__5122/COUT -       A->COUT   F     sky130_fd_sc_hs__fa_1           1  8.1    68   269    1856    (-,-) 
  u_tile_ctrl/WALLACE_CSA_DUMMY_OP16_groupi_g5604__1705/COUT -       CIN->COUT F     sky130_fd_sc_hs__fa_1           1  8.1    68   226    2083    (-,-) 
  u_tile_ctrl/WALLACE_CSA_DUMMY_OP16_groupi_g5603__2802/COUT -       CIN->COUT F     sky130_fd_sc_hs__fa_1           1  8.1    68   226    2309    (-,-) 
  u_tile_ctrl/WALLACE_CSA_DUMMY_OP16_groupi_g5602__1617/COUT -       CIN->COUT F     sky130_fd_sc_hs__fa_1           1  8.1    68   226    2536    (-,-) 
  u_tile_ctrl/WALLACE_CSA_DUMMY_OP16_groupi_g5601__3680/COUT -       CIN->COUT F     sky130_fd_sc_hs__fa_1           2  7.9    67   225    2761    (-,-) 
  u_tile_ctrl/WALLACE_CSA_DUMMY_OP16_groupi_g5600__6783/Y    -       B->Y      R     sky130_fd_sc_hs__nand2b_1       2  6.4    76    87    2848    (-,-) 
  u_tile_ctrl/WALLACE_CSA_DUMMY_OP16_groupi_g5597__4319/Y    -       A2->Y     F     sky130_fd_sc_hs__o221ai_1       1  8.1   118   126    2974    (-,-) 
  u_tile_ctrl/WALLACE_CSA_DUMMY_OP16_groupi_g5595__5107/COUT -       CIN->COUT F     sky130_fd_sc_hs__fa_1           1  8.1    68   243    3217    (-,-) 
  u_tile_ctrl/WALLACE_CSA_DUMMY_OP16_groupi_g5594__2398/COUT -       CIN->COUT F     sky130_fd_sc_hs__fa_1           1  8.1    68   226    3444    (-,-) 
  u_tile_ctrl/WALLACE_CSA_DUMMY_OP16_groupi_g5593__5477/COUT -       CIN->COUT F     sky130_fd_sc_hs__fa_1           1  8.1    68   226    3670    (-,-) 
  u_tile_ctrl/WALLACE_CSA_DUMMY_OP16_groupi_g5592__6417/COUT -       CIN->COUT F     sky130_fd_sc_hs__fa_1           1  8.1    68   226    3896    (-,-) 
  u_tile_ctrl/WALLACE_CSA_DUMMY_OP16_groupi_g5591__7410/COUT -       CIN->COUT F     sky130_fd_sc_hs__fa_1           1  8.1    68   226    4123    (-,-) 
  u_tile_ctrl/WALLACE_CSA_DUMMY_OP16_groupi_g5590__1666/COUT -       CIN->COUT F     sky130_fd_sc_hs__fa_1           2  7.5    64   223    4346    (-,-) 
  u_tile_ctrl/WALLACE_CSA_DUMMY_OP16_groupi_g5589__2346/Y    -       B_N->Y    F     sky130_fd_sc_hs__nor2b_1        2  6.0    43    98    4444    (-,-) 
  u_tile_ctrl/WALLACE_CSA_DUMMY_OP16_groupi_g5586__9315/Y    -       B->Y      R     sky130_fd_sc_hs__nand2b_1       2  5.7    69    74    4518    (-,-) 
  u_tile_ctrl/WALLACE_CSA_DUMMY_OP16_groupi_g5583__7482/Y    -       C->Y      F     sky130_fd_sc_hs__nor3_1         1  3.1    52    40    4558    (-,-) 
  u_tile_ctrl/WALLACE_CSA_DUMMY_OP16_groupi_g5580__6131/Y    -       B->Y      R     sky130_fd_sc_hs__nor3b_1        3 10.9   284   249    4808    (-,-) 
  u_tile_ctrl/WALLACE_CSA_DUMMY_OP16_groupi_g5579__7098/X    -       C->X      R     sky130_fd_sc_hs__or3_1          2  5.5    54   124    4932    (-,-) 
  u_tile_ctrl/WALLACE_CSA_DUMMY_OP16_groupi_g5571__5526/Y    -       A3->Y     F     sky130_fd_sc_hs__o311ai_1       2  7.9   105    92    5023    (-,-) 
  u_tile_ctrl/WALLACE_CSA_DUMMY_OP16_groupi_g5570__8428/Y    -       B->Y      R     sky130_fd_sc_hs__nand2b_1       2  6.1    78   100    5123    (-,-) 
  u_tile_ctrl/WALLACE_CSA_DUMMY_OP16_groupi_g5566__2398/Y    -       A2->Y     F     sky130_fd_sc_hs__o221ai_1       1  8.1   118   126    5249    (-,-) 
  u_tile_ctrl/WALLACE_CSA_DUMMY_OP16_groupi_g5564__6417/COUT -       CIN->COUT F     sky130_fd_sc_hs__fa_1           1  8.1    68   243    5492    (-,-) 
  u_tile_ctrl/WALLACE_CSA_DUMMY_OP16_groupi_g5563__7410/COUT -       CIN->COUT F     sky130_fd_sc_hs__fa_1           2  7.9    67   225    5718    (-,-) 
  u_tile_ctrl/WALLACE_CSA_DUMMY_OP16_groupi_g5562__1666/Y    -       B->Y      R     sky130_fd_sc_hs__nand2b_1       2  6.1    74    86    5803    (-,-) 
  u_tile_ctrl/WALLACE_CSA_DUMMY_OP16_groupi_g5559__9945/Y    -       A2->Y     F     sky130_fd_sc_hs__o221ai_1       1  8.1   118   125    5928    (-,-) 
  u_tile_ctrl/WALLACE_CSA_DUMMY_OP16_groupi_g5557__6161/COUT -       CIN->COUT F     sky130_fd_sc_hs__fa_1           1  8.1    68   243    6172    (-,-) 
  u_tile_ctrl/WALLACE_CSA_DUMMY_OP16_groupi_g5556__4733/COUT -       CIN->COUT F     sky130_fd_sc_hs__fa_1           2  7.9    67   225    6397    (-,-) 
  u_tile_ctrl/WALLACE_CSA_DUMMY_OP16_groupi_g5555__7482/Y    -       B->Y      R     sky130_fd_sc_hs__nand2b_1       2  6.0    73    85    6482    (-,-) 
  u_tile_ctrl/WALLACE_CSA_DUMMY_OP16_groupi_g5552__6131/Y    -       B->Y      F     sky130_fd_sc_hs__nor2_1         2  5.8    49    47    6529    (-,-) 
  u_tile_ctrl/WALLACE_CSA_DUMMY_OP16_groupi_g5551__7098/Y    -       C_N->Y    F     sky130_fd_sc_hs__nor3b_1        2  6.3    59    94    6622    (-,-) 
  u_tile_ctrl/WALLACE_CSA_DUMMY_OP16_groupi_g5548__1705/Y    -       B->Y      R     sky130_fd_sc_hs__nor2_1         3  8.5   131   119    6741    (-,-) 
  u_tile_ctrl/WALLACE_CSA_DUMMY_OP16_groupi_g5544__6783/X    -       B->X      R     sky130_fd_sc_hs__or2_1          2  6.1    60   106    6847    (-,-) 
  u_tile_ctrl/WALLACE_CSA_DUMMY_OP16_groupi_g5537__5477/Y    -       A2->Y     F     sky130_fd_sc_hs__o21bai_1       2  5.9    66    63    6910    (-,-) 
  u_tile_ctrl/WALLACE_CSA_DUMMY_OP16_groupi_g5522__8246/X    -       A2->X     F     sky130_fd_sc_hs__o21a_1         1  2.4    26   125    7035    (-,-) 
  u_tile_ctrl/dma_wr_addr_reg[40]/SCD                        -       -         F     sky130_fd_sc_hs__sdfxtp_1       1    -     -     4    7039    (-,-) 
#--------------------------------------------------------------------------------------------------------------------------------------------------------



Path 43: MET (2589 ps) Setup Check with Pin u_tile_ctrl/dma_wr_addr_reg[39]/CLK->SCD
          Group: clk
     Startpoint: (R) u_tile_ctrl/q_idx_reg[1]/CLK
          Clock: (R) clk
       Endpoint: (F) u_tile_ctrl/dma_wr_addr_reg[39]/SCD
          Clock: (R) clk

                     Capture       Launch     
        Clock Edge:+   10000            0     
       Src Latency:+       0            0     
       Net Latency:+       0 (I)        0 (I) 
           Arrival:=   10000            0     
                                              
             Setup:-     226                  
       Uncertainty:-     200                  
     Required Time:=    9574                  
      Launch Clock:-       0                  
         Data Path:-    6986                  
             Slack:=    2589                  

#--------------------------------------------------------------------------------------------------------------------------------------------------------
#                       Timing Point                         Flags     Arc     Edge            Cell             Fanout Load Trans Delay Arrival Instance 
#                                                                                                                      (fF)  (ps)  (ps)   (ps)  Location 
#--------------------------------------------------------------------------------------------------------------------------------------------------------
  u_tile_ctrl/q_idx_reg[1]/CLK                               -       -         R     (arrival)                    1242    -   100     0       0    (-,-) 
  u_tile_ctrl/q_idx_reg[1]/Q                                 -       CLK->Q    R     sky130_fd_sc_hs__dfrbp_1       17 51.4   401   488     488    (-,-) 
  u_tile_ctrl/drc_buf_sp10581/X                              -       A->X      R     sky130_fd_sc_hs__clkbuf_1      17 51.7   356   339     827    (-,-) 
  u_tile_ctrl/csa_tree_mul_121_78_g10287/Y                   -       A->Y      F     sky130_fd_sc_hs__nand2_1        2  8.6   112   116     943    (-,-) 
  u_tile_ctrl/csa_tree_mul_121_78_g10159/Y                   -       A->Y      R     sky130_fd_sc_hs__xnor2_1        3  9.1   179   195    1138    (-,-) 
  u_tile_ctrl/csa_tree_mul_121_78_g10151/Y                   -       A2_N->Y   R     sky130_fd_sc_hs__o2bb2ai_1      2 11.0   196   153    1291    (-,-) 
  u_tile_ctrl/WALLACE_CSA_DUMMY_OP16_groupi_g5686__6783/SUM  -       CIN->SUM  F     sky130_fd_sc_hs__fa_1           1 10.5    71   296    1588    (-,-) 
  u_tile_ctrl/WALLACE_CSA_DUMMY_OP16_groupi_g5605__5122/COUT -       A->COUT   F     sky130_fd_sc_hs__fa_1           1  8.1    68   269    1856    (-,-) 
  u_tile_ctrl/WALLACE_CSA_DUMMY_OP16_groupi_g5604__1705/COUT -       CIN->COUT F     sky130_fd_sc_hs__fa_1           1  8.1    68   226    2083    (-,-) 
  u_tile_ctrl/WALLACE_CSA_DUMMY_OP16_groupi_g5603__2802/COUT -       CIN->COUT F     sky130_fd_sc_hs__fa_1           1  8.1    68   226    2309    (-,-) 
  u_tile_ctrl/WALLACE_CSA_DUMMY_OP16_groupi_g5602__1617/COUT -       CIN->COUT F     sky130_fd_sc_hs__fa_1           1  8.1    68   226    2536    (-,-) 
  u_tile_ctrl/WALLACE_CSA_DUMMY_OP16_groupi_g5601__3680/COUT -       CIN->COUT F     sky130_fd_sc_hs__fa_1           2  7.9    67   225    2761    (-,-) 
  u_tile_ctrl/WALLACE_CSA_DUMMY_OP16_groupi_g5600__6783/Y    -       B->Y      R     sky130_fd_sc_hs__nand2b_1       2  6.4    76    87    2848    (-,-) 
  u_tile_ctrl/WALLACE_CSA_DUMMY_OP16_groupi_g5597__4319/Y    -       A2->Y     F     sky130_fd_sc_hs__o221ai_1       1  8.1   118   126    2974    (-,-) 
  u_tile_ctrl/WALLACE_CSA_DUMMY_OP16_groupi_g5595__5107/COUT -       CIN->COUT F     sky130_fd_sc_hs__fa_1           1  8.1    68   243    3217    (-,-) 
  u_tile_ctrl/WALLACE_CSA_DUMMY_OP16_groupi_g5594__2398/COUT -       CIN->COUT F     sky130_fd_sc_hs__fa_1           1  8.1    68   226    3444    (-,-) 
  u_tile_ctrl/WALLACE_CSA_DUMMY_OP16_groupi_g5593__5477/COUT -       CIN->COUT F     sky130_fd_sc_hs__fa_1           1  8.1    68   226    3670    (-,-) 
  u_tile_ctrl/WALLACE_CSA_DUMMY_OP16_groupi_g5592__6417/COUT -       CIN->COUT F     sky130_fd_sc_hs__fa_1           1  8.1    68   226    3896    (-,-) 
  u_tile_ctrl/WALLACE_CSA_DUMMY_OP16_groupi_g5591__7410/COUT -       CIN->COUT F     sky130_fd_sc_hs__fa_1           1  8.1    68   226    4123    (-,-) 
  u_tile_ctrl/WALLACE_CSA_DUMMY_OP16_groupi_g5590__1666/COUT -       CIN->COUT F     sky130_fd_sc_hs__fa_1           2  7.5    64   223    4346    (-,-) 
  u_tile_ctrl/WALLACE_CSA_DUMMY_OP16_groupi_g5589__2346/Y    -       B_N->Y    F     sky130_fd_sc_hs__nor2b_1        2  6.0    43    98    4444    (-,-) 
  u_tile_ctrl/WALLACE_CSA_DUMMY_OP16_groupi_g5586__9315/Y    -       B->Y      R     sky130_fd_sc_hs__nand2b_1       2  5.7    69    74    4518    (-,-) 
  u_tile_ctrl/WALLACE_CSA_DUMMY_OP16_groupi_g5583__7482/Y    -       C->Y      F     sky130_fd_sc_hs__nor3_1         1  3.1    52    40    4558    (-,-) 
  u_tile_ctrl/WALLACE_CSA_DUMMY_OP16_groupi_g5580__6131/Y    -       B->Y      R     sky130_fd_sc_hs__nor3b_1        3 10.9   284   249    4808    (-,-) 
  u_tile_ctrl/WALLACE_CSA_DUMMY_OP16_groupi_g5579__7098/X    -       C->X      R     sky130_fd_sc_hs__or3_1          2  5.5    54   124    4932    (-,-) 
  u_tile_ctrl/WALLACE_CSA_DUMMY_OP16_groupi_g5571__5526/Y    -       A3->Y     F     sky130_fd_sc_hs__o311ai_1       2  7.9   105    92    5023    (-,-) 
  u_tile_ctrl/WALLACE_CSA_DUMMY_OP16_groupi_g5570__8428/Y    -       B->Y      R     sky130_fd_sc_hs__nand2b_1       2  6.1    78   100    5123    (-,-) 
  u_tile_ctrl/WALLACE_CSA_DUMMY_OP16_groupi_g5566__2398/Y    -       A2->Y     F     sky130_fd_sc_hs__o221ai_1       1  8.1   118   126    5249    (-,-) 
  u_tile_ctrl/WALLACE_CSA_DUMMY_OP16_groupi_g5564__6417/COUT -       CIN->COUT F     sky130_fd_sc_hs__fa_1           1  8.1    68   243    5492    (-,-) 
  u_tile_ctrl/WALLACE_CSA_DUMMY_OP16_groupi_g5563__7410/COUT -       CIN->COUT F     sky130_fd_sc_hs__fa_1           2  7.9    67   225    5718    (-,-) 
  u_tile_ctrl/WALLACE_CSA_DUMMY_OP16_groupi_g5562__1666/Y    -       B->Y      R     sky130_fd_sc_hs__nand2b_1       2  6.1    74    86    5803    (-,-) 
  u_tile_ctrl/WALLACE_CSA_DUMMY_OP16_groupi_g5559__9945/Y    -       A2->Y     F     sky130_fd_sc_hs__o221ai_1       1  8.1   118   125    5928    (-,-) 
  u_tile_ctrl/WALLACE_CSA_DUMMY_OP16_groupi_g5557__6161/COUT -       CIN->COUT F     sky130_fd_sc_hs__fa_1           1  8.1    68   243    6172    (-,-) 
  u_tile_ctrl/WALLACE_CSA_DUMMY_OP16_groupi_g5556__4733/COUT -       CIN->COUT F     sky130_fd_sc_hs__fa_1           2  7.9    67   225    6397    (-,-) 
  u_tile_ctrl/WALLACE_CSA_DUMMY_OP16_groupi_g5555__7482/Y    -       B->Y      R     sky130_fd_sc_hs__nand2b_1       2  6.0    73    85    6482    (-,-) 
  u_tile_ctrl/WALLACE_CSA_DUMMY_OP16_groupi_g5552__6131/Y    -       B->Y      F     sky130_fd_sc_hs__nor2_1         2  5.8    49    47    6529    (-,-) 
  u_tile_ctrl/WALLACE_CSA_DUMMY_OP16_groupi_g5551__7098/Y    -       C_N->Y    F     sky130_fd_sc_hs__nor3b_1        2  6.3    59    94    6622    (-,-) 
  u_tile_ctrl/WALLACE_CSA_DUMMY_OP16_groupi_g5548__1705/Y    -       B->Y      R     sky130_fd_sc_hs__nor2_1         3  8.5   131   119    6741    (-,-) 
  u_tile_ctrl/WALLACE_CSA_DUMMY_OP16_groupi_g5544__6783/X    -       B->X      R     sky130_fd_sc_hs__or2_1          2  6.1    60   106    6847    (-,-) 
  u_tile_ctrl/WALLACE_CSA_DUMMY_OP16_groupi_g5541__4319/X    -       A->X      R     sky130_fd_sc_hs__and2_2         2  6.1    36    91    6938    (-,-) 
  u_tile_ctrl/WALLACE_CSA_DUMMY_OP16_groupi_g5532__2883/Y    -       B2->Y     F     sky130_fd_sc_hs__o2bb2ai_1      1  2.4    40    44    6982    (-,-) 
  u_tile_ctrl/dma_wr_addr_reg[39]/SCD                        -       -         F     sky130_fd_sc_hs__sdfxtp_1       1    -     -     4    6986    (-,-) 
#--------------------------------------------------------------------------------------------------------------------------------------------------------



Path 44: MET (2734 ps) Setup Check with Pin u_tile_ctrl/dma_wr_addr_reg[37]/CLK->SCD
          Group: clk
     Startpoint: (R) u_tile_ctrl/q_idx_reg[1]/CLK
          Clock: (R) clk
       Endpoint: (F) u_tile_ctrl/dma_wr_addr_reg[37]/SCD
          Clock: (R) clk

                     Capture       Launch     
        Clock Edge:+   10000            0     
       Src Latency:+       0            0     
       Net Latency:+       0 (I)        0 (I) 
           Arrival:=   10000            0     
                                              
             Setup:-     227                  
       Uncertainty:-     200                  
     Required Time:=    9573                  
      Launch Clock:-       0                  
         Data Path:-    6839                  
             Slack:=    2734                  

#--------------------------------------------------------------------------------------------------------------------------------------------------------
#                       Timing Point                         Flags     Arc     Edge            Cell             Fanout Load Trans Delay Arrival Instance 
#                                                                                                                      (fF)  (ps)  (ps)   (ps)  Location 
#--------------------------------------------------------------------------------------------------------------------------------------------------------
  u_tile_ctrl/q_idx_reg[1]/CLK                               -       -         R     (arrival)                    1242    -   100     0       0    (-,-) 
  u_tile_ctrl/q_idx_reg[1]/Q                                 -       CLK->Q    R     sky130_fd_sc_hs__dfrbp_1       17 51.4   401   488     488    (-,-) 
  u_tile_ctrl/drc_buf_sp10581/X                              -       A->X      R     sky130_fd_sc_hs__clkbuf_1      17 51.7   356   339     827    (-,-) 
  u_tile_ctrl/csa_tree_mul_121_78_g10287/Y                   -       A->Y      F     sky130_fd_sc_hs__nand2_1        2  8.6   112   116     943    (-,-) 
  u_tile_ctrl/csa_tree_mul_121_78_g10159/Y                   -       A->Y      R     sky130_fd_sc_hs__xnor2_1        3  9.1   179   195    1138    (-,-) 
  u_tile_ctrl/csa_tree_mul_121_78_g10151/Y                   -       A2_N->Y   R     sky130_fd_sc_hs__o2bb2ai_1      2 11.0   196   153    1291    (-,-) 
  u_tile_ctrl/WALLACE_CSA_DUMMY_OP16_groupi_g5686__6783/SUM  -       CIN->SUM  F     sky130_fd_sc_hs__fa_1           1 10.5    71   296    1588    (-,-) 
  u_tile_ctrl/WALLACE_CSA_DUMMY_OP16_groupi_g5605__5122/COUT -       A->COUT   F     sky130_fd_sc_hs__fa_1           1  8.1    68   269    1856    (-,-) 
  u_tile_ctrl/WALLACE_CSA_DUMMY_OP16_groupi_g5604__1705/COUT -       CIN->COUT F     sky130_fd_sc_hs__fa_1           1  8.1    68   226    2083    (-,-) 
  u_tile_ctrl/WALLACE_CSA_DUMMY_OP16_groupi_g5603__2802/COUT -       CIN->COUT F     sky130_fd_sc_hs__fa_1           1  8.1    68   226    2309    (-,-) 
  u_tile_ctrl/WALLACE_CSA_DUMMY_OP16_groupi_g5602__1617/COUT -       CIN->COUT F     sky130_fd_sc_hs__fa_1           1  8.1    68   226    2536    (-,-) 
  u_tile_ctrl/WALLACE_CSA_DUMMY_OP16_groupi_g5601__3680/COUT -       CIN->COUT F     sky130_fd_sc_hs__fa_1           2  7.9    67   225    2761    (-,-) 
  u_tile_ctrl/WALLACE_CSA_DUMMY_OP16_groupi_g5600__6783/Y    -       B->Y      R     sky130_fd_sc_hs__nand2b_1       2  6.4    76    87    2848    (-,-) 
  u_tile_ctrl/WALLACE_CSA_DUMMY_OP16_groupi_g5597__4319/Y    -       A2->Y     F     sky130_fd_sc_hs__o221ai_1       1  8.1   118   126    2974    (-,-) 
  u_tile_ctrl/WALLACE_CSA_DUMMY_OP16_groupi_g5595__5107/COUT -       CIN->COUT F     sky130_fd_sc_hs__fa_1           1  8.1    68   243    3217    (-,-) 
  u_tile_ctrl/WALLACE_CSA_DUMMY_OP16_groupi_g5594__2398/COUT -       CIN->COUT F     sky130_fd_sc_hs__fa_1           1  8.1    68   226    3444    (-,-) 
  u_tile_ctrl/WALLACE_CSA_DUMMY_OP16_groupi_g5593__5477/COUT -       CIN->COUT F     sky130_fd_sc_hs__fa_1           1  8.1    68   226    3670    (-,-) 
  u_tile_ctrl/WALLACE_CSA_DUMMY_OP16_groupi_g5592__6417/COUT -       CIN->COUT F     sky130_fd_sc_hs__fa_1           1  8.1    68   226    3896    (-,-) 
  u_tile_ctrl/WALLACE_CSA_DUMMY_OP16_groupi_g5591__7410/COUT -       CIN->COUT F     sky130_fd_sc_hs__fa_1           1  8.1    68   226    4123    (-,-) 
  u_tile_ctrl/WALLACE_CSA_DUMMY_OP16_groupi_g5590__1666/COUT -       CIN->COUT F     sky130_fd_sc_hs__fa_1           2  7.5    64   223    4346    (-,-) 
  u_tile_ctrl/WALLACE_CSA_DUMMY_OP16_groupi_g5589__2346/Y    -       B_N->Y    F     sky130_fd_sc_hs__nor2b_1        2  6.0    43    98    4444    (-,-) 
  u_tile_ctrl/WALLACE_CSA_DUMMY_OP16_groupi_g5586__9315/Y    -       B->Y      R     sky130_fd_sc_hs__nand2b_1       2  5.7    69    74    4518    (-,-) 
  u_tile_ctrl/WALLACE_CSA_DUMMY_OP16_groupi_g5583__7482/Y    -       C->Y      F     sky130_fd_sc_hs__nor3_1         1  3.1    52    40    4558    (-,-) 
  u_tile_ctrl/WALLACE_CSA_DUMMY_OP16_groupi_g5580__6131/Y    -       B->Y      R     sky130_fd_sc_hs__nor3b_1        3 10.9   284   249    4808    (-,-) 
  u_tile_ctrl/WALLACE_CSA_DUMMY_OP16_groupi_g5579__7098/X    -       C->X      R     sky130_fd_sc_hs__or3_1          2  5.5    54   124    4932    (-,-) 
  u_tile_ctrl/WALLACE_CSA_DUMMY_OP16_groupi_g5571__5526/Y    -       A3->Y     F     sky130_fd_sc_hs__o311ai_1       2  7.9   105    92    5023    (-,-) 
  u_tile_ctrl/WALLACE_CSA_DUMMY_OP16_groupi_g5570__8428/Y    -       B->Y      R     sky130_fd_sc_hs__nand2b_1       2  6.1    78   100    5123    (-,-) 
  u_tile_ctrl/WALLACE_CSA_DUMMY_OP16_groupi_g5566__2398/Y    -       A2->Y     F     sky130_fd_sc_hs__o221ai_1       1  8.1   118   126    5249    (-,-) 
  u_tile_ctrl/WALLACE_CSA_DUMMY_OP16_groupi_g5564__6417/COUT -       CIN->COUT F     sky130_fd_sc_hs__fa_1           1  8.1    68   243    5492    (-,-) 
  u_tile_ctrl/WALLACE_CSA_DUMMY_OP16_groupi_g5563__7410/COUT -       CIN->COUT F     sky130_fd_sc_hs__fa_1           2  7.9    67   225    5718    (-,-) 
  u_tile_ctrl/WALLACE_CSA_DUMMY_OP16_groupi_g5562__1666/Y    -       B->Y      R     sky130_fd_sc_hs__nand2b_1       2  6.1    74    86    5803    (-,-) 
  u_tile_ctrl/WALLACE_CSA_DUMMY_OP16_groupi_g5559__9945/Y    -       A2->Y     F     sky130_fd_sc_hs__o221ai_1       1  8.1   118   125    5928    (-,-) 
  u_tile_ctrl/WALLACE_CSA_DUMMY_OP16_groupi_g5557__6161/COUT -       CIN->COUT F     sky130_fd_sc_hs__fa_1           1  8.1    68   243    6172    (-,-) 
  u_tile_ctrl/WALLACE_CSA_DUMMY_OP16_groupi_g5556__4733/COUT -       CIN->COUT F     sky130_fd_sc_hs__fa_1           2  7.9    67   225    6397    (-,-) 
  u_tile_ctrl/WALLACE_CSA_DUMMY_OP16_groupi_g5555__7482/Y    -       B->Y      R     sky130_fd_sc_hs__nand2b_1       2  6.0    73    85    6482    (-,-) 
  u_tile_ctrl/WALLACE_CSA_DUMMY_OP16_groupi_g5552__6131/Y    -       B->Y      F     sky130_fd_sc_hs__nor2_1         2  5.8    49    47    6529    (-,-) 
  u_tile_ctrl/WALLACE_CSA_DUMMY_OP16_groupi_g5550__8246/Y    -       B->Y      R     sky130_fd_sc_hs__nor2_1         3  9.3   140   123    6652    (-,-) 
  u_tile_ctrl/WALLACE_CSA_DUMMY_OP16_groupi_g5545__3680/Y    -       A2->Y     F     sky130_fd_sc_hs__o21ai_1        1  5.0    64    71    6723    (-,-) 
  u_tile_ctrl/WALLACE_CSA_DUMMY_OP16_groupi_g5539__5107/X    -       B->X      F     sky130_fd_sc_hs__xor2_1         1  2.4    45   112    6835    (-,-) 
  u_tile_ctrl/dma_wr_addr_reg[37]/SCD                        -       -         F     sky130_fd_sc_hs__sdfxtp_1       1    -     -     4    6839    (-,-) 
#--------------------------------------------------------------------------------------------------------------------------------------------------------



Path 45: MET (2775 ps) Setup Check with Pin u_tile_ctrl/dma_wr_addr_reg[38]/CLK->SCD
          Group: clk
     Startpoint: (R) u_tile_ctrl/q_idx_reg[1]/CLK
          Clock: (R) clk
       Endpoint: (F) u_tile_ctrl/dma_wr_addr_reg[38]/SCD
          Clock: (R) clk

                     Capture       Launch     
        Clock Edge:+   10000            0     
       Src Latency:+       0            0     
       Net Latency:+       0 (I)        0 (I) 
           Arrival:=   10000            0     
                                              
             Setup:-     226                  
       Uncertainty:-     200                  
     Required Time:=    9574                  
      Launch Clock:-       0                  
         Data Path:-    6799                  
             Slack:=    2775                  

#--------------------------------------------------------------------------------------------------------------------------------------------------------
#                       Timing Point                         Flags     Arc     Edge            Cell             Fanout Load Trans Delay Arrival Instance 
#                                                                                                                      (fF)  (ps)  (ps)   (ps)  Location 
#--------------------------------------------------------------------------------------------------------------------------------------------------------
  u_tile_ctrl/q_idx_reg[1]/CLK                               -       -         R     (arrival)                    1242    -   100     0       0    (-,-) 
  u_tile_ctrl/q_idx_reg[1]/Q                                 -       CLK->Q    R     sky130_fd_sc_hs__dfrbp_1       17 51.4   401   488     488    (-,-) 
  u_tile_ctrl/drc_buf_sp10581/X                              -       A->X      R     sky130_fd_sc_hs__clkbuf_1      17 51.7   356   339     827    (-,-) 
  u_tile_ctrl/csa_tree_mul_121_78_g10287/Y                   -       A->Y      F     sky130_fd_sc_hs__nand2_1        2  8.6   112   116     943    (-,-) 
  u_tile_ctrl/csa_tree_mul_121_78_g10159/Y                   -       A->Y      R     sky130_fd_sc_hs__xnor2_1        3  9.1   179   195    1138    (-,-) 
  u_tile_ctrl/csa_tree_mul_121_78_g10151/Y                   -       A2_N->Y   R     sky130_fd_sc_hs__o2bb2ai_1      2 11.0   196   153    1291    (-,-) 
  u_tile_ctrl/WALLACE_CSA_DUMMY_OP16_groupi_g5686__6783/SUM  -       CIN->SUM  F     sky130_fd_sc_hs__fa_1           1 10.5    71   296    1588    (-,-) 
  u_tile_ctrl/WALLACE_CSA_DUMMY_OP16_groupi_g5605__5122/COUT -       A->COUT   F     sky130_fd_sc_hs__fa_1           1  8.1    68   269    1856    (-,-) 
  u_tile_ctrl/WALLACE_CSA_DUMMY_OP16_groupi_g5604__1705/COUT -       CIN->COUT F     sky130_fd_sc_hs__fa_1           1  8.1    68   226    2083    (-,-) 
  u_tile_ctrl/WALLACE_CSA_DUMMY_OP16_groupi_g5603__2802/COUT -       CIN->COUT F     sky130_fd_sc_hs__fa_1           1  8.1    68   226    2309    (-,-) 
  u_tile_ctrl/WALLACE_CSA_DUMMY_OP16_groupi_g5602__1617/COUT -       CIN->COUT F     sky130_fd_sc_hs__fa_1           1  8.1    68   226    2536    (-,-) 
  u_tile_ctrl/WALLACE_CSA_DUMMY_OP16_groupi_g5601__3680/COUT -       CIN->COUT F     sky130_fd_sc_hs__fa_1           2  7.9    67   225    2761    (-,-) 
  u_tile_ctrl/WALLACE_CSA_DUMMY_OP16_groupi_g5600__6783/Y    -       B->Y      R     sky130_fd_sc_hs__nand2b_1       2  6.4    76    87    2848    (-,-) 
  u_tile_ctrl/WALLACE_CSA_DUMMY_OP16_groupi_g5597__4319/Y    -       A2->Y     F     sky130_fd_sc_hs__o221ai_1       1  8.1   118   126    2974    (-,-) 
  u_tile_ctrl/WALLACE_CSA_DUMMY_OP16_groupi_g5595__5107/COUT -       CIN->COUT F     sky130_fd_sc_hs__fa_1           1  8.1    68   243    3217    (-,-) 
  u_tile_ctrl/WALLACE_CSA_DUMMY_OP16_groupi_g5594__2398/COUT -       CIN->COUT F     sky130_fd_sc_hs__fa_1           1  8.1    68   226    3444    (-,-) 
  u_tile_ctrl/WALLACE_CSA_DUMMY_OP16_groupi_g5593__5477/COUT -       CIN->COUT F     sky130_fd_sc_hs__fa_1           1  8.1    68   226    3670    (-,-) 
  u_tile_ctrl/WALLACE_CSA_DUMMY_OP16_groupi_g5592__6417/COUT -       CIN->COUT F     sky130_fd_sc_hs__fa_1           1  8.1    68   226    3896    (-,-) 
  u_tile_ctrl/WALLACE_CSA_DUMMY_OP16_groupi_g5591__7410/COUT -       CIN->COUT F     sky130_fd_sc_hs__fa_1           1  8.1    68   226    4123    (-,-) 
  u_tile_ctrl/WALLACE_CSA_DUMMY_OP16_groupi_g5590__1666/COUT -       CIN->COUT F     sky130_fd_sc_hs__fa_1           2  7.5    64   223    4346    (-,-) 
  u_tile_ctrl/WALLACE_CSA_DUMMY_OP16_groupi_g5589__2346/Y    -       B_N->Y    F     sky130_fd_sc_hs__nor2b_1        2  6.0    43    98    4444    (-,-) 
  u_tile_ctrl/WALLACE_CSA_DUMMY_OP16_groupi_g5586__9315/Y    -       B->Y      R     sky130_fd_sc_hs__nand2b_1       2  5.7    69    74    4518    (-,-) 
  u_tile_ctrl/WALLACE_CSA_DUMMY_OP16_groupi_g5583__7482/Y    -       C->Y      F     sky130_fd_sc_hs__nor3_1         1  3.1    52    40    4558    (-,-) 
  u_tile_ctrl/WALLACE_CSA_DUMMY_OP16_groupi_g5580__6131/Y    -       B->Y      R     sky130_fd_sc_hs__nor3b_1        3 10.9   284   249    4808    (-,-) 
  u_tile_ctrl/WALLACE_CSA_DUMMY_OP16_groupi_g5579__7098/X    -       C->X      R     sky130_fd_sc_hs__or3_1          2  5.5    54   124    4932    (-,-) 
  u_tile_ctrl/WALLACE_CSA_DUMMY_OP16_groupi_g5571__5526/Y    -       A3->Y     F     sky130_fd_sc_hs__o311ai_1       2  7.9   105    92    5023    (-,-) 
  u_tile_ctrl/WALLACE_CSA_DUMMY_OP16_groupi_g5570__8428/Y    -       B->Y      R     sky130_fd_sc_hs__nand2b_1       2  6.1    78   100    5123    (-,-) 
  u_tile_ctrl/WALLACE_CSA_DUMMY_OP16_groupi_g5566__2398/Y    -       A2->Y     F     sky130_fd_sc_hs__o221ai_1       1  8.1   118   126    5249    (-,-) 
  u_tile_ctrl/WALLACE_CSA_DUMMY_OP16_groupi_g5564__6417/COUT -       CIN->COUT F     sky130_fd_sc_hs__fa_1           1  8.1    68   243    5492    (-,-) 
  u_tile_ctrl/WALLACE_CSA_DUMMY_OP16_groupi_g5563__7410/COUT -       CIN->COUT F     sky130_fd_sc_hs__fa_1           2  7.9    67   225    5718    (-,-) 
  u_tile_ctrl/WALLACE_CSA_DUMMY_OP16_groupi_g5562__1666/Y    -       B->Y      R     sky130_fd_sc_hs__nand2b_1       2  6.1    74    86    5803    (-,-) 
  u_tile_ctrl/WALLACE_CSA_DUMMY_OP16_groupi_g5559__9945/Y    -       A2->Y     F     sky130_fd_sc_hs__o221ai_1       1  8.1   118   125    5928    (-,-) 
  u_tile_ctrl/WALLACE_CSA_DUMMY_OP16_groupi_g5557__6161/COUT -       CIN->COUT F     sky130_fd_sc_hs__fa_1           1  8.1    68   243    6172    (-,-) 
  u_tile_ctrl/WALLACE_CSA_DUMMY_OP16_groupi_g5556__4733/COUT -       CIN->COUT F     sky130_fd_sc_hs__fa_1           2  7.9    67   225    6397    (-,-) 
  u_tile_ctrl/WALLACE_CSA_DUMMY_OP16_groupi_g5555__7482/Y    -       B->Y      R     sky130_fd_sc_hs__nand2b_1       2  6.0    73    85    6482    (-,-) 
  u_tile_ctrl/WALLACE_CSA_DUMMY_OP16_groupi_g5552__6131/Y    -       B->Y      F     sky130_fd_sc_hs__nor2_1         2  5.8    49    47    6529    (-,-) 
  u_tile_ctrl/WALLACE_CSA_DUMMY_OP16_groupi_g5551__7098/Y    -       C_N->Y    F     sky130_fd_sc_hs__nor3b_1        2  6.3    59    94    6622    (-,-) 
  u_tile_ctrl/WALLACE_CSA_DUMMY_OP16_groupi_g5548__1705/Y    -       B->Y      R     sky130_fd_sc_hs__nor2_1         3  8.5   131   119    6741    (-,-) 
  u_tile_ctrl/WALLACE_CSA_DUMMY_OP16_groupi_g5543__5526/Y    -       B2->Y     F     sky130_fd_sc_hs__o2bb2ai_1      1  2.4    40    54    6795    (-,-) 
  u_tile_ctrl/dma_wr_addr_reg[38]/SCD                        -       -         F     sky130_fd_sc_hs__sdfxtp_1       1    -     -     4    6799    (-,-) 
#--------------------------------------------------------------------------------------------------------------------------------------------------------



Path 46: MET (2787 ps) Setup Check with Pin u_tile_ctrl/dma_rd_addr_reg[45]/CLK->D
          Group: clk
     Startpoint: (R) u_tile_ctrl/q_idx_reg[1]/CLK
          Clock: (R) clk
       Endpoint: (F) u_tile_ctrl/dma_rd_addr_reg[45]/D
          Clock: (R) clk

                     Capture       Launch     
        Clock Edge:+   10000            0     
       Src Latency:+       0            0     
       Net Latency:+       0 (I)        0 (I) 
           Arrival:=   10000            0     
                                              
             Setup:-     172                  
       Uncertainty:-     200                  
     Required Time:=    9628                  
      Launch Clock:-       0                  
         Data Path:-    6841                  
             Slack:=    2787                  

#------------------------------------------------------------------------------------------------------------------------------------------------
#                   Timing Point                     Flags     Arc     Edge            Cell             Fanout Load Trans Delay Arrival Instance 
#                                                                                                              (fF)  (ps)  (ps)   (ps)  Location 
#------------------------------------------------------------------------------------------------------------------------------------------------
  u_tile_ctrl/q_idx_reg[1]/CLK                       -       -         R     (arrival)                    1242    -   100     0       0    (-,-) 
  u_tile_ctrl/q_idx_reg[1]/Q                         -       CLK->Q    R     sky130_fd_sc_hs__dfrbp_1       17 51.4   401   488     488    (-,-) 
  u_tile_ctrl/drc_buf_sp10581/X                      -       A->X      R     sky130_fd_sc_hs__clkbuf_1      17 51.7   356   339     827    (-,-) 
  u_tile_ctrl/csa_tree_mul_121_78_g10328/Y           -       B->Y      F     sky130_fd_sc_hs__nand2_1        1 10.2   107   121     947    (-,-) 
  u_tile_ctrl/csa_tree_mul_121_78_g10120/SUM         -       B->SUM    R     sky130_fd_sc_hs__fa_1           1  8.1    73   348    1295    (-,-) 
  u_tile_ctrl/g10655/SUM                             -       CIN->SUM  F     sky130_fd_sc_hs__fa_1           2  8.0    62   268    1564    (-,-) 
  u_tile_ctrl/csa_tree_mul_121_78_g10038/SUM         -       B->SUM    F     sky130_fd_sc_hs__ha_1           2  6.1    42   151    1715    (-,-) 
  u_tile_ctrl/csa_tree_mul_121_78_g10003/Y           -       A2_N->Y   F     sky130_fd_sc_hs__o2bb2ai_1      2 11.0    85   139    1854    (-,-) 
  u_tile_ctrl/g8037__2346/X                          -       A1->X     F     sky130_fd_sc_hs__a22o_1         1  8.1    53   191    2045    (-,-) 
  u_tile_ctrl/g10654/SUM                             -       CIN->SUM  R     sky130_fd_sc_hs__fa_1           2  6.3    61   284    2330    (-,-) 
  u_tile_ctrl/WALLACE_CSA_DUMMY_OP_groupi_g7103/Y    -       B->Y      F     sky130_fd_sc_hs__nor2_1         3  9.4    43    57    2387    (-,-) 
  u_tile_ctrl/WALLACE_CSA_DUMMY_OP_groupi_g7041/Y    -       A2->Y     R     sky130_fd_sc_hs__o21ai_1        1  3.2    96    98    2486    (-,-) 
  u_tile_ctrl/WALLACE_CSA_DUMMY_OP_groupi_g7013/Y    -       B1->Y     F     sky130_fd_sc_hs__a21oi_1        3  8.8    67    68    2553    (-,-) 
  u_tile_ctrl/WALLACE_CSA_DUMMY_OP_groupi_g2/X       -       A2->X     F     sky130_fd_sc_hs__o21a_1         3  9.3    52   158    2712    (-,-) 
  u_tile_ctrl/WALLACE_CSA_DUMMY_OP_groupi_g7006/Y    -       A2->Y     R     sky130_fd_sc_hs__o21ai_1        1  8.1   162   150    2861    (-,-) 
  u_tile_ctrl/WALLACE_CSA_DUMMY_OP_groupi_g7005/COUT -       CIN->COUT R     sky130_fd_sc_hs__fa_1           1  8.1    68   169    3031    (-,-) 
  u_tile_ctrl/WALLACE_CSA_DUMMY_OP_groupi_g7004/COUT -       CIN->COUT R     sky130_fd_sc_hs__fa_1           1  8.1    66   147    3178    (-,-) 
  u_tile_ctrl/WALLACE_CSA_DUMMY_OP_groupi_g7003/COUT -       CIN->COUT R     sky130_fd_sc_hs__fa_1           1  8.1    66   146    3324    (-,-) 
  u_tile_ctrl/WALLACE_CSA_DUMMY_OP_groupi_g7002/COUT -       CIN->COUT R     sky130_fd_sc_hs__fa_1           3 11.1    83   161    3485    (-,-) 
  u_tile_ctrl/WALLACE_CSA_DUMMY_OP_groupi_g7001/Y    -       A->Y      F     sky130_fd_sc_hs__nand2_1        2  5.7    47    60    3545    (-,-) 
  u_tile_ctrl/WALLACE_CSA_DUMMY_OP_groupi_g6997/Y    -       C->Y      R     sky130_fd_sc_hs__nor3_1         1  3.2   124   102    3647    (-,-) 
  u_tile_ctrl/WALLACE_CSA_DUMMY_OP_groupi_g6993/Y    -       B->Y      F     sky130_fd_sc_hs__nor2_1         4 12.0    61    84    3730    (-,-) 
  u_tile_ctrl/WALLACE_CSA_DUMMY_OP_groupi_g6992/X    -       C->X      F     sky130_fd_sc_hs__or3_1          2  5.5    46   156    3886    (-,-) 
  u_tile_ctrl/WALLACE_CSA_DUMMY_OP_groupi_g6984/Y    -       A3->Y     R     sky130_fd_sc_hs__o311ai_1       2  8.1   284   239    4125    (-,-) 
  u_tile_ctrl/WALLACE_CSA_DUMMY_OP_groupi_g6983/Y    -       A->Y      F     sky130_fd_sc_hs__nand2_1        2  6.1    83    88    4213    (-,-) 
  u_tile_ctrl/WALLACE_CSA_DUMMY_OP_groupi_g6979/Y    -       A2->Y     R     sky130_fd_sc_hs__o221ai_1       1  8.1   219   198    4411    (-,-) 
  u_tile_ctrl/WALLACE_CSA_DUMMY_OP_groupi_g6977/COUT -       CIN->COUT R     sky130_fd_sc_hs__fa_1           1  8.1    69   179    4590    (-,-) 
  u_tile_ctrl/WALLACE_CSA_DUMMY_OP_groupi_g6976/COUT -       CIN->COUT R     sky130_fd_sc_hs__fa_1           2  7.9    65   146    4736    (-,-) 
  u_tile_ctrl/WALLACE_CSA_DUMMY_OP_groupi_g6975/Y    -       B->Y      F     sky130_fd_sc_hs__nand2b_1       2  6.1    47    60    4796    (-,-) 
  u_tile_ctrl/WALLACE_CSA_DUMMY_OP_groupi_g6972/Y    -       A2->Y     R     sky130_fd_sc_hs__o221ai_1       1  8.1   219   186    4982    (-,-) 
  u_tile_ctrl/WALLACE_CSA_DUMMY_OP_groupi_g6970/COUT -       CIN->COUT R     sky130_fd_sc_hs__fa_1           1  8.1    69   179    5161    (-,-) 
  u_tile_ctrl/WALLACE_CSA_DUMMY_OP_groupi_g6969/COUT -       CIN->COUT R     sky130_fd_sc_hs__fa_1           2  7.5    62   144    5304    (-,-) 
  u_tile_ctrl/WALLACE_CSA_DUMMY_OP_groupi_g6968/Y    -       B_N->Y    R     sky130_fd_sc_hs__nor2b_1        2  6.0   117   135    5440    (-,-) 
  u_tile_ctrl/WALLACE_CSA_DUMMY_OP_groupi_g6965/Y    -       B->Y      F     sky130_fd_sc_hs__nand2b_1       2  5.5    50    65    5504    (-,-) 
  u_tile_ctrl/WALLACE_CSA_DUMMY_OP_groupi_g6960/Y    -       A3->Y     R     sky130_fd_sc_hs__o311ai_1       2  7.9   280   237    5741    (-,-) 
  u_tile_ctrl/WALLACE_CSA_DUMMY_OP_groupi_g6959/Y    -       B->Y      F     sky130_fd_sc_hs__nand2b_1       2  6.0    75    81    5822    (-,-) 
  u_tile_ctrl/WALLACE_CSA_DUMMY_OP_groupi_g6955/Y    -       B->Y      R     sky130_fd_sc_hs__nor2_1         2  6.4   108   105    5927    (-,-) 
  u_tile_ctrl/WALLACE_CSA_DUMMY_OP_groupi_g6954/Y    -       A->Y      F     sky130_fd_sc_hs__clkinv_1       1  3.0    38    54    5981    (-,-) 
  u_tile_ctrl/WALLACE_CSA_DUMMY_OP_groupi_g6949/Y    -       A3->Y     R     sky130_fd_sc_hs__o311ai_1       2  8.0   282   237    6218    (-,-) 
  u_tile_ctrl/g10645/Y                               -       B->Y      F     sky130_fd_sc_hs__nand2_1        3  9.1    92   108    6327    (-,-) 
  u_tile_ctrl/g10382/Y                               -       A->Y      R     sky130_fd_sc_hs__nor2b_1        1  4.7   102   120    6446    (-,-) 
  u_tile_ctrl/g10375/COUT                            -       B->COUT   R     sky130_fd_sc_hs__ha_1           2  8.0    70   137    6583    (-,-) 
  u_tile_ctrl/g10381/Y                               -       A->Y      F     sky130_fd_sc_hs__nor2b_1        4 12.2    54    71    6654    (-,-) 
  u_tile_ctrl/WALLACE_CSA_DUMMY_OP_groupi_g6937/Y    -       A2->Y     R     sky130_fd_sc_hs__o21ai_1        2  6.1   135   130    6785    (-,-) 
  u_tile_ctrl/WALLACE_CSA_DUMMY_OP_groupi_g6936/Y    -       B2->Y     F     sky130_fd_sc_hs__o2bb2ai_1      1  2.2    35    53    6837    (-,-) 
  u_tile_ctrl/dma_rd_addr_reg[45]/D                  -       -         F     sky130_fd_sc_hs__sdfxtp_1       1    -     -     4    6841    (-,-) 
#------------------------------------------------------------------------------------------------------------------------------------------------



Path 47: MET (2864 ps) Setup Check with Pin u_tile_ctrl/dma_wr_addr_reg[36]/CLK->SCD
          Group: clk
     Startpoint: (R) u_tile_ctrl/q_idx_reg[1]/CLK
          Clock: (R) clk
       Endpoint: (F) u_tile_ctrl/dma_wr_addr_reg[36]/SCD
          Clock: (R) clk

                     Capture       Launch     
        Clock Edge:+   10000            0     
       Src Latency:+       0            0     
       Net Latency:+       0 (I)        0 (I) 
           Arrival:=   10000            0     
                                              
             Setup:-     226                  
       Uncertainty:-     200                  
     Required Time:=    9574                  
      Launch Clock:-       0                  
         Data Path:-    6710                  
             Slack:=    2864                  

#--------------------------------------------------------------------------------------------------------------------------------------------------------
#                       Timing Point                         Flags     Arc     Edge            Cell             Fanout Load Trans Delay Arrival Instance 
#                                                                                                                      (fF)  (ps)  (ps)   (ps)  Location 
#--------------------------------------------------------------------------------------------------------------------------------------------------------
  u_tile_ctrl/q_idx_reg[1]/CLK                               -       -         R     (arrival)                    1242    -   100     0       0    (-,-) 
  u_tile_ctrl/q_idx_reg[1]/Q                                 -       CLK->Q    R     sky130_fd_sc_hs__dfrbp_1       17 51.4   401   488     488    (-,-) 
  u_tile_ctrl/drc_buf_sp10581/X                              -       A->X      R     sky130_fd_sc_hs__clkbuf_1      17 51.7   356   339     827    (-,-) 
  u_tile_ctrl/csa_tree_mul_121_78_g10287/Y                   -       A->Y      F     sky130_fd_sc_hs__nand2_1        2  8.6   112   116     943    (-,-) 
  u_tile_ctrl/csa_tree_mul_121_78_g10159/Y                   -       A->Y      R     sky130_fd_sc_hs__xnor2_1        3  9.1   179   195    1138    (-,-) 
  u_tile_ctrl/csa_tree_mul_121_78_g10151/Y                   -       A2_N->Y   R     sky130_fd_sc_hs__o2bb2ai_1      2 11.0   196   153    1291    (-,-) 
  u_tile_ctrl/WALLACE_CSA_DUMMY_OP16_groupi_g5686__6783/SUM  -       CIN->SUM  F     sky130_fd_sc_hs__fa_1           1 10.5    71   296    1588    (-,-) 
  u_tile_ctrl/WALLACE_CSA_DUMMY_OP16_groupi_g5605__5122/COUT -       A->COUT   F     sky130_fd_sc_hs__fa_1           1  8.1    68   269    1856    (-,-) 
  u_tile_ctrl/WALLACE_CSA_DUMMY_OP16_groupi_g5604__1705/COUT -       CIN->COUT F     sky130_fd_sc_hs__fa_1           1  8.1    68   226    2083    (-,-) 
  u_tile_ctrl/WALLACE_CSA_DUMMY_OP16_groupi_g5603__2802/COUT -       CIN->COUT F     sky130_fd_sc_hs__fa_1           1  8.1    68   226    2309    (-,-) 
  u_tile_ctrl/WALLACE_CSA_DUMMY_OP16_groupi_g5602__1617/COUT -       CIN->COUT F     sky130_fd_sc_hs__fa_1           1  8.1    68   226    2536    (-,-) 
  u_tile_ctrl/WALLACE_CSA_DUMMY_OP16_groupi_g5601__3680/COUT -       CIN->COUT F     sky130_fd_sc_hs__fa_1           2  7.9    67   225    2761    (-,-) 
  u_tile_ctrl/WALLACE_CSA_DUMMY_OP16_groupi_g5600__6783/Y    -       B->Y      R     sky130_fd_sc_hs__nand2b_1       2  6.4    76    87    2848    (-,-) 
  u_tile_ctrl/WALLACE_CSA_DUMMY_OP16_groupi_g5597__4319/Y    -       A2->Y     F     sky130_fd_sc_hs__o221ai_1       1  8.1   118   126    2974    (-,-) 
  u_tile_ctrl/WALLACE_CSA_DUMMY_OP16_groupi_g5595__5107/COUT -       CIN->COUT F     sky130_fd_sc_hs__fa_1           1  8.1    68   243    3217    (-,-) 
  u_tile_ctrl/WALLACE_CSA_DUMMY_OP16_groupi_g5594__2398/COUT -       CIN->COUT F     sky130_fd_sc_hs__fa_1           1  8.1    68   226    3444    (-,-) 
  u_tile_ctrl/WALLACE_CSA_DUMMY_OP16_groupi_g5593__5477/COUT -       CIN->COUT F     sky130_fd_sc_hs__fa_1           1  8.1    68   226    3670    (-,-) 
  u_tile_ctrl/WALLACE_CSA_DUMMY_OP16_groupi_g5592__6417/COUT -       CIN->COUT F     sky130_fd_sc_hs__fa_1           1  8.1    68   226    3896    (-,-) 
  u_tile_ctrl/WALLACE_CSA_DUMMY_OP16_groupi_g5591__7410/COUT -       CIN->COUT F     sky130_fd_sc_hs__fa_1           1  8.1    68   226    4123    (-,-) 
  u_tile_ctrl/WALLACE_CSA_DUMMY_OP16_groupi_g5590__1666/COUT -       CIN->COUT F     sky130_fd_sc_hs__fa_1           2  7.5    64   223    4346    (-,-) 
  u_tile_ctrl/WALLACE_CSA_DUMMY_OP16_groupi_g5589__2346/Y    -       B_N->Y    F     sky130_fd_sc_hs__nor2b_1        2  6.0    43    98    4444    (-,-) 
  u_tile_ctrl/WALLACE_CSA_DUMMY_OP16_groupi_g5586__9315/Y    -       B->Y      R     sky130_fd_sc_hs__nand2b_1       2  5.7    69    74    4518    (-,-) 
  u_tile_ctrl/WALLACE_CSA_DUMMY_OP16_groupi_g5583__7482/Y    -       C->Y      F     sky130_fd_sc_hs__nor3_1         1  3.1    52    40    4558    (-,-) 
  u_tile_ctrl/WALLACE_CSA_DUMMY_OP16_groupi_g5580__6131/Y    -       B->Y      R     sky130_fd_sc_hs__nor3b_1        3 10.9   284   249    4808    (-,-) 
  u_tile_ctrl/WALLACE_CSA_DUMMY_OP16_groupi_g5579__7098/X    -       C->X      R     sky130_fd_sc_hs__or3_1          2  5.5    54   124    4932    (-,-) 
  u_tile_ctrl/WALLACE_CSA_DUMMY_OP16_groupi_g5571__5526/Y    -       A3->Y     F     sky130_fd_sc_hs__o311ai_1       2  7.9   105    92    5023    (-,-) 
  u_tile_ctrl/WALLACE_CSA_DUMMY_OP16_groupi_g5570__8428/Y    -       B->Y      R     sky130_fd_sc_hs__nand2b_1       2  6.1    78   100    5123    (-,-) 
  u_tile_ctrl/WALLACE_CSA_DUMMY_OP16_groupi_g5566__2398/Y    -       A2->Y     F     sky130_fd_sc_hs__o221ai_1       1  8.1   118   126    5249    (-,-) 
  u_tile_ctrl/WALLACE_CSA_DUMMY_OP16_groupi_g5564__6417/COUT -       CIN->COUT F     sky130_fd_sc_hs__fa_1           1  8.1    68   243    5492    (-,-) 
  u_tile_ctrl/WALLACE_CSA_DUMMY_OP16_groupi_g5563__7410/COUT -       CIN->COUT F     sky130_fd_sc_hs__fa_1           2  7.9    67   225    5718    (-,-) 
  u_tile_ctrl/WALLACE_CSA_DUMMY_OP16_groupi_g5562__1666/Y    -       B->Y      R     sky130_fd_sc_hs__nand2b_1       2  6.1    74    86    5803    (-,-) 
  u_tile_ctrl/WALLACE_CSA_DUMMY_OP16_groupi_g5559__9945/Y    -       A2->Y     F     sky130_fd_sc_hs__o221ai_1       1  8.1   118   125    5928    (-,-) 
  u_tile_ctrl/WALLACE_CSA_DUMMY_OP16_groupi_g5557__6161/COUT -       CIN->COUT F     sky130_fd_sc_hs__fa_1           1  8.1    68   243    6172    (-,-) 
  u_tile_ctrl/WALLACE_CSA_DUMMY_OP16_groupi_g5556__4733/COUT -       CIN->COUT F     sky130_fd_sc_hs__fa_1           2  7.9    67   225    6397    (-,-) 
  u_tile_ctrl/WALLACE_CSA_DUMMY_OP16_groupi_g5555__7482/Y    -       B->Y      R     sky130_fd_sc_hs__nand2b_1       2  6.0    73    85    6482    (-,-) 
  u_tile_ctrl/WALLACE_CSA_DUMMY_OP16_groupi_g5552__6131/Y    -       B->Y      F     sky130_fd_sc_hs__nor2_1         2  5.8    49    47    6529    (-,-) 
  u_tile_ctrl/WALLACE_CSA_DUMMY_OP16_groupi_g5550__8246/Y    -       B->Y      R     sky130_fd_sc_hs__nor2_1         3  9.3   140   123    6652    (-,-) 
  u_tile_ctrl/WALLACE_CSA_DUMMY_OP16_groupi_g5547__2802/Y    -       B2->Y     F     sky130_fd_sc_hs__o2bb2ai_1      1  2.4    40    54    6706    (-,-) 
  u_tile_ctrl/dma_wr_addr_reg[36]/SCD                        -       -         F     sky130_fd_sc_hs__sdfxtp_1       1    -     -     4    6710    (-,-) 
#--------------------------------------------------------------------------------------------------------------------------------------------------------



Path 48: MET (2866 ps) Setup Check with Pin u_tile_ctrl/dma_rd_addr_reg[44]/CLK->D
          Group: clk
     Startpoint: (R) u_tile_ctrl/q_idx_reg[1]/CLK
          Clock: (R) clk
       Endpoint: (F) u_tile_ctrl/dma_rd_addr_reg[44]/D
          Clock: (R) clk

                     Capture       Launch     
        Clock Edge:+   10000            0     
       Src Latency:+       0            0     
       Net Latency:+       0 (I)        0 (I) 
           Arrival:=   10000            0     
                                              
             Setup:-     174                  
       Uncertainty:-     200                  
     Required Time:=    9626                  
      Launch Clock:-       0                  
         Data Path:-    6760                  
             Slack:=    2866                  

#------------------------------------------------------------------------------------------------------------------------------------------------
#                   Timing Point                     Flags     Arc     Edge            Cell             Fanout Load Trans Delay Arrival Instance 
#                                                                                                              (fF)  (ps)  (ps)   (ps)  Location 
#------------------------------------------------------------------------------------------------------------------------------------------------
  u_tile_ctrl/q_idx_reg[1]/CLK                       -       -         R     (arrival)                    1242    -   100     0       0    (-,-) 
  u_tile_ctrl/q_idx_reg[1]/Q                         -       CLK->Q    R     sky130_fd_sc_hs__dfrbp_1       17 51.4   401   488     488    (-,-) 
  u_tile_ctrl/drc_buf_sp10581/X                      -       A->X      R     sky130_fd_sc_hs__clkbuf_1      17 51.7   356   339     827    (-,-) 
  u_tile_ctrl/csa_tree_mul_121_78_g10328/Y           -       B->Y      F     sky130_fd_sc_hs__nand2_1        1 10.2   107   121     947    (-,-) 
  u_tile_ctrl/csa_tree_mul_121_78_g10120/SUM         -       B->SUM    R     sky130_fd_sc_hs__fa_1           1  8.1    73   348    1295    (-,-) 
  u_tile_ctrl/g10655/SUM                             -       CIN->SUM  F     sky130_fd_sc_hs__fa_1           2  8.0    62   268    1564    (-,-) 
  u_tile_ctrl/csa_tree_mul_121_78_g10038/SUM         -       B->SUM    F     sky130_fd_sc_hs__ha_1           2  6.1    42   151    1715    (-,-) 
  u_tile_ctrl/csa_tree_mul_121_78_g10003/Y           -       A2_N->Y   F     sky130_fd_sc_hs__o2bb2ai_1      2 11.0    85   139    1854    (-,-) 
  u_tile_ctrl/g8037__2346/X                          -       A1->X     F     sky130_fd_sc_hs__a22o_1         1  8.1    53   191    2045    (-,-) 
  u_tile_ctrl/g10654/SUM                             -       CIN->SUM  R     sky130_fd_sc_hs__fa_1           2  6.3    61   284    2330    (-,-) 
  u_tile_ctrl/WALLACE_CSA_DUMMY_OP_groupi_g7103/Y    -       B->Y      F     sky130_fd_sc_hs__nor2_1         3  9.4    43    57    2387    (-,-) 
  u_tile_ctrl/WALLACE_CSA_DUMMY_OP_groupi_g7041/Y    -       A2->Y     R     sky130_fd_sc_hs__o21ai_1        1  3.2    96    98    2486    (-,-) 
  u_tile_ctrl/WALLACE_CSA_DUMMY_OP_groupi_g7013/Y    -       B1->Y     F     sky130_fd_sc_hs__a21oi_1        3  8.8    67    68    2553    (-,-) 
  u_tile_ctrl/WALLACE_CSA_DUMMY_OP_groupi_g2/X       -       A2->X     F     sky130_fd_sc_hs__o21a_1         3  9.3    52   158    2712    (-,-) 
  u_tile_ctrl/WALLACE_CSA_DUMMY_OP_groupi_g7006/Y    -       A2->Y     R     sky130_fd_sc_hs__o21ai_1        1  8.1   162   150    2861    (-,-) 
  u_tile_ctrl/WALLACE_CSA_DUMMY_OP_groupi_g7005/COUT -       CIN->COUT R     sky130_fd_sc_hs__fa_1           1  8.1    68   169    3031    (-,-) 
  u_tile_ctrl/WALLACE_CSA_DUMMY_OP_groupi_g7004/COUT -       CIN->COUT R     sky130_fd_sc_hs__fa_1           1  8.1    66   147    3178    (-,-) 
  u_tile_ctrl/WALLACE_CSA_DUMMY_OP_groupi_g7003/COUT -       CIN->COUT R     sky130_fd_sc_hs__fa_1           1  8.1    66   146    3324    (-,-) 
  u_tile_ctrl/WALLACE_CSA_DUMMY_OP_groupi_g7002/COUT -       CIN->COUT R     sky130_fd_sc_hs__fa_1           3 11.1    83   161    3485    (-,-) 
  u_tile_ctrl/WALLACE_CSA_DUMMY_OP_groupi_g7001/Y    -       A->Y      F     sky130_fd_sc_hs__nand2_1        2  5.7    47    60    3545    (-,-) 
  u_tile_ctrl/WALLACE_CSA_DUMMY_OP_groupi_g6997/Y    -       C->Y      R     sky130_fd_sc_hs__nor3_1         1  3.2   124   102    3647    (-,-) 
  u_tile_ctrl/WALLACE_CSA_DUMMY_OP_groupi_g6993/Y    -       B->Y      F     sky130_fd_sc_hs__nor2_1         4 12.0    61    84    3730    (-,-) 
  u_tile_ctrl/WALLACE_CSA_DUMMY_OP_groupi_g6992/X    -       C->X      F     sky130_fd_sc_hs__or3_1          2  5.5    46   156    3886    (-,-) 
  u_tile_ctrl/WALLACE_CSA_DUMMY_OP_groupi_g6984/Y    -       A3->Y     R     sky130_fd_sc_hs__o311ai_1       2  8.1   284   239    4125    (-,-) 
  u_tile_ctrl/WALLACE_CSA_DUMMY_OP_groupi_g6983/Y    -       A->Y      F     sky130_fd_sc_hs__nand2_1        2  6.1    83    88    4213    (-,-) 
  u_tile_ctrl/WALLACE_CSA_DUMMY_OP_groupi_g6979/Y    -       A2->Y     R     sky130_fd_sc_hs__o221ai_1       1  8.1   219   198    4411    (-,-) 
  u_tile_ctrl/WALLACE_CSA_DUMMY_OP_groupi_g6977/COUT -       CIN->COUT R     sky130_fd_sc_hs__fa_1           1  8.1    69   179    4590    (-,-) 
  u_tile_ctrl/WALLACE_CSA_DUMMY_OP_groupi_g6976/COUT -       CIN->COUT R     sky130_fd_sc_hs__fa_1           2  7.9    65   146    4736    (-,-) 
  u_tile_ctrl/WALLACE_CSA_DUMMY_OP_groupi_g6975/Y    -       B->Y      F     sky130_fd_sc_hs__nand2b_1       2  6.1    47    60    4796    (-,-) 
  u_tile_ctrl/WALLACE_CSA_DUMMY_OP_groupi_g6972/Y    -       A2->Y     R     sky130_fd_sc_hs__o221ai_1       1  8.1   219   186    4982    (-,-) 
  u_tile_ctrl/WALLACE_CSA_DUMMY_OP_groupi_g6970/COUT -       CIN->COUT R     sky130_fd_sc_hs__fa_1           1  8.1    69   179    5161    (-,-) 
  u_tile_ctrl/WALLACE_CSA_DUMMY_OP_groupi_g6969/COUT -       CIN->COUT R     sky130_fd_sc_hs__fa_1           2  7.5    62   144    5304    (-,-) 
  u_tile_ctrl/WALLACE_CSA_DUMMY_OP_groupi_g6968/Y    -       B_N->Y    R     sky130_fd_sc_hs__nor2b_1        2  6.0   117   135    5440    (-,-) 
  u_tile_ctrl/WALLACE_CSA_DUMMY_OP_groupi_g6965/Y    -       B->Y      F     sky130_fd_sc_hs__nand2b_1       2  5.5    50    65    5504    (-,-) 
  u_tile_ctrl/WALLACE_CSA_DUMMY_OP_groupi_g6960/Y    -       A3->Y     R     sky130_fd_sc_hs__o311ai_1       2  7.9   280   237    5741    (-,-) 
  u_tile_ctrl/WALLACE_CSA_DUMMY_OP_groupi_g6959/Y    -       B->Y      F     sky130_fd_sc_hs__nand2b_1       2  6.0    75    81    5822    (-,-) 
  u_tile_ctrl/WALLACE_CSA_DUMMY_OP_groupi_g6955/Y    -       B->Y      R     sky130_fd_sc_hs__nor2_1         2  6.4   108   105    5927    (-,-) 
  u_tile_ctrl/WALLACE_CSA_DUMMY_OP_groupi_g6954/Y    -       A->Y      F     sky130_fd_sc_hs__clkinv_1       1  3.0    38    54    5981    (-,-) 
  u_tile_ctrl/WALLACE_CSA_DUMMY_OP_groupi_g6949/Y    -       A3->Y     R     sky130_fd_sc_hs__o311ai_1       2  8.0   282   237    6218    (-,-) 
  u_tile_ctrl/g10645/Y                               -       B->Y      F     sky130_fd_sc_hs__nand2_1        3  9.1    92   108    6327    (-,-) 
  u_tile_ctrl/g10382/Y                               -       A->Y      R     sky130_fd_sc_hs__nor2b_1        1  4.7   102   120    6446    (-,-) 
  u_tile_ctrl/g10375/COUT                            -       B->COUT   R     sky130_fd_sc_hs__ha_1           2  8.0    70   137    6583    (-,-) 
  u_tile_ctrl/g10381/Y                               -       A->Y      F     sky130_fd_sc_hs__nor2b_1        4 12.2    54    71    6654    (-,-) 
  u_tile_ctrl/WALLACE_CSA_DUMMY_OP_groupi_g6939/Y    -       A2_N->Y   F     sky130_fd_sc_hs__o2bb2ai_1      1  2.2    42   102    6756    (-,-) 
  u_tile_ctrl/dma_rd_addr_reg[44]/D                  -       -         F     sky130_fd_sc_hs__sdfxtp_1       1    -     -     4    6760    (-,-) 
#------------------------------------------------------------------------------------------------------------------------------------------------



Path 49: MET (2950 ps) Setup Check with Pin u_tile_ctrl/dma_wr_addr_reg[35]/CLK->SCD
          Group: clk
     Startpoint: (R) u_tile_ctrl/q_idx_reg[1]/CLK
          Clock: (R) clk
       Endpoint: (F) u_tile_ctrl/dma_wr_addr_reg[35]/SCD
          Clock: (R) clk

                     Capture       Launch     
        Clock Edge:+   10000            0     
       Src Latency:+       0            0     
       Net Latency:+       0 (I)        0 (I) 
           Arrival:=   10000            0     
                                              
             Setup:-     226                  
       Uncertainty:-     200                  
     Required Time:=    9574                  
      Launch Clock:-       0                  
         Data Path:-    6624                  
             Slack:=    2950                  

#--------------------------------------------------------------------------------------------------------------------------------------------------------
#                       Timing Point                         Flags     Arc     Edge            Cell             Fanout Load Trans Delay Arrival Instance 
#                                                                                                                      (fF)  (ps)  (ps)   (ps)  Location 
#--------------------------------------------------------------------------------------------------------------------------------------------------------
  u_tile_ctrl/q_idx_reg[1]/CLK                               -       -         R     (arrival)                    1242    -   100     0       0    (-,-) 
  u_tile_ctrl/q_idx_reg[1]/Q                                 -       CLK->Q    R     sky130_fd_sc_hs__dfrbp_1       17 51.4   401   488     488    (-,-) 
  u_tile_ctrl/drc_buf_sp10581/X                              -       A->X      R     sky130_fd_sc_hs__clkbuf_1      17 51.7   356   339     827    (-,-) 
  u_tile_ctrl/csa_tree_mul_121_78_g10287/Y                   -       A->Y      F     sky130_fd_sc_hs__nand2_1        2  8.6   112   116     943    (-,-) 
  u_tile_ctrl/csa_tree_mul_121_78_g10159/Y                   -       A->Y      R     sky130_fd_sc_hs__xnor2_1        3  9.1   179   195    1138    (-,-) 
  u_tile_ctrl/csa_tree_mul_121_78_g10151/Y                   -       A2_N->Y   R     sky130_fd_sc_hs__o2bb2ai_1      2 11.0   196   153    1291    (-,-) 
  u_tile_ctrl/WALLACE_CSA_DUMMY_OP16_groupi_g5686__6783/SUM  -       CIN->SUM  F     sky130_fd_sc_hs__fa_1           1 10.5    71   296    1588    (-,-) 
  u_tile_ctrl/WALLACE_CSA_DUMMY_OP16_groupi_g5605__5122/COUT -       A->COUT   F     sky130_fd_sc_hs__fa_1           1  8.1    68   269    1856    (-,-) 
  u_tile_ctrl/WALLACE_CSA_DUMMY_OP16_groupi_g5604__1705/COUT -       CIN->COUT F     sky130_fd_sc_hs__fa_1           1  8.1    68   226    2083    (-,-) 
  u_tile_ctrl/WALLACE_CSA_DUMMY_OP16_groupi_g5603__2802/COUT -       CIN->COUT F     sky130_fd_sc_hs__fa_1           1  8.1    68   226    2309    (-,-) 
  u_tile_ctrl/WALLACE_CSA_DUMMY_OP16_groupi_g5602__1617/COUT -       CIN->COUT F     sky130_fd_sc_hs__fa_1           1  8.1    68   226    2536    (-,-) 
  u_tile_ctrl/WALLACE_CSA_DUMMY_OP16_groupi_g5601__3680/COUT -       CIN->COUT F     sky130_fd_sc_hs__fa_1           2  7.9    67   225    2761    (-,-) 
  u_tile_ctrl/WALLACE_CSA_DUMMY_OP16_groupi_g5600__6783/Y    -       B->Y      R     sky130_fd_sc_hs__nand2b_1       2  6.4    76    87    2848    (-,-) 
  u_tile_ctrl/WALLACE_CSA_DUMMY_OP16_groupi_g5597__4319/Y    -       A2->Y     F     sky130_fd_sc_hs__o221ai_1       1  8.1   118   126    2974    (-,-) 
  u_tile_ctrl/WALLACE_CSA_DUMMY_OP16_groupi_g5595__5107/COUT -       CIN->COUT F     sky130_fd_sc_hs__fa_1           1  8.1    68   243    3217    (-,-) 
  u_tile_ctrl/WALLACE_CSA_DUMMY_OP16_groupi_g5594__2398/COUT -       CIN->COUT F     sky130_fd_sc_hs__fa_1           1  8.1    68   226    3444    (-,-) 
  u_tile_ctrl/WALLACE_CSA_DUMMY_OP16_groupi_g5593__5477/COUT -       CIN->COUT F     sky130_fd_sc_hs__fa_1           1  8.1    68   226    3670    (-,-) 
  u_tile_ctrl/WALLACE_CSA_DUMMY_OP16_groupi_g5592__6417/COUT -       CIN->COUT F     sky130_fd_sc_hs__fa_1           1  8.1    68   226    3896    (-,-) 
  u_tile_ctrl/WALLACE_CSA_DUMMY_OP16_groupi_g5591__7410/COUT -       CIN->COUT F     sky130_fd_sc_hs__fa_1           1  8.1    68   226    4123    (-,-) 
  u_tile_ctrl/WALLACE_CSA_DUMMY_OP16_groupi_g5590__1666/COUT -       CIN->COUT F     sky130_fd_sc_hs__fa_1           2  7.5    64   223    4346    (-,-) 
  u_tile_ctrl/WALLACE_CSA_DUMMY_OP16_groupi_g5589__2346/Y    -       B_N->Y    F     sky130_fd_sc_hs__nor2b_1        2  6.0    43    98    4444    (-,-) 
  u_tile_ctrl/WALLACE_CSA_DUMMY_OP16_groupi_g5586__9315/Y    -       B->Y      R     sky130_fd_sc_hs__nand2b_1       2  5.7    69    74    4518    (-,-) 
  u_tile_ctrl/WALLACE_CSA_DUMMY_OP16_groupi_g5583__7482/Y    -       C->Y      F     sky130_fd_sc_hs__nor3_1         1  3.1    52    40    4558    (-,-) 
  u_tile_ctrl/WALLACE_CSA_DUMMY_OP16_groupi_g5580__6131/Y    -       B->Y      R     sky130_fd_sc_hs__nor3b_1        3 10.9   284   249    4808    (-,-) 
  u_tile_ctrl/WALLACE_CSA_DUMMY_OP16_groupi_g5579__7098/X    -       C->X      R     sky130_fd_sc_hs__or3_1          2  5.5    54   124    4932    (-,-) 
  u_tile_ctrl/WALLACE_CSA_DUMMY_OP16_groupi_g5571__5526/Y    -       A3->Y     F     sky130_fd_sc_hs__o311ai_1       2  7.9   105    92    5023    (-,-) 
  u_tile_ctrl/WALLACE_CSA_DUMMY_OP16_groupi_g5570__8428/Y    -       B->Y      R     sky130_fd_sc_hs__nand2b_1       2  6.1    78   100    5123    (-,-) 
  u_tile_ctrl/WALLACE_CSA_DUMMY_OP16_groupi_g5566__2398/Y    -       A2->Y     F     sky130_fd_sc_hs__o221ai_1       1  8.1   118   126    5249    (-,-) 
  u_tile_ctrl/WALLACE_CSA_DUMMY_OP16_groupi_g5564__6417/COUT -       CIN->COUT F     sky130_fd_sc_hs__fa_1           1  8.1    68   243    5492    (-,-) 
  u_tile_ctrl/WALLACE_CSA_DUMMY_OP16_groupi_g5563__7410/COUT -       CIN->COUT F     sky130_fd_sc_hs__fa_1           2  7.9    67   225    5718    (-,-) 
  u_tile_ctrl/WALLACE_CSA_DUMMY_OP16_groupi_g5562__1666/Y    -       B->Y      R     sky130_fd_sc_hs__nand2b_1       2  6.1    74    86    5803    (-,-) 
  u_tile_ctrl/WALLACE_CSA_DUMMY_OP16_groupi_g5559__9945/Y    -       A2->Y     F     sky130_fd_sc_hs__o221ai_1       1  8.1   118   125    5928    (-,-) 
  u_tile_ctrl/WALLACE_CSA_DUMMY_OP16_groupi_g5557__6161/COUT -       CIN->COUT F     sky130_fd_sc_hs__fa_1           1  8.1    68   243    6172    (-,-) 
  u_tile_ctrl/WALLACE_CSA_DUMMY_OP16_groupi_g5556__4733/COUT -       CIN->COUT F     sky130_fd_sc_hs__fa_1           2  7.9    67   225    6397    (-,-) 
  u_tile_ctrl/WALLACE_CSA_DUMMY_OP16_groupi_g5555__7482/Y    -       B->Y      R     sky130_fd_sc_hs__nand2b_1       2  6.0    73    85    6482    (-,-) 
  u_tile_ctrl/WALLACE_CSA_DUMMY_OP16_groupi_g5553__1881/X    -       A->X      R     sky130_fd_sc_hs__and2_2         2  6.1    36    95    6577    (-,-) 
  u_tile_ctrl/WALLACE_CSA_DUMMY_OP16_groupi_g5549__5122/Y    -       B2->Y     F     sky130_fd_sc_hs__o2bb2ai_1      1  2.4    40    44    6620    (-,-) 
  u_tile_ctrl/dma_wr_addr_reg[35]/SCD                        -       -         F     sky130_fd_sc_hs__sdfxtp_1       1    -     -     4    6624    (-,-) 
#--------------------------------------------------------------------------------------------------------------------------------------------------------



Path 50: MET (2968 ps) Setup Check with Pin u_tile_ctrl/dma_rd_addr_reg[43]/CLK->D
          Group: clk
     Startpoint: (R) u_tile_ctrl/q_idx_reg[1]/CLK
          Clock: (R) clk
       Endpoint: (R) u_tile_ctrl/dma_rd_addr_reg[43]/D
          Clock: (R) clk

                     Capture       Launch     
        Clock Edge:+   10000            0     
       Src Latency:+       0            0     
       Net Latency:+       0 (I)        0 (I) 
           Arrival:=   10000            0     
                                              
             Setup:-     128                  
       Uncertainty:-     200                  
     Required Time:=    9672                  
      Launch Clock:-       0                  
         Data Path:-    6704                  
             Slack:=    2968                  

#------------------------------------------------------------------------------------------------------------------------------------------------
#                   Timing Point                     Flags     Arc     Edge            Cell             Fanout Load Trans Delay Arrival Instance 
#                                                                                                              (fF)  (ps)  (ps)   (ps)  Location 
#------------------------------------------------------------------------------------------------------------------------------------------------
  u_tile_ctrl/q_idx_reg[1]/CLK                       -       -         R     (arrival)                    1242    -   100     0       0    (-,-) 
  u_tile_ctrl/q_idx_reg[1]/Q                         -       CLK->Q    R     sky130_fd_sc_hs__dfrbp_1       17 51.4   401   488     488    (-,-) 
  u_tile_ctrl/drc_buf_sp10581/X                      -       A->X      R     sky130_fd_sc_hs__clkbuf_1      17 51.7   356   339     827    (-,-) 
  u_tile_ctrl/csa_tree_mul_121_78_g10328/Y           -       B->Y      F     sky130_fd_sc_hs__nand2_1        1 10.2   107   121     947    (-,-) 
  u_tile_ctrl/csa_tree_mul_121_78_g10120/SUM         -       B->SUM    R     sky130_fd_sc_hs__fa_1           1  8.1    73   348    1295    (-,-) 
  u_tile_ctrl/g10655/SUM                             -       CIN->SUM  F     sky130_fd_sc_hs__fa_1           2  8.0    62   268    1564    (-,-) 
  u_tile_ctrl/csa_tree_mul_121_78_g10038/SUM         -       B->SUM    F     sky130_fd_sc_hs__ha_1           2  6.1    42   151    1715    (-,-) 
  u_tile_ctrl/csa_tree_mul_121_78_g10003/Y           -       A2_N->Y   F     sky130_fd_sc_hs__o2bb2ai_1      2 11.0    85   139    1854    (-,-) 
  u_tile_ctrl/g8037__2346/X                          -       A1->X     F     sky130_fd_sc_hs__a22o_1         1  8.1    53   191    2045    (-,-) 
  u_tile_ctrl/g10654/SUM                             -       CIN->SUM  R     sky130_fd_sc_hs__fa_1           2  6.3    61   284    2330    (-,-) 
  u_tile_ctrl/WALLACE_CSA_DUMMY_OP_groupi_g7103/Y    -       B->Y      F     sky130_fd_sc_hs__nor2_1         3  9.4    43    57    2387    (-,-) 
  u_tile_ctrl/WALLACE_CSA_DUMMY_OP_groupi_g7041/Y    -       A2->Y     R     sky130_fd_sc_hs__o21ai_1        1  3.2    96    98    2486    (-,-) 
  u_tile_ctrl/WALLACE_CSA_DUMMY_OP_groupi_g7013/Y    -       B1->Y     F     sky130_fd_sc_hs__a21oi_1        3  8.8    67    68    2553    (-,-) 
  u_tile_ctrl/WALLACE_CSA_DUMMY_OP_groupi_g2/X       -       A2->X     F     sky130_fd_sc_hs__o21a_1         3  9.3    52   158    2712    (-,-) 
  u_tile_ctrl/WALLACE_CSA_DUMMY_OP_groupi_g7006/Y    -       A2->Y     R     sky130_fd_sc_hs__o21ai_1        1  8.1   162   150    2861    (-,-) 
  u_tile_ctrl/WALLACE_CSA_DUMMY_OP_groupi_g7005/COUT -       CIN->COUT R     sky130_fd_sc_hs__fa_1           1  8.1    68   169    3031    (-,-) 
  u_tile_ctrl/WALLACE_CSA_DUMMY_OP_groupi_g7004/COUT -       CIN->COUT R     sky130_fd_sc_hs__fa_1           1  8.1    66   147    3178    (-,-) 
  u_tile_ctrl/WALLACE_CSA_DUMMY_OP_groupi_g7003/COUT -       CIN->COUT R     sky130_fd_sc_hs__fa_1           1  8.1    66   146    3324    (-,-) 
  u_tile_ctrl/WALLACE_CSA_DUMMY_OP_groupi_g7002/COUT -       CIN->COUT R     sky130_fd_sc_hs__fa_1           3 11.1    83   161    3485    (-,-) 
  u_tile_ctrl/WALLACE_CSA_DUMMY_OP_groupi_g7001/Y    -       A->Y      F     sky130_fd_sc_hs__nand2_1        2  5.7    47    60    3545    (-,-) 
  u_tile_ctrl/WALLACE_CSA_DUMMY_OP_groupi_g6997/Y    -       C->Y      R     sky130_fd_sc_hs__nor3_1         1  3.2   124   102    3647    (-,-) 
  u_tile_ctrl/WALLACE_CSA_DUMMY_OP_groupi_g6993/Y    -       B->Y      F     sky130_fd_sc_hs__nor2_1         4 12.0    61    84    3730    (-,-) 
  u_tile_ctrl/WALLACE_CSA_DUMMY_OP_groupi_g6992/X    -       C->X      F     sky130_fd_sc_hs__or3_1          2  5.5    46   156    3886    (-,-) 
  u_tile_ctrl/WALLACE_CSA_DUMMY_OP_groupi_g6984/Y    -       A3->Y     R     sky130_fd_sc_hs__o311ai_1       2  8.1   284   239    4125    (-,-) 
  u_tile_ctrl/WALLACE_CSA_DUMMY_OP_groupi_g6983/Y    -       A->Y      F     sky130_fd_sc_hs__nand2_1        2  6.1    83    88    4213    (-,-) 
  u_tile_ctrl/WALLACE_CSA_DUMMY_OP_groupi_g6979/Y    -       A2->Y     R     sky130_fd_sc_hs__o221ai_1       1  8.1   219   198    4411    (-,-) 
  u_tile_ctrl/WALLACE_CSA_DUMMY_OP_groupi_g6977/COUT -       CIN->COUT R     sky130_fd_sc_hs__fa_1           1  8.1    69   179    4590    (-,-) 
  u_tile_ctrl/WALLACE_CSA_DUMMY_OP_groupi_g6976/COUT -       CIN->COUT R     sky130_fd_sc_hs__fa_1           2  7.9    65   146    4736    (-,-) 
  u_tile_ctrl/WALLACE_CSA_DUMMY_OP_groupi_g6975/Y    -       B->Y      F     sky130_fd_sc_hs__nand2b_1       2  6.1    47    60    4796    (-,-) 
  u_tile_ctrl/WALLACE_CSA_DUMMY_OP_groupi_g6972/Y    -       A2->Y     R     sky130_fd_sc_hs__o221ai_1       1  8.1   219   186    4982    (-,-) 
  u_tile_ctrl/WALLACE_CSA_DUMMY_OP_groupi_g6970/COUT -       CIN->COUT R     sky130_fd_sc_hs__fa_1           1  8.1    69   179    5161    (-,-) 
  u_tile_ctrl/WALLACE_CSA_DUMMY_OP_groupi_g6969/COUT -       CIN->COUT R     sky130_fd_sc_hs__fa_1           2  7.5    62   144    5304    (-,-) 
  u_tile_ctrl/WALLACE_CSA_DUMMY_OP_groupi_g6968/Y    -       B_N->Y    R     sky130_fd_sc_hs__nor2b_1        2  6.0   117   135    5440    (-,-) 
  u_tile_ctrl/WALLACE_CSA_DUMMY_OP_groupi_g6965/Y    -       B->Y      F     sky130_fd_sc_hs__nand2b_1       2  5.5    50    65    5504    (-,-) 
  u_tile_ctrl/WALLACE_CSA_DUMMY_OP_groupi_g6960/Y    -       A3->Y     R     sky130_fd_sc_hs__o311ai_1       2  7.9   280   237    5741    (-,-) 
  u_tile_ctrl/WALLACE_CSA_DUMMY_OP_groupi_g6959/Y    -       B->Y      F     sky130_fd_sc_hs__nand2b_1       2  6.0    75    81    5822    (-,-) 
  u_tile_ctrl/WALLACE_CSA_DUMMY_OP_groupi_g6955/Y    -       B->Y      R     sky130_fd_sc_hs__nor2_1         2  6.4   108   105    5927    (-,-) 
  u_tile_ctrl/WALLACE_CSA_DUMMY_OP_groupi_g6954/Y    -       A->Y      F     sky130_fd_sc_hs__clkinv_1       1  3.0    38    54    5981    (-,-) 
  u_tile_ctrl/WALLACE_CSA_DUMMY_OP_groupi_g6949/Y    -       A3->Y     R     sky130_fd_sc_hs__o311ai_1       2  8.0   282   237    6218    (-,-) 
  u_tile_ctrl/g10645/Y                               -       B->Y      F     sky130_fd_sc_hs__nand2_1        3  9.1    92   108    6327    (-,-) 
  u_tile_ctrl/g10382/Y                               -       A->Y      R     sky130_fd_sc_hs__nor2b_1        1  4.7   102   120    6446    (-,-) 
  u_tile_ctrl/g10375/COUT                            -       B->COUT   R     sky130_fd_sc_hs__ha_1           2  8.0    70   137    6583    (-,-) 
  u_tile_ctrl/WALLACE_CSA_DUMMY_OP_groupi_g6941/X    -       B->X      R     sky130_fd_sc_hs__xor2_1         1  2.2    85   117    6701    (-,-) 
  u_tile_ctrl/dma_rd_addr_reg[43]/D                  -       -         R     sky130_fd_sc_hs__sdfxtp_1       1    -     -     4    6704    (-,-) 
#------------------------------------------------------------------------------------------------------------------------------------------------

