============================================================
  Generated by:           Genus(TM) Synthesis Solution 25.12-s067_1
  Generated on:           Apr 20 2026  10:49:40 am
  Module:                 flash_attention_top
  Operating conditions:   typ (balanced_tree)
  Wireload mode:          top
  Area mode:              timing library
============================================================


Path 1: MET (1102 ps) Setup Check with Pin u_tile_ctrl/dma_rd_addr_reg[63]/CLK->D
          Group: clk
     Startpoint: (R) u_tile_ctrl/q_idx_reg[1]/CLK
          Clock: (R) clk
       Endpoint: (F) u_tile_ctrl/dma_rd_addr_reg[63]/D
          Clock: (R) clk

                     Capture       Launch     
        Clock Edge:+   10000            0     
       Src Latency:+       0            0     
       Net Latency:+       0 (I)        0 (I) 
           Arrival:=   10000            0     
                                              
             Setup:-     174                  
       Uncertainty:-     200                  
     Required Time:=    9626                  
      Launch Clock:-       0                  
         Data Path:-    8525                  
             Slack:=    1102                  

#---------------------------------------------------------------------------------------------------------------------------------------------------
#                     Timing Point                      Flags     Arc     Edge            Cell             Fanout Load Trans Delay Arrival Instance 
#                                                                                                                 (fF)  (ps)  (ps)   (ps)  Location 
#---------------------------------------------------------------------------------------------------------------------------------------------------
  u_tile_ctrl/q_idx_reg[1]/CLK                          -       -         R     (arrival)                    1242    -   100     0       0    (-,-) 
  u_tile_ctrl/q_idx_reg[1]/Q                            -       CLK->Q    R     sky130_fd_sc_hs__dfrbp_1       17 51.4   401   488     488    (-,-) 
  u_tile_ctrl/drc_buf_sp10581/X                         -       A->X      R     sky130_fd_sc_hs__clkbuf_1      17 51.7   356   339     827    (-,-) 
  u_tile_ctrl/csa_tree_mul_121_78_g10328/Y              -       B->Y      F     sky130_fd_sc_hs__nand2_1        1 10.2   107   121     947    (-,-) 
  u_tile_ctrl/csa_tree_mul_121_78_g10120/SUM            -       B->SUM    R     sky130_fd_sc_hs__fa_1           1  8.1    73   348    1295    (-,-) 
  u_tile_ctrl/g10655/SUM                                -       CIN->SUM  F     sky130_fd_sc_hs__fa_1           2  8.0    62   268    1564    (-,-) 
  u_tile_ctrl/csa_tree_mul_121_78_g10038/SUM            -       B->SUM    R     sky130_fd_sc_hs__ha_1           2  6.1    62   196    1760    (-,-) 
  u_tile_ctrl/csa_tree_mul_121_78_g10003/Y              -       A2_N->Y   R     sky130_fd_sc_hs__o2bb2ai_1      2 11.0   196   135    1895    (-,-) 
  u_tile_ctrl/g8037__2346/X                             -       A1->X     R     sky130_fd_sc_hs__a22o_1         1  8.1    74   169    2064    (-,-) 
  u_tile_ctrl/g10654/SUM                                -       CIN->SUM  F     sky130_fd_sc_hs__fa_1           2  6.3    54   259    2323    (-,-) 
  u_tile_ctrl/WALLACE_CSA_DUMMY_OP_groupi_g7103/Y       -       B->Y      R     sky130_fd_sc_hs__nor2_1         3  9.4   141   125    2449    (-,-) 
  u_tile_ctrl/WALLACE_CSA_DUMMY_OP_groupi_g7041/Y       -       A2->Y     F     sky130_fd_sc_hs__o21ai_1        1  3.2    43    61    2510    (-,-) 
  u_tile_ctrl/WALLACE_CSA_DUMMY_OP_groupi_g7013/Y       -       B1->Y     R     sky130_fd_sc_hs__a21oi_1        3  8.8   171   147    2657    (-,-) 
  u_tile_ctrl/WALLACE_CSA_DUMMY_OP_groupi_g2/X          -       A2->X     R     sky130_fd_sc_hs__o21a_1         3  9.3    83   140    2797    (-,-) 
  u_tile_ctrl/WALLACE_CSA_DUMMY_OP_groupi_g7006/Y       -       A2->Y     F     sky130_fd_sc_hs__o21ai_1        1  8.1    73    78    2875    (-,-) 
  u_tile_ctrl/WALLACE_CSA_DUMMY_OP_groupi_g7005/COUT    -       CIN->COUT F     sky130_fd_sc_hs__fa_1           1  8.1    68   228    3103    (-,-) 
  u_tile_ctrl/WALLACE_CSA_DUMMY_OP_groupi_g7004/COUT    -       CIN->COUT F     sky130_fd_sc_hs__fa_1           1  8.1    68   226    3329    (-,-) 
  u_tile_ctrl/WALLACE_CSA_DUMMY_OP_groupi_g7003/COUT    -       CIN->COUT F     sky130_fd_sc_hs__fa_1           1  8.1    68   226    3556    (-,-) 
  u_tile_ctrl/WALLACE_CSA_DUMMY_OP_groupi_g7002/COUT    -       CIN->COUT F     sky130_fd_sc_hs__fa_1           3 11.1    82   242    3797    (-,-) 
  u_tile_ctrl/WALLACE_CSA_DUMMY_OP_groupi_g7001/Y       -       A->Y      R     sky130_fd_sc_hs__nand2_1        2  5.7    54    69    3867    (-,-) 
  u_tile_ctrl/WALLACE_CSA_DUMMY_OP_groupi_g6997/Y       -       C->Y      F     sky130_fd_sc_hs__nor3_1         1  3.2    52    38    3905    (-,-) 
  u_tile_ctrl/WALLACE_CSA_DUMMY_OP_groupi_g6993/Y       -       B->Y      R     sky130_fd_sc_hs__nor2_1         4 12.0   173   149    4054    (-,-) 
  u_tile_ctrl/WALLACE_CSA_DUMMY_OP_groupi_g6992/X       -       C->X      R     sky130_fd_sc_hs__or3_1          2  5.5    52   114    4168    (-,-) 
  u_tile_ctrl/WALLACE_CSA_DUMMY_OP_groupi_g6984/Y       -       A3->Y     F     sky130_fd_sc_hs__o311ai_1       2  8.1   106    92    4260    (-,-) 
  u_tile_ctrl/WALLACE_CSA_DUMMY_OP_groupi_g6983/Y       -       A->Y      R     sky130_fd_sc_hs__nand2_1        2  6.1    60    79    4340    (-,-) 
  u_tile_ctrl/WALLACE_CSA_DUMMY_OP_groupi_g6979/Y       -       A2->Y     F     sky130_fd_sc_hs__o221ai_1       1  8.1   118   123    4463    (-,-) 
  u_tile_ctrl/WALLACE_CSA_DUMMY_OP_groupi_g6977/COUT    -       CIN->COUT F     sky130_fd_sc_hs__fa_1           1  8.1    68   243    4706    (-,-) 
  u_tile_ctrl/WALLACE_CSA_DUMMY_OP_groupi_g6976/COUT    -       CIN->COUT F     sky130_fd_sc_hs__fa_1           2  7.9    67   225    4931    (-,-) 
  u_tile_ctrl/WALLACE_CSA_DUMMY_OP_groupi_g6975/Y       -       B->Y      R     sky130_fd_sc_hs__nand2b_1       2  6.1    74    86    5017    (-,-) 
  u_tile_ctrl/WALLACE_CSA_DUMMY_OP_groupi_g6972/Y       -       A2->Y     F     sky130_fd_sc_hs__o221ai_1       1  8.1   118   125    5142    (-,-) 
  u_tile_ctrl/WALLACE_CSA_DUMMY_OP_groupi_g6970/COUT    -       CIN->COUT F     sky130_fd_sc_hs__fa_1           1  8.1    68   243    5385    (-,-) 
  u_tile_ctrl/WALLACE_CSA_DUMMY_OP_groupi_g6969/COUT    -       CIN->COUT F     sky130_fd_sc_hs__fa_1           2  7.5    64   223    5608    (-,-) 
  u_tile_ctrl/WALLACE_CSA_DUMMY_OP_groupi_g6968/Y       -       B_N->Y    F     sky130_fd_sc_hs__nor2b_1        2  6.0    43    98    5706    (-,-) 
  u_tile_ctrl/WALLACE_CSA_DUMMY_OP_groupi_g6965/Y       -       B->Y      R     sky130_fd_sc_hs__nand2b_1       2  5.5    67    73    5780    (-,-) 
  u_tile_ctrl/WALLACE_CSA_DUMMY_OP_groupi_g6960/Y       -       A3->Y     F     sky130_fd_sc_hs__o311ai_1       2  7.9   105    94    5874    (-,-) 
  u_tile_ctrl/WALLACE_CSA_DUMMY_OP_groupi_g6959/Y       -       B->Y      R     sky130_fd_sc_hs__nand2b_1       2  6.0    77    99    5973    (-,-) 
  u_tile_ctrl/WALLACE_CSA_DUMMY_OP_groupi_g6955/Y       -       B->Y      F     sky130_fd_sc_hs__nor2_1         2  6.4    51    50    6023    (-,-) 
  u_tile_ctrl/WALLACE_CSA_DUMMY_OP_groupi_g6954/Y       -       A->Y      R     sky130_fd_sc_hs__clkinv_1       1  3.0    29    35    6058    (-,-) 
  u_tile_ctrl/WALLACE_CSA_DUMMY_OP_groupi_g6949/Y       -       A3->Y     F     sky130_fd_sc_hs__o311ai_1       2  8.0   102    88    6147    (-,-) 
  u_tile_ctrl/g10645/Y                                  -       B->Y      R     sky130_fd_sc_hs__nand2_1        3  9.1    80   101    6247    (-,-) 
  u_tile_ctrl/g10382/Y                                  -       A->Y      F     sky130_fd_sc_hs__nor2b_1        1  4.7    35    49    6297    (-,-) 
  u_tile_ctrl/g10375/COUT                               -       B->COUT   F     sky130_fd_sc_hs__ha_1           2  8.0    46   127    6423    (-,-) 
  u_tile_ctrl/g10381/Y                                  -       A->Y      R     sky130_fd_sc_hs__nor2b_1        4 12.2   204   182    6605    (-,-) 
  u_tile_ctrl/WALLACE_CSA_DUMMY_OP_groupi_g6938/Y       -       A3->Y     F     sky130_fd_sc_hs__o311ai_1       1  8.1   105   115    6720    (-,-) 
  u_tile_ctrl/WALLACE_CSA_DUMMY_OP_groupi_g6935/COUT    -       CIN->COUT F     sky130_fd_sc_hs__fa_1           1  8.1    68   239    6959    (-,-) 
  u_tile_ctrl/WALLACE_CSA_DUMMY_OP_groupi_g6934/COUT    -       CIN->COUT F     sky130_fd_sc_hs__fa_1           4 12.1    85   246    7205    (-,-) 
  u_tile_ctrl/WALLACE_CSA_DUMMY_OP_groupi_g6933/Y       -       A->Y      R     sky130_fd_sc_hs__nand3_1        2  5.7    71    79    7284    (-,-) 
  u_tile_ctrl/WALLACE_CSA_DUMMY_OP_groupi_g6930/Y       -       A_N->Y    R     sky130_fd_sc_hs__nand3b_1       2  6.4    81   100    7384    (-,-) 
  u_tile_ctrl/WALLACE_CSA_DUMMY_OP_groupi_g6925/Y       -       A2->Y     F     sky130_fd_sc_hs__o221ai_1       4 11.9   148   150    7534    (-,-) 
  u_tile_ctrl/WALLACE_CSA_DUMMY_OP_groupi_g6922/X       -       A->X      F     sky130_fd_sc_hs__and3_1         2  5.4    34   130    7664    (-,-) 
  u_tile_ctrl/WALLACE_CSA_DUMMY_OP_groupi_g6912/X       -       A1->X     F     sky130_fd_sc_hs__a311o_1        1  8.1    62   213    7877    (-,-) 
  u_tile_ctrl/WALLACE_CSA_DUMMY_OP_groupi_g6906/COUT    -       CIN->COUT F     sky130_fd_sc_hs__fa_1           1  8.1    68   225    8101    (-,-) 
  u_tile_ctrl/WALLACE_CSA_DUMMY_OP_groupi_g6905/COUT    -       CIN->COUT F     sky130_fd_sc_hs__fa_1           3  9.1    73   232    8334    (-,-) 
  u_tile_ctrl/WALLACE_CSA_DUMMY_OP_groupi_g6903__6161/Y -       A1->Y     R     sky130_fd_sc_hs__a21oi_1        2  6.1   132   134    8468    (-,-) 
  u_tile_ctrl/WALLACE_CSA_DUMMY_OP_groupi_g6902__4733/Y -       B2->Y     F     sky130_fd_sc_hs__o2bb2ai_1      1  2.2    41    53    8521    (-,-) 
  u_tile_ctrl/dma_rd_addr_reg[63]/D                     -       -         F     sky130_fd_sc_hs__sdfxtp_1       1    -     -     4    8525    (-,-) 
#---------------------------------------------------------------------------------------------------------------------------------------------------



Path 2: MET (1105 ps) Setup Check with Pin u_tile_ctrl/dma_rd_addr_reg[63]/CLK->D
          Group: clk
     Startpoint: (R) u_tile_ctrl/q_idx_reg[1]/CLK
          Clock: (R) clk
       Endpoint: (R) u_tile_ctrl/dma_rd_addr_reg[63]/D
          Clock: (R) clk

                     Capture       Launch     
        Clock Edge:+   10000            0     
       Src Latency:+       0            0     
       Net Latency:+       0 (I)        0 (I) 
           Arrival:=   10000            0     
                                              
             Setup:-     125                  
       Uncertainty:-     200                  
     Required Time:=    9675                  
      Launch Clock:-       0                  
         Data Path:-    8570                  
             Slack:=    1105                  

#---------------------------------------------------------------------------------------------------------------------------------------------------
#                     Timing Point                      Flags     Arc     Edge            Cell             Fanout Load Trans Delay Arrival Instance 
#                                                                                                                 (fF)  (ps)  (ps)   (ps)  Location 
#---------------------------------------------------------------------------------------------------------------------------------------------------
  u_tile_ctrl/q_idx_reg[1]/CLK                          -       -         R     (arrival)                    1242    -   100     0       0    (-,-) 
  u_tile_ctrl/q_idx_reg[1]/Q                            -       CLK->Q    R     sky130_fd_sc_hs__dfrbp_1       17 51.4   401   488     488    (-,-) 
  u_tile_ctrl/drc_buf_sp10581/X                         -       A->X      R     sky130_fd_sc_hs__clkbuf_1      17 51.7   356   339     827    (-,-) 
  u_tile_ctrl/csa_tree_mul_121_78_g10328/Y              -       B->Y      F     sky130_fd_sc_hs__nand2_1        1 10.2   107   121     947    (-,-) 
  u_tile_ctrl/csa_tree_mul_121_78_g10120/SUM            -       B->SUM    R     sky130_fd_sc_hs__fa_1           1  8.1    73   348    1295    (-,-) 
  u_tile_ctrl/g10655/SUM                                -       CIN->SUM  F     sky130_fd_sc_hs__fa_1           2  8.0    62   268    1564    (-,-) 
  u_tile_ctrl/csa_tree_mul_121_78_g10038/SUM            -       B->SUM    R     sky130_fd_sc_hs__ha_1           2  6.1    62   196    1760    (-,-) 
  u_tile_ctrl/csa_tree_mul_121_78_g10003/Y              -       A2_N->Y   R     sky130_fd_sc_hs__o2bb2ai_1      2 11.0   196   135    1895    (-,-) 
  u_tile_ctrl/g8037__2346/X                             -       A1->X     R     sky130_fd_sc_hs__a22o_1         1  8.1    74   169    2064    (-,-) 
  u_tile_ctrl/g10654/SUM                                -       CIN->SUM  F     sky130_fd_sc_hs__fa_1           2  6.3    54   259    2323    (-,-) 
  u_tile_ctrl/WALLACE_CSA_DUMMY_OP_groupi_g7103/Y       -       B->Y      R     sky130_fd_sc_hs__nor2_1         3  9.4   141   125    2449    (-,-) 
  u_tile_ctrl/WALLACE_CSA_DUMMY_OP_groupi_g7041/Y       -       A2->Y     F     sky130_fd_sc_hs__o21ai_1        1  3.2    43    61    2510    (-,-) 
  u_tile_ctrl/WALLACE_CSA_DUMMY_OP_groupi_g7013/Y       -       B1->Y     R     sky130_fd_sc_hs__a21oi_1        3  8.8   171   147    2657    (-,-) 
  u_tile_ctrl/WALLACE_CSA_DUMMY_OP_groupi_g2/X          -       A2->X     R     sky130_fd_sc_hs__o21a_1         3  9.3    83   140    2797    (-,-) 
  u_tile_ctrl/WALLACE_CSA_DUMMY_OP_groupi_g7006/Y       -       A2->Y     F     sky130_fd_sc_hs__o21ai_1        1  8.1    73    78    2875    (-,-) 
  u_tile_ctrl/WALLACE_CSA_DUMMY_OP_groupi_g7005/COUT    -       CIN->COUT F     sky130_fd_sc_hs__fa_1           1  8.1    68   228    3103    (-,-) 
  u_tile_ctrl/WALLACE_CSA_DUMMY_OP_groupi_g7004/COUT    -       CIN->COUT F     sky130_fd_sc_hs__fa_1           1  8.1    68   226    3329    (-,-) 
  u_tile_ctrl/WALLACE_CSA_DUMMY_OP_groupi_g7003/COUT    -       CIN->COUT F     sky130_fd_sc_hs__fa_1           1  8.1    68   226    3556    (-,-) 
  u_tile_ctrl/WALLACE_CSA_DUMMY_OP_groupi_g7002/COUT    -       CIN->COUT F     sky130_fd_sc_hs__fa_1           3 11.1    82   242    3797    (-,-) 
  u_tile_ctrl/WALLACE_CSA_DUMMY_OP_groupi_g7001/Y       -       A->Y      R     sky130_fd_sc_hs__nand2_1        2  5.7    54    69    3867    (-,-) 
  u_tile_ctrl/WALLACE_CSA_DUMMY_OP_groupi_g6997/Y       -       C->Y      F     sky130_fd_sc_hs__nor3_1         1  3.2    52    38    3905    (-,-) 
  u_tile_ctrl/WALLACE_CSA_DUMMY_OP_groupi_g6993/Y       -       B->Y      R     sky130_fd_sc_hs__nor2_1         4 12.0   173   149    4054    (-,-) 
  u_tile_ctrl/WALLACE_CSA_DUMMY_OP_groupi_g6992/X       -       C->X      R     sky130_fd_sc_hs__or3_1          2  5.5    52   114    4168    (-,-) 
  u_tile_ctrl/WALLACE_CSA_DUMMY_OP_groupi_g6984/Y       -       A3->Y     F     sky130_fd_sc_hs__o311ai_1       2  8.1   106    92    4260    (-,-) 
  u_tile_ctrl/WALLACE_CSA_DUMMY_OP_groupi_g6983/Y       -       A->Y      R     sky130_fd_sc_hs__nand2_1        2  6.1    60    79    4340    (-,-) 
  u_tile_ctrl/WALLACE_CSA_DUMMY_OP_groupi_g6979/Y       -       A2->Y     F     sky130_fd_sc_hs__o221ai_1       1  8.1   118   123    4463    (-,-) 
  u_tile_ctrl/WALLACE_CSA_DUMMY_OP_groupi_g6977/COUT    -       CIN->COUT F     sky130_fd_sc_hs__fa_1           1  8.1    68   243    4706    (-,-) 
  u_tile_ctrl/WALLACE_CSA_DUMMY_OP_groupi_g6976/COUT    -       CIN->COUT F     sky130_fd_sc_hs__fa_1           2  7.9    67   225    4931    (-,-) 
  u_tile_ctrl/WALLACE_CSA_DUMMY_OP_groupi_g6975/Y       -       B->Y      R     sky130_fd_sc_hs__nand2b_1       2  6.1    74    86    5017    (-,-) 
  u_tile_ctrl/WALLACE_CSA_DUMMY_OP_groupi_g6972/Y       -       A2->Y     F     sky130_fd_sc_hs__o221ai_1       1  8.1   118   125    5142    (-,-) 
  u_tile_ctrl/WALLACE_CSA_DUMMY_OP_groupi_g6970/COUT    -       CIN->COUT F     sky130_fd_sc_hs__fa_1           1  8.1    68   243    5385    (-,-) 
  u_tile_ctrl/WALLACE_CSA_DUMMY_OP_groupi_g6969/COUT    -       CIN->COUT F     sky130_fd_sc_hs__fa_1           2  7.5    64   223    5608    (-,-) 
  u_tile_ctrl/WALLACE_CSA_DUMMY_OP_groupi_g6968/Y       -       B_N->Y    F     sky130_fd_sc_hs__nor2b_1        2  6.0    43    98    5706    (-,-) 
  u_tile_ctrl/WALLACE_CSA_DUMMY_OP_groupi_g6965/Y       -       B->Y      R     sky130_fd_sc_hs__nand2b_1       2  5.5    67    73    5780    (-,-) 
  u_tile_ctrl/WALLACE_CSA_DUMMY_OP_groupi_g6960/Y       -       A3->Y     F     sky130_fd_sc_hs__o311ai_1       2  7.9   105    94    5874    (-,-) 
  u_tile_ctrl/WALLACE_CSA_DUMMY_OP_groupi_g6959/Y       -       B->Y      R     sky130_fd_sc_hs__nand2b_1       2  6.0    77    99    5973    (-,-) 
  u_tile_ctrl/WALLACE_CSA_DUMMY_OP_groupi_g6955/Y       -       B->Y      F     sky130_fd_sc_hs__nor2_1         2  6.4    51    50    6023    (-,-) 
  u_tile_ctrl/WALLACE_CSA_DUMMY_OP_groupi_g6954/Y       -       A->Y      R     sky130_fd_sc_hs__clkinv_1       1  3.0    29    35    6058    (-,-) 
  u_tile_ctrl/WALLACE_CSA_DUMMY_OP_groupi_g6949/Y       -       A3->Y     F     sky130_fd_sc_hs__o311ai_1       2  8.0   102    88    6147    (-,-) 
  u_tile_ctrl/g10645/Y                                  -       B->Y      R     sky130_fd_sc_hs__nand2_1        3  9.1    80   101    6247    (-,-) 
  u_tile_ctrl/g10382/Y                                  -       A->Y      F     sky130_fd_sc_hs__nor2b_1        1  4.7    35    49    6297    (-,-) 
  u_tile_ctrl/g10375/COUT                               -       B->COUT   F     sky130_fd_sc_hs__ha_1           2  8.0    46   127    6423    (-,-) 
  u_tile_ctrl/g10381/Y                                  -       A->Y      R     sky130_fd_sc_hs__nor2b_1        4 12.2   204   182    6605    (-,-) 
  u_tile_ctrl/WALLACE_CSA_DUMMY_OP_groupi_g6938/Y       -       A3->Y     F     sky130_fd_sc_hs__o311ai_1       1  8.1   105   115    6720    (-,-) 
  u_tile_ctrl/WALLACE_CSA_DUMMY_OP_groupi_g6935/COUT    -       CIN->COUT F     sky130_fd_sc_hs__fa_1           1  8.1    68   239    6959    (-,-) 
  u_tile_ctrl/WALLACE_CSA_DUMMY_OP_groupi_g6934/COUT    -       CIN->COUT F     sky130_fd_sc_hs__fa_1           4 12.1    85   246    7205    (-,-) 
  u_tile_ctrl/WALLACE_CSA_DUMMY_OP_groupi_g6933/Y       -       A->Y      R     sky130_fd_sc_hs__nand3_1        2  5.7    71    79    7284    (-,-) 
  u_tile_ctrl/WALLACE_CSA_DUMMY_OP_groupi_g6930/Y       -       A_N->Y    R     sky130_fd_sc_hs__nand3b_1       2  6.4    81   100    7384    (-,-) 
  u_tile_ctrl/WALLACE_CSA_DUMMY_OP_groupi_g6925/Y       -       A2->Y     F     sky130_fd_sc_hs__o221ai_1       4 11.9   148   150    7534    (-,-) 
  u_tile_ctrl/WALLACE_CSA_DUMMY_OP_groupi_g6922/X       -       A->X      F     sky130_fd_sc_hs__and3_1         2  5.4    34   130    7664    (-,-) 
  u_tile_ctrl/WALLACE_CSA_DUMMY_OP_groupi_g6912/X       -       A1->X     F     sky130_fd_sc_hs__a311o_1        1  8.1    62   213    7877    (-,-) 
  u_tile_ctrl/WALLACE_CSA_DUMMY_OP_groupi_g6906/COUT    -       CIN->COUT F     sky130_fd_sc_hs__fa_1           1  8.1    68   225    8101    (-,-) 
  u_tile_ctrl/WALLACE_CSA_DUMMY_OP_groupi_g6905/COUT    -       CIN->COUT F     sky130_fd_sc_hs__fa_1           3  9.1    73   232    8334    (-,-) 
  u_tile_ctrl/WALLACE_CSA_DUMMY_OP_groupi_g6903__6161/Y -       A1->Y     R     sky130_fd_sc_hs__a21oi_1        2  6.1   132   134    8468    (-,-) 
  u_tile_ctrl/WALLACE_CSA_DUMMY_OP_groupi_g6902__4733/Y -       A2_N->Y   R     sky130_fd_sc_hs__o2bb2ai_1      1  2.2    78    98    8566    (-,-) 
  u_tile_ctrl/dma_rd_addr_reg[63]/D                     -       -         R     sky130_fd_sc_hs__sdfxtp_1       1    -     -     4    8570    (-,-) 
#---------------------------------------------------------------------------------------------------------------------------------------------------



Path 3: MET (1112 ps) Setup Check with Pin u_tile_ctrl/dma_rd_addr_reg[63]/CLK->D
          Group: clk
     Startpoint: (R) u_tile_ctrl/q_idx_reg[1]/CLK
          Clock: (R) clk
       Endpoint: (F) u_tile_ctrl/dma_rd_addr_reg[63]/D
          Clock: (R) clk

                     Capture       Launch     
        Clock Edge:+   10000            0     
       Src Latency:+       0            0     
       Net Latency:+       0 (I)        0 (I) 
           Arrival:=   10000            0     
                                              
             Setup:-     174                  
       Uncertainty:-     200                  
     Required Time:=    9626                  
      Launch Clock:-       0                  
         Data Path:-    8515                  
             Slack:=    1112                  

#---------------------------------------------------------------------------------------------------------------------------------------------------
#                     Timing Point                      Flags     Arc     Edge            Cell             Fanout Load Trans Delay Arrival Instance 
#                                                                                                                 (fF)  (ps)  (ps)   (ps)  Location 
#---------------------------------------------------------------------------------------------------------------------------------------------------
  u_tile_ctrl/q_idx_reg[1]/CLK                          -       -         R     (arrival)                    1242    -   100     0       0    (-,-) 
  u_tile_ctrl/q_idx_reg[1]/Q                            -       CLK->Q    R     sky130_fd_sc_hs__dfrbp_1       17 51.4   401   488     488    (-,-) 
  u_tile_ctrl/drc_buf_sp10581/X                         -       A->X      R     sky130_fd_sc_hs__clkbuf_1      17 51.7   356   339     827    (-,-) 
  u_tile_ctrl/csa_tree_mul_121_78_g10328/Y              -       B->Y      F     sky130_fd_sc_hs__nand2_1        1 10.2   107   121     947    (-,-) 
  u_tile_ctrl/csa_tree_mul_121_78_g10120/SUM            -       B->SUM    R     sky130_fd_sc_hs__fa_1           1  8.1    73   348    1295    (-,-) 
  u_tile_ctrl/g10655/SUM                                -       CIN->SUM  F     sky130_fd_sc_hs__fa_1           2  8.0    62   268    1564    (-,-) 
  u_tile_ctrl/csa_tree_mul_121_78_g10038/SUM            -       B->SUM    F     sky130_fd_sc_hs__ha_1           2  6.1    42   151    1715    (-,-) 
  u_tile_ctrl/csa_tree_mul_121_78_g10003/Y              -       B2->Y     R     sky130_fd_sc_hs__o2bb2ai_1      2 11.0   196   170    1885    (-,-) 
  u_tile_ctrl/g8037__2346/X                             -       A1->X     R     sky130_fd_sc_hs__a22o_1         1  8.1    74   169    2054    (-,-) 
  u_tile_ctrl/g10654/SUM                                -       CIN->SUM  F     sky130_fd_sc_hs__fa_1           2  6.3    54   259    2314    (-,-) 
  u_tile_ctrl/WALLACE_CSA_DUMMY_OP_groupi_g7103/Y       -       B->Y      R     sky130_fd_sc_hs__nor2_1         3  9.4   141   125    2439    (-,-) 
  u_tile_ctrl/WALLACE_CSA_DUMMY_OP_groupi_g7041/Y       -       A2->Y     F     sky130_fd_sc_hs__o21ai_1        1  3.2    43    61    2500    (-,-) 
  u_tile_ctrl/WALLACE_CSA_DUMMY_OP_groupi_g7013/Y       -       B1->Y     R     sky130_fd_sc_hs__a21oi_1        3  8.8   171   147    2647    (-,-) 
  u_tile_ctrl/WALLACE_CSA_DUMMY_OP_groupi_g2/X          -       A2->X     R     sky130_fd_sc_hs__o21a_1         3  9.3    83   140    2787    (-,-) 
  u_tile_ctrl/WALLACE_CSA_DUMMY_OP_groupi_g7006/Y       -       A2->Y     F     sky130_fd_sc_hs__o21ai_1        1  8.1    73    78    2865    (-,-) 
  u_tile_ctrl/WALLACE_CSA_DUMMY_OP_groupi_g7005/COUT    -       CIN->COUT F     sky130_fd_sc_hs__fa_1           1  8.1    68   228    3093    (-,-) 
  u_tile_ctrl/WALLACE_CSA_DUMMY_OP_groupi_g7004/COUT    -       CIN->COUT F     sky130_fd_sc_hs__fa_1           1  8.1    68   226    3319    (-,-) 
  u_tile_ctrl/WALLACE_CSA_DUMMY_OP_groupi_g7003/COUT    -       CIN->COUT F     sky130_fd_sc_hs__fa_1           1  8.1    68   226    3546    (-,-) 
  u_tile_ctrl/WALLACE_CSA_DUMMY_OP_groupi_g7002/COUT    -       CIN->COUT F     sky130_fd_sc_hs__fa_1           3 11.1    82   242    3788    (-,-) 
  u_tile_ctrl/WALLACE_CSA_DUMMY_OP_groupi_g7001/Y       -       A->Y      R     sky130_fd_sc_hs__nand2_1        2  5.7    54    69    3857    (-,-) 
  u_tile_ctrl/WALLACE_CSA_DUMMY_OP_groupi_g6997/Y       -       C->Y      F     sky130_fd_sc_hs__nor3_1         1  3.2    52    38    3895    (-,-) 
  u_tile_ctrl/WALLACE_CSA_DUMMY_OP_groupi_g6993/Y       -       B->Y      R     sky130_fd_sc_hs__nor2_1         4 12.0   173   149    4044    (-,-) 
  u_tile_ctrl/WALLACE_CSA_DUMMY_OP_groupi_g6992/X       -       C->X      R     sky130_fd_sc_hs__or3_1          2  5.5    52   114    4158    (-,-) 
  u_tile_ctrl/WALLACE_CSA_DUMMY_OP_groupi_g6984/Y       -       A3->Y     F     sky130_fd_sc_hs__o311ai_1       2  8.1   106    92    4250    (-,-) 
  u_tile_ctrl/WALLACE_CSA_DUMMY_OP_groupi_g6983/Y       -       A->Y      R     sky130_fd_sc_hs__nand2_1        2  6.1    60    79    4330    (-,-) 
  u_tile_ctrl/WALLACE_CSA_DUMMY_OP_groupi_g6979/Y       -       A2->Y     F     sky130_fd_sc_hs__o221ai_1       1  8.1   118   123    4453    (-,-) 
  u_tile_ctrl/WALLACE_CSA_DUMMY_OP_groupi_g6977/COUT    -       CIN->COUT F     sky130_fd_sc_hs__fa_1           1  8.1    68   243    4696    (-,-) 
  u_tile_ctrl/WALLACE_CSA_DUMMY_OP_groupi_g6976/COUT    -       CIN->COUT F     sky130_fd_sc_hs__fa_1           2  7.9    67   225    4921    (-,-) 
  u_tile_ctrl/WALLACE_CSA_DUMMY_OP_groupi_g6975/Y       -       B->Y      R     sky130_fd_sc_hs__nand2b_1       2  6.1    74    86    5007    (-,-) 
  u_tile_ctrl/WALLACE_CSA_DUMMY_OP_groupi_g6972/Y       -       A2->Y     F     sky130_fd_sc_hs__o221ai_1       1  8.1   118   125    5132    (-,-) 
  u_tile_ctrl/WALLACE_CSA_DUMMY_OP_groupi_g6970/COUT    -       CIN->COUT F     sky130_fd_sc_hs__fa_1           1  8.1    68   243    5375    (-,-) 
  u_tile_ctrl/WALLACE_CSA_DUMMY_OP_groupi_g6969/COUT    -       CIN->COUT F     sky130_fd_sc_hs__fa_1           2  7.5    64   223    5598    (-,-) 
  u_tile_ctrl/WALLACE_CSA_DUMMY_OP_groupi_g6968/Y       -       B_N->Y    F     sky130_fd_sc_hs__nor2b_1        2  6.0    43    98    5696    (-,-) 
  u_tile_ctrl/WALLACE_CSA_DUMMY_OP_groupi_g6965/Y       -       B->Y      R     sky130_fd_sc_hs__nand2b_1       2  5.5    67    73    5770    (-,-) 
  u_tile_ctrl/WALLACE_CSA_DUMMY_OP_groupi_g6960/Y       -       A3->Y     F     sky130_fd_sc_hs__o311ai_1       2  7.9   105    94    5864    (-,-) 
  u_tile_ctrl/WALLACE_CSA_DUMMY_OP_groupi_g6959/Y       -       B->Y      R     sky130_fd_sc_hs__nand2b_1       2  6.0    77    99    5963    (-,-) 
  u_tile_ctrl/WALLACE_CSA_DUMMY_OP_groupi_g6955/Y       -       B->Y      F     sky130_fd_sc_hs__nor2_1         2  6.4    51    50    6013    (-,-) 
  u_tile_ctrl/WALLACE_CSA_DUMMY_OP_groupi_g6954/Y       -       A->Y      R     sky130_fd_sc_hs__clkinv_1       1  3.0    29    35    6048    (-,-) 
  u_tile_ctrl/WALLACE_CSA_DUMMY_OP_groupi_g6949/Y       -       A3->Y     F     sky130_fd_sc_hs__o311ai_1       2  8.0   102    88    6137    (-,-) 
  u_tile_ctrl/g10645/Y                                  -       B->Y      R     sky130_fd_sc_hs__nand2_1        3  9.1    80   101    6238    (-,-) 
  u_tile_ctrl/g10382/Y                                  -       A->Y      F     sky130_fd_sc_hs__nor2b_1        1  4.7    35    49    6287    (-,-) 
  u_tile_ctrl/g10375/COUT                               -       B->COUT   F     sky130_fd_sc_hs__ha_1           2  8.0    46   127    6413    (-,-) 
  u_tile_ctrl/g10381/Y                                  -       A->Y      R     sky130_fd_sc_hs__nor2b_1        4 12.2   204   182    6595    (-,-) 
  u_tile_ctrl/WALLACE_CSA_DUMMY_OP_groupi_g6938/Y       -       A3->Y     F     sky130_fd_sc_hs__o311ai_1       1  8.1   105   115    6710    (-,-) 
  u_tile_ctrl/WALLACE_CSA_DUMMY_OP_groupi_g6935/COUT    -       CIN->COUT F     sky130_fd_sc_hs__fa_1           1  8.1    68   239    6949    (-,-) 
  u_tile_ctrl/WALLACE_CSA_DUMMY_OP_groupi_g6934/COUT    -       CIN->COUT F     sky130_fd_sc_hs__fa_1           4 12.1    85   246    7195    (-,-) 
  u_tile_ctrl/WALLACE_CSA_DUMMY_OP_groupi_g6933/Y       -       A->Y      R     sky130_fd_sc_hs__nand3_1        2  5.7    71    79    7274    (-,-) 
  u_tile_ctrl/WALLACE_CSA_DUMMY_OP_groupi_g6930/Y       -       A_N->Y    R     sky130_fd_sc_hs__nand3b_1       2  6.4    81   100    7374    (-,-) 
  u_tile_ctrl/WALLACE_CSA_DUMMY_OP_groupi_g6925/Y       -       A2->Y     F     sky130_fd_sc_hs__o221ai_1       4 11.9   148   150    7524    (-,-) 
  u_tile_ctrl/WALLACE_CSA_DUMMY_OP_groupi_g6922/X       -       A->X      F     sky130_fd_sc_hs__and3_1         2  5.4    34   130    7654    (-,-) 
  u_tile_ctrl/WALLACE_CSA_DUMMY_OP_groupi_g6912/X       -       A1->X     F     sky130_fd_sc_hs__a311o_1        1  8.1    62   213    7867    (-,-) 
  u_tile_ctrl/WALLACE_CSA_DUMMY_OP_groupi_g6906/COUT    -       CIN->COUT F     sky130_fd_sc_hs__fa_1           1  8.1    68   225    8092    (-,-) 
  u_tile_ctrl/WALLACE_CSA_DUMMY_OP_groupi_g6905/COUT    -       CIN->COUT F     sky130_fd_sc_hs__fa_1           3  9.1    73   232    8324    (-,-) 
  u_tile_ctrl/WALLACE_CSA_DUMMY_OP_groupi_g6903__6161/Y -       A1->Y     R     sky130_fd_sc_hs__a21oi_1        2  6.1   132   134    8458    (-,-) 
  u_tile_ctrl/WALLACE_CSA_DUMMY_OP_groupi_g6902__4733/Y -       B2->Y     F     sky130_fd_sc_hs__o2bb2ai_1      1  2.2    41    53    8511    (-,-) 
  u_tile_ctrl/dma_rd_addr_reg[63]/D                     -       -         F     sky130_fd_sc_hs__sdfxtp_1       1    -     -     4    8515    (-,-) 
#---------------------------------------------------------------------------------------------------------------------------------------------------



Path 4: MET (1115 ps) Setup Check with Pin u_tile_ctrl/dma_rd_addr_reg[63]/CLK->D
          Group: clk
     Startpoint: (R) u_tile_ctrl/q_idx_reg[1]/CLK
          Clock: (R) clk
       Endpoint: (R) u_tile_ctrl/dma_rd_addr_reg[63]/D
          Clock: (R) clk

                     Capture       Launch     
        Clock Edge:+   10000            0     
       Src Latency:+       0            0     
       Net Latency:+       0 (I)        0 (I) 
           Arrival:=   10000            0     
                                              
             Setup:-     125                  
       Uncertainty:-     200                  
     Required Time:=    9675                  
      Launch Clock:-       0                  
         Data Path:-    8560                  
             Slack:=    1115                  

#---------------------------------------------------------------------------------------------------------------------------------------------------
#                     Timing Point                      Flags     Arc     Edge            Cell             Fanout Load Trans Delay Arrival Instance 
#                                                                                                                 (fF)  (ps)  (ps)   (ps)  Location 
#---------------------------------------------------------------------------------------------------------------------------------------------------
  u_tile_ctrl/q_idx_reg[1]/CLK                          -       -         R     (arrival)                    1242    -   100     0       0    (-,-) 
  u_tile_ctrl/q_idx_reg[1]/Q                            -       CLK->Q    R     sky130_fd_sc_hs__dfrbp_1       17 51.4   401   488     488    (-,-) 
  u_tile_ctrl/drc_buf_sp10581/X                         -       A->X      R     sky130_fd_sc_hs__clkbuf_1      17 51.7   356   339     827    (-,-) 
  u_tile_ctrl/csa_tree_mul_121_78_g10328/Y              -       B->Y      F     sky130_fd_sc_hs__nand2_1        1 10.2   107   121     947    (-,-) 
  u_tile_ctrl/csa_tree_mul_121_78_g10120/SUM            -       B->SUM    R     sky130_fd_sc_hs__fa_1           1  8.1    73   348    1295    (-,-) 
  u_tile_ctrl/g10655/SUM                                -       CIN->SUM  F     sky130_fd_sc_hs__fa_1           2  8.0    62   268    1564    (-,-) 
  u_tile_ctrl/csa_tree_mul_121_78_g10038/SUM            -       B->SUM    F     sky130_fd_sc_hs__ha_1           2  6.1    42   151    1715    (-,-) 
  u_tile_ctrl/csa_tree_mul_121_78_g10003/Y              -       B2->Y     R     sky130_fd_sc_hs__o2bb2ai_1      2 11.0   196   170    1885    (-,-) 
  u_tile_ctrl/g8037__2346/X                             -       A1->X     R     sky130_fd_sc_hs__a22o_1         1  8.1    74   169    2054    (-,-) 
  u_tile_ctrl/g10654/SUM                                -       CIN->SUM  F     sky130_fd_sc_hs__fa_1           2  6.3    54   259    2314    (-,-) 
  u_tile_ctrl/WALLACE_CSA_DUMMY_OP_groupi_g7103/Y       -       B->Y      R     sky130_fd_sc_hs__nor2_1         3  9.4   141   125    2439    (-,-) 
  u_tile_ctrl/WALLACE_CSA_DUMMY_OP_groupi_g7041/Y       -       A2->Y     F     sky130_fd_sc_hs__o21ai_1        1  3.2    43    61    2500    (-,-) 
  u_tile_ctrl/WALLACE_CSA_DUMMY_OP_groupi_g7013/Y       -       B1->Y     R     sky130_fd_sc_hs__a21oi_1        3  8.8   171   147    2647    (-,-) 
  u_tile_ctrl/WALLACE_CSA_DUMMY_OP_groupi_g2/X          -       A2->X     R     sky130_fd_sc_hs__o21a_1         3  9.3    83   140    2787    (-,-) 
  u_tile_ctrl/WALLACE_CSA_DUMMY_OP_groupi_g7006/Y       -       A2->Y     F     sky130_fd_sc_hs__o21ai_1        1  8.1    73    78    2865    (-,-) 
  u_tile_ctrl/WALLACE_CSA_DUMMY_OP_groupi_g7005/COUT    -       CIN->COUT F     sky130_fd_sc_hs__fa_1           1  8.1    68   228    3093    (-,-) 
  u_tile_ctrl/WALLACE_CSA_DUMMY_OP_groupi_g7004/COUT    -       CIN->COUT F     sky130_fd_sc_hs__fa_1           1  8.1    68   226    3319    (-,-) 
  u_tile_ctrl/WALLACE_CSA_DUMMY_OP_groupi_g7003/COUT    -       CIN->COUT F     sky130_fd_sc_hs__fa_1           1  8.1    68   226    3546    (-,-) 
  u_tile_ctrl/WALLACE_CSA_DUMMY_OP_groupi_g7002/COUT    -       CIN->COUT F     sky130_fd_sc_hs__fa_1           3 11.1    82   242    3788    (-,-) 
  u_tile_ctrl/WALLACE_CSA_DUMMY_OP_groupi_g7001/Y       -       A->Y      R     sky130_fd_sc_hs__nand2_1        2  5.7    54    69    3857    (-,-) 
  u_tile_ctrl/WALLACE_CSA_DUMMY_OP_groupi_g6997/Y       -       C->Y      F     sky130_fd_sc_hs__nor3_1         1  3.2    52    38    3895    (-,-) 
  u_tile_ctrl/WALLACE_CSA_DUMMY_OP_groupi_g6993/Y       -       B->Y      R     sky130_fd_sc_hs__nor2_1         4 12.0   173   149    4044    (-,-) 
  u_tile_ctrl/WALLACE_CSA_DUMMY_OP_groupi_g6992/X       -       C->X      R     sky130_fd_sc_hs__or3_1          2  5.5    52   114    4158    (-,-) 
  u_tile_ctrl/WALLACE_CSA_DUMMY_OP_groupi_g6984/Y       -       A3->Y     F     sky130_fd_sc_hs__o311ai_1       2  8.1   106    92    4250    (-,-) 
  u_tile_ctrl/WALLACE_CSA_DUMMY_OP_groupi_g6983/Y       -       A->Y      R     sky130_fd_sc_hs__nand2_1        2  6.1    60    79    4330    (-,-) 
  u_tile_ctrl/WALLACE_CSA_DUMMY_OP_groupi_g6979/Y       -       A2->Y     F     sky130_fd_sc_hs__o221ai_1       1  8.1   118   123    4453    (-,-) 
  u_tile_ctrl/WALLACE_CSA_DUMMY_OP_groupi_g6977/COUT    -       CIN->COUT F     sky130_fd_sc_hs__fa_1           1  8.1    68   243    4696    (-,-) 
  u_tile_ctrl/WALLACE_CSA_DUMMY_OP_groupi_g6976/COUT    -       CIN->COUT F     sky130_fd_sc_hs__fa_1           2  7.9    67   225    4921    (-,-) 
  u_tile_ctrl/WALLACE_CSA_DUMMY_OP_groupi_g6975/Y       -       B->Y      R     sky130_fd_sc_hs__nand2b_1       2  6.1    74    86    5007    (-,-) 
  u_tile_ctrl/WALLACE_CSA_DUMMY_OP_groupi_g6972/Y       -       A2->Y     F     sky130_fd_sc_hs__o221ai_1       1  8.1   118   125    5132    (-,-) 
  u_tile_ctrl/WALLACE_CSA_DUMMY_OP_groupi_g6970/COUT    -       CIN->COUT F     sky130_fd_sc_hs__fa_1           1  8.1    68   243    5375    (-,-) 
  u_tile_ctrl/WALLACE_CSA_DUMMY_OP_groupi_g6969/COUT    -       CIN->COUT F     sky130_fd_sc_hs__fa_1           2  7.5    64   223    5598    (-,-) 
  u_tile_ctrl/WALLACE_CSA_DUMMY_OP_groupi_g6968/Y       -       B_N->Y    F     sky130_fd_sc_hs__nor2b_1        2  6.0    43    98    5696    (-,-) 
  u_tile_ctrl/WALLACE_CSA_DUMMY_OP_groupi_g6965/Y       -       B->Y      R     sky130_fd_sc_hs__nand2b_1       2  5.5    67    73    5770    (-,-) 
  u_tile_ctrl/WALLACE_CSA_DUMMY_OP_groupi_g6960/Y       -       A3->Y     F     sky130_fd_sc_hs__o311ai_1       2  7.9   105    94    5864    (-,-) 
  u_tile_ctrl/WALLACE_CSA_DUMMY_OP_groupi_g6959/Y       -       B->Y      R     sky130_fd_sc_hs__nand2b_1       2  6.0    77    99    5963    (-,-) 
  u_tile_ctrl/WALLACE_CSA_DUMMY_OP_groupi_g6955/Y       -       B->Y      F     sky130_fd_sc_hs__nor2_1         2  6.4    51    50    6013    (-,-) 
  u_tile_ctrl/WALLACE_CSA_DUMMY_OP_groupi_g6954/Y       -       A->Y      R     sky130_fd_sc_hs__clkinv_1       1  3.0    29    35    6048    (-,-) 
  u_tile_ctrl/WALLACE_CSA_DUMMY_OP_groupi_g6949/Y       -       A3->Y     F     sky130_fd_sc_hs__o311ai_1       2  8.0   102    88    6137    (-,-) 
  u_tile_ctrl/g10645/Y                                  -       B->Y      R     sky130_fd_sc_hs__nand2_1        3  9.1    80   101    6238    (-,-) 
  u_tile_ctrl/g10382/Y                                  -       A->Y      F     sky130_fd_sc_hs__nor2b_1        1  4.7    35    49    6287    (-,-) 
  u_tile_ctrl/g10375/COUT                               -       B->COUT   F     sky130_fd_sc_hs__ha_1           2  8.0    46   127    6413    (-,-) 
  u_tile_ctrl/g10381/Y                                  -       A->Y      R     sky130_fd_sc_hs__nor2b_1        4 12.2   204   182    6595    (-,-) 
  u_tile_ctrl/WALLACE_CSA_DUMMY_OP_groupi_g6938/Y       -       A3->Y     F     sky130_fd_sc_hs__o311ai_1       1  8.1   105   115    6710    (-,-) 
  u_tile_ctrl/WALLACE_CSA_DUMMY_OP_groupi_g6935/COUT    -       CIN->COUT F     sky130_fd_sc_hs__fa_1           1  8.1    68   239    6949    (-,-) 
  u_tile_ctrl/WALLACE_CSA_DUMMY_OP_groupi_g6934/COUT    -       CIN->COUT F     sky130_fd_sc_hs__fa_1           4 12.1    85   246    7195    (-,-) 
  u_tile_ctrl/WALLACE_CSA_DUMMY_OP_groupi_g6933/Y       -       A->Y      R     sky130_fd_sc_hs__nand3_1        2  5.7    71    79    7274    (-,-) 
  u_tile_ctrl/WALLACE_CSA_DUMMY_OP_groupi_g6930/Y       -       A_N->Y    R     sky130_fd_sc_hs__nand3b_1       2  6.4    81   100    7374    (-,-) 
  u_tile_ctrl/WALLACE_CSA_DUMMY_OP_groupi_g6925/Y       -       A2->Y     F     sky130_fd_sc_hs__o221ai_1       4 11.9   148   150    7524    (-,-) 
  u_tile_ctrl/WALLACE_CSA_DUMMY_OP_groupi_g6922/X       -       A->X      F     sky130_fd_sc_hs__and3_1         2  5.4    34   130    7654    (-,-) 
  u_tile_ctrl/WALLACE_CSA_DUMMY_OP_groupi_g6912/X       -       A1->X     F     sky130_fd_sc_hs__a311o_1        1  8.1    62   213    7867    (-,-) 
  u_tile_ctrl/WALLACE_CSA_DUMMY_OP_groupi_g6906/COUT    -       CIN->COUT F     sky130_fd_sc_hs__fa_1           1  8.1    68   225    8092    (-,-) 
  u_tile_ctrl/WALLACE_CSA_DUMMY_OP_groupi_g6905/COUT    -       CIN->COUT F     sky130_fd_sc_hs__fa_1           3  9.1    73   232    8324    (-,-) 
  u_tile_ctrl/WALLACE_CSA_DUMMY_OP_groupi_g6903__6161/Y -       A1->Y     R     sky130_fd_sc_hs__a21oi_1        2  6.1   132   134    8458    (-,-) 
  u_tile_ctrl/WALLACE_CSA_DUMMY_OP_groupi_g6902__4733/Y -       A2_N->Y   R     sky130_fd_sc_hs__o2bb2ai_1      1  2.2    78    98    8556    (-,-) 
  u_tile_ctrl/dma_rd_addr_reg[63]/D                     -       -         R     sky130_fd_sc_hs__sdfxtp_1       1    -     -     4    8560    (-,-) 
#---------------------------------------------------------------------------------------------------------------------------------------------------



Path 5: MET (1116 ps) Setup Check with Pin u_tile_ctrl/dma_rd_addr_reg[63]/CLK->D
          Group: clk
     Startpoint: (R) u_tile_ctrl/q_idx_reg[1]/CLK
          Clock: (R) clk
       Endpoint: (F) u_tile_ctrl/dma_rd_addr_reg[63]/D
          Clock: (R) clk

                     Capture       Launch     
        Clock Edge:+   10000            0     
       Src Latency:+       0            0     
       Net Latency:+       0 (I)        0 (I) 
           Arrival:=   10000            0     
                                              
             Setup:-     174                  
       Uncertainty:-     200                  
     Required Time:=    9626                  
      Launch Clock:-       0                  
         Data Path:-    8510                  
             Slack:=    1116                  

#---------------------------------------------------------------------------------------------------------------------------------------------------
#                     Timing Point                      Flags     Arc     Edge            Cell             Fanout Load Trans Delay Arrival Instance 
#                                                                                                                 (fF)  (ps)  (ps)   (ps)  Location 
#---------------------------------------------------------------------------------------------------------------------------------------------------
  u_tile_ctrl/q_idx_reg[1]/CLK                          -       -         R     (arrival)                    1242    -   100     0       0    (-,-) 
  u_tile_ctrl/q_idx_reg[1]/Q                            -       CLK->Q    R     sky130_fd_sc_hs__dfrbp_1       17 51.4   401   488     488    (-,-) 
  u_tile_ctrl/drc_buf_sp10581/X                         -       A->X      R     sky130_fd_sc_hs__clkbuf_1      17 51.7   356   339     827    (-,-) 
  u_tile_ctrl/csa_tree_mul_121_78_g10328/Y              -       B->Y      F     sky130_fd_sc_hs__nand2_1        1 10.2   107   121     947    (-,-) 
  u_tile_ctrl/csa_tree_mul_121_78_g10120/SUM            -       B->SUM    R     sky130_fd_sc_hs__fa_1           1  8.1    73   348    1295    (-,-) 
  u_tile_ctrl/g10655/SUM                                -       CIN->SUM  F     sky130_fd_sc_hs__fa_1           2  8.0    62   268    1564    (-,-) 
  u_tile_ctrl/csa_tree_mul_121_78_g10038/SUM            -       B->SUM    R     sky130_fd_sc_hs__ha_1           2  6.1    62   196    1760    (-,-) 
  u_tile_ctrl/csa_tree_mul_121_78_g10003/Y              -       A2_N->Y   R     sky130_fd_sc_hs__o2bb2ai_1      2 11.0   196   135    1895    (-,-) 
  u_tile_ctrl/g8037__2346/X                             -       A1->X     R     sky130_fd_sc_hs__a22o_1         1  8.1    74   169    2064    (-,-) 
  u_tile_ctrl/g10654/SUM                                -       CIN->SUM  F     sky130_fd_sc_hs__fa_1           2  6.3    54   259    2323    (-,-) 
  u_tile_ctrl/WALLACE_CSA_DUMMY_OP_groupi_g7103/Y       -       B->Y      R     sky130_fd_sc_hs__nor2_1         3  9.4   141   125    2449    (-,-) 
  u_tile_ctrl/WALLACE_CSA_DUMMY_OP_groupi_g7049/Y       -       B->Y      F     sky130_fd_sc_hs__nor2_1         1  3.1    40    42    2490    (-,-) 
  u_tile_ctrl/WALLACE_CSA_DUMMY_OP_groupi_g7013/Y       -       A1->Y     R     sky130_fd_sc_hs__a21oi_1        3  8.8   171   152    2643    (-,-) 
  u_tile_ctrl/WALLACE_CSA_DUMMY_OP_groupi_g2/X          -       A2->X     R     sky130_fd_sc_hs__o21a_1         3  9.3    83   140    2782    (-,-) 
  u_tile_ctrl/WALLACE_CSA_DUMMY_OP_groupi_g7006/Y       -       A2->Y     F     sky130_fd_sc_hs__o21ai_1        1  8.1    73    78    2860    (-,-) 
  u_tile_ctrl/WALLACE_CSA_DUMMY_OP_groupi_g7005/COUT    -       CIN->COUT F     sky130_fd_sc_hs__fa_1           1  8.1    68   228    3089    (-,-) 
  u_tile_ctrl/WALLACE_CSA_DUMMY_OP_groupi_g7004/COUT    -       CIN->COUT F     sky130_fd_sc_hs__fa_1           1  8.1    68   226    3315    (-,-) 
  u_tile_ctrl/WALLACE_CSA_DUMMY_OP_groupi_g7003/COUT    -       CIN->COUT F     sky130_fd_sc_hs__fa_1           1  8.1    68   226    3541    (-,-) 
  u_tile_ctrl/WALLACE_CSA_DUMMY_OP_groupi_g7002/COUT    -       CIN->COUT F     sky130_fd_sc_hs__fa_1           3 11.1    82   242    3783    (-,-) 
  u_tile_ctrl/WALLACE_CSA_DUMMY_OP_groupi_g7001/Y       -       A->Y      R     sky130_fd_sc_hs__nand2_1        2  5.7    54    69    3852    (-,-) 
  u_tile_ctrl/WALLACE_CSA_DUMMY_OP_groupi_g6997/Y       -       C->Y      F     sky130_fd_sc_hs__nor3_1         1  3.2    52    38    3890    (-,-) 
  u_tile_ctrl/WALLACE_CSA_DUMMY_OP_groupi_g6993/Y       -       B->Y      R     sky130_fd_sc_hs__nor2_1         4 12.0   173   149    4039    (-,-) 
  u_tile_ctrl/WALLACE_CSA_DUMMY_OP_groupi_g6992/X       -       C->X      R     sky130_fd_sc_hs__or3_1          2  5.5    52   114    4154    (-,-) 
  u_tile_ctrl/WALLACE_CSA_DUMMY_OP_groupi_g6984/Y       -       A3->Y     F     sky130_fd_sc_hs__o311ai_1       2  8.1   106    92    4246    (-,-) 
  u_tile_ctrl/WALLACE_CSA_DUMMY_OP_groupi_g6983/Y       -       A->Y      R     sky130_fd_sc_hs__nand2_1        2  6.1    60    79    4325    (-,-) 
  u_tile_ctrl/WALLACE_CSA_DUMMY_OP_groupi_g6979/Y       -       A2->Y     F     sky130_fd_sc_hs__o221ai_1       1  8.1   118   123    4448    (-,-) 
  u_tile_ctrl/WALLACE_CSA_DUMMY_OP_groupi_g6977/COUT    -       CIN->COUT F     sky130_fd_sc_hs__fa_1           1  8.1    68   243    4692    (-,-) 
  u_tile_ctrl/WALLACE_CSA_DUMMY_OP_groupi_g6976/COUT    -       CIN->COUT F     sky130_fd_sc_hs__fa_1           2  7.9    67   225    4917    (-,-) 
  u_tile_ctrl/WALLACE_CSA_DUMMY_OP_groupi_g6975/Y       -       B->Y      R     sky130_fd_sc_hs__nand2b_1       2  6.1    74    86    5002    (-,-) 
  u_tile_ctrl/WALLACE_CSA_DUMMY_OP_groupi_g6972/Y       -       A2->Y     F     sky130_fd_sc_hs__o221ai_1       1  8.1   118   125    5128    (-,-) 
  u_tile_ctrl/WALLACE_CSA_DUMMY_OP_groupi_g6970/COUT    -       CIN->COUT F     sky130_fd_sc_hs__fa_1           1  8.1    68   243    5371    (-,-) 
  u_tile_ctrl/WALLACE_CSA_DUMMY_OP_groupi_g6969/COUT    -       CIN->COUT F     sky130_fd_sc_hs__fa_1           2  7.5    64   223    5594    (-,-) 
  u_tile_ctrl/WALLACE_CSA_DUMMY_OP_groupi_g6968/Y       -       B_N->Y    F     sky130_fd_sc_hs__nor2b_1        2  6.0    43    98    5692    (-,-) 
  u_tile_ctrl/WALLACE_CSA_DUMMY_OP_groupi_g6965/Y       -       B->Y      R     sky130_fd_sc_hs__nand2b_1       2  5.5    67    73    5765    (-,-) 
  u_tile_ctrl/WALLACE_CSA_DUMMY_OP_groupi_g6960/Y       -       A3->Y     F     sky130_fd_sc_hs__o311ai_1       2  7.9   105    94    5860    (-,-) 
  u_tile_ctrl/WALLACE_CSA_DUMMY_OP_groupi_g6959/Y       -       B->Y      R     sky130_fd_sc_hs__nand2b_1       2  6.0    77    99    5959    (-,-) 
  u_tile_ctrl/WALLACE_CSA_DUMMY_OP_groupi_g6955/Y       -       B->Y      F     sky130_fd_sc_hs__nor2_1         2  6.4    51    50    6009    (-,-) 
  u_tile_ctrl/WALLACE_CSA_DUMMY_OP_groupi_g6954/Y       -       A->Y      R     sky130_fd_sc_hs__clkinv_1       1  3.0    29    35    6044    (-,-) 
  u_tile_ctrl/WALLACE_CSA_DUMMY_OP_groupi_g6949/Y       -       A3->Y     F     sky130_fd_sc_hs__o311ai_1       2  8.0   102    88    6132    (-,-) 
  u_tile_ctrl/g10645/Y                                  -       B->Y      R     sky130_fd_sc_hs__nand2_1        3  9.1    80   101    6233    (-,-) 
  u_tile_ctrl/g10382/Y                                  -       A->Y      F     sky130_fd_sc_hs__nor2b_1        1  4.7    35    49    6282    (-,-) 
  u_tile_ctrl/g10375/COUT                               -       B->COUT   F     sky130_fd_sc_hs__ha_1           2  8.0    46   127    6409    (-,-) 
  u_tile_ctrl/g10381/Y                                  -       A->Y      R     sky130_fd_sc_hs__nor2b_1        4 12.2   204   182    6591    (-,-) 
  u_tile_ctrl/WALLACE_CSA_DUMMY_OP_groupi_g6938/Y       -       A3->Y     F     sky130_fd_sc_hs__o311ai_1       1  8.1   105   115    6706    (-,-) 
  u_tile_ctrl/WALLACE_CSA_DUMMY_OP_groupi_g6935/COUT    -       CIN->COUT F     sky130_fd_sc_hs__fa_1           1  8.1    68   239    6945    (-,-) 
  u_tile_ctrl/WALLACE_CSA_DUMMY_OP_groupi_g6934/COUT    -       CIN->COUT F     sky130_fd_sc_hs__fa_1           4 12.1    85   246    7190    (-,-) 
  u_tile_ctrl/WALLACE_CSA_DUMMY_OP_groupi_g6933/Y       -       A->Y      R     sky130_fd_sc_hs__nand3_1        2  5.7    71    79    7270    (-,-) 
  u_tile_ctrl/WALLACE_CSA_DUMMY_OP_groupi_g6930/Y       -       A_N->Y    R     sky130_fd_sc_hs__nand3b_1       2  6.4    81   100    7370    (-,-) 
  u_tile_ctrl/WALLACE_CSA_DUMMY_OP_groupi_g6925/Y       -       A2->Y     F     sky130_fd_sc_hs__o221ai_1       4 11.9   148   150    7520    (-,-) 
  u_tile_ctrl/WALLACE_CSA_DUMMY_OP_groupi_g6922/X       -       A->X      F     sky130_fd_sc_hs__and3_1         2  5.4    34   130    7649    (-,-) 
  u_tile_ctrl/WALLACE_CSA_DUMMY_OP_groupi_g6912/X       -       A1->X     F     sky130_fd_sc_hs__a311o_1        1  8.1    62   213    7862    (-,-) 
  u_tile_ctrl/WALLACE_CSA_DUMMY_OP_groupi_g6906/COUT    -       CIN->COUT F     sky130_fd_sc_hs__fa_1           1  8.1    68   225    8087    (-,-) 
  u_tile_ctrl/WALLACE_CSA_DUMMY_OP_groupi_g6905/COUT    -       CIN->COUT F     sky130_fd_sc_hs__fa_1           3  9.1    73   232    8320    (-,-) 
  u_tile_ctrl/WALLACE_CSA_DUMMY_OP_groupi_g6903__6161/Y -       A1->Y     R     sky130_fd_sc_hs__a21oi_1        2  6.1   132   134    8454    (-,-) 
  u_tile_ctrl/WALLACE_CSA_DUMMY_OP_groupi_g6902__4733/Y -       B2->Y     F     sky130_fd_sc_hs__o2bb2ai_1      1  2.2    41    53    8507    (-,-) 
  u_tile_ctrl/dma_rd_addr_reg[63]/D                     -       -         F     sky130_fd_sc_hs__sdfxtp_1       1    -     -     4    8510    (-,-) 
#---------------------------------------------------------------------------------------------------------------------------------------------------



Path 6: MET (1181 ps) Setup Check with Pin u_tile_ctrl/dma_rd_addr_reg[62]/CLK->D
          Group: clk
     Startpoint: (R) u_tile_ctrl/q_idx_reg[1]/CLK
          Clock: (R) clk
       Endpoint: (F) u_tile_ctrl/dma_rd_addr_reg[62]/D
          Clock: (R) clk

                     Capture       Launch     
        Clock Edge:+   10000            0     
       Src Latency:+       0            0     
       Net Latency:+       0 (I)        0 (I) 
           Arrival:=   10000            0     
                                              
             Setup:-     172                  
       Uncertainty:-     200                  
     Required Time:=    9628                  
      Launch Clock:-       0                  
         Data Path:-    8447                  
             Slack:=    1181                  

#------------------------------------------------------------------------------------------------------------------------------------------------
#                   Timing Point                     Flags     Arc     Edge            Cell             Fanout Load Trans Delay Arrival Instance 
#                                                                                                              (fF)  (ps)  (ps)   (ps)  Location 
#------------------------------------------------------------------------------------------------------------------------------------------------
  u_tile_ctrl/q_idx_reg[1]/CLK                       -       -         R     (arrival)                    1242    -   100     0       0    (-,-) 
  u_tile_ctrl/q_idx_reg[1]/Q                         -       CLK->Q    R     sky130_fd_sc_hs__dfrbp_1       17 51.4   401   488     488    (-,-) 
  u_tile_ctrl/drc_buf_sp10581/X                      -       A->X      R     sky130_fd_sc_hs__clkbuf_1      17 51.7   356   339     827    (-,-) 
  u_tile_ctrl/csa_tree_mul_121_78_g10328/Y           -       B->Y      F     sky130_fd_sc_hs__nand2_1        1 10.2   107   121     947    (-,-) 
  u_tile_ctrl/csa_tree_mul_121_78_g10120/SUM         -       B->SUM    R     sky130_fd_sc_hs__fa_1           1  8.1    73   348    1295    (-,-) 
  u_tile_ctrl/g10655/SUM                             -       CIN->SUM  F     sky130_fd_sc_hs__fa_1           2  8.0    62   268    1564    (-,-) 
  u_tile_ctrl/csa_tree_mul_121_78_g10038/SUM         -       B->SUM    R     sky130_fd_sc_hs__ha_1           2  6.1    62   196    1760    (-,-) 
  u_tile_ctrl/csa_tree_mul_121_78_g10003/Y           -       A2_N->Y   R     sky130_fd_sc_hs__o2bb2ai_1      2 11.0   196   135    1895    (-,-) 
  u_tile_ctrl/g8037__2346/X                          -       A1->X     R     sky130_fd_sc_hs__a22o_1         1  8.1    74   169    2064    (-,-) 
  u_tile_ctrl/g10654/SUM                             -       CIN->SUM  F     sky130_fd_sc_hs__fa_1           2  6.3    54   259    2323    (-,-) 
  u_tile_ctrl/WALLACE_CSA_DUMMY_OP_groupi_g7103/Y    -       B->Y      R     sky130_fd_sc_hs__nor2_1         3  9.4   141   125    2449    (-,-) 
  u_tile_ctrl/WALLACE_CSA_DUMMY_OP_groupi_g7041/Y    -       A2->Y     F     sky130_fd_sc_hs__o21ai_1        1  3.2    43    61    2510    (-,-) 
  u_tile_ctrl/WALLACE_CSA_DUMMY_OP_groupi_g7013/Y    -       B1->Y     R     sky130_fd_sc_hs__a21oi_1        3  8.8   171   147    2657    (-,-) 
  u_tile_ctrl/WALLACE_CSA_DUMMY_OP_groupi_g2/X       -       A2->X     R     sky130_fd_sc_hs__o21a_1         3  9.3    83   140    2797    (-,-) 
  u_tile_ctrl/WALLACE_CSA_DUMMY_OP_groupi_g7006/Y    -       A2->Y     F     sky130_fd_sc_hs__o21ai_1        1  8.1    73    78    2875    (-,-) 
  u_tile_ctrl/WALLACE_CSA_DUMMY_OP_groupi_g7005/COUT -       CIN->COUT F     sky130_fd_sc_hs__fa_1           1  8.1    68   228    3103    (-,-) 
  u_tile_ctrl/WALLACE_CSA_DUMMY_OP_groupi_g7004/COUT -       CIN->COUT F     sky130_fd_sc_hs__fa_1           1  8.1    68   226    3329    (-,-) 
  u_tile_ctrl/WALLACE_CSA_DUMMY_OP_groupi_g7003/COUT -       CIN->COUT F     sky130_fd_sc_hs__fa_1           1  8.1    68   226    3556    (-,-) 
  u_tile_ctrl/WALLACE_CSA_DUMMY_OP_groupi_g7002/COUT -       CIN->COUT F     sky130_fd_sc_hs__fa_1           3 11.1    82   242    3797    (-,-) 
  u_tile_ctrl/WALLACE_CSA_DUMMY_OP_groupi_g7001/Y    -       A->Y      R     sky130_fd_sc_hs__nand2_1        2  5.7    54    69    3867    (-,-) 
  u_tile_ctrl/WALLACE_CSA_DUMMY_OP_groupi_g6997/Y    -       C->Y      F     sky130_fd_sc_hs__nor3_1         1  3.2    52    38    3905    (-,-) 
  u_tile_ctrl/WALLACE_CSA_DUMMY_OP_groupi_g6993/Y    -       B->Y      R     sky130_fd_sc_hs__nor2_1         4 12.0   173   149    4054    (-,-) 
  u_tile_ctrl/WALLACE_CSA_DUMMY_OP_groupi_g6992/X    -       C->X      R     sky130_fd_sc_hs__or3_1          2  5.5    52   114    4168    (-,-) 
  u_tile_ctrl/WALLACE_CSA_DUMMY_OP_groupi_g6984/Y    -       A3->Y     F     sky130_fd_sc_hs__o311ai_1       2  8.1   106    92    4260    (-,-) 
  u_tile_ctrl/WALLACE_CSA_DUMMY_OP_groupi_g6983/Y    -       A->Y      R     sky130_fd_sc_hs__nand2_1        2  6.1    60    79    4340    (-,-) 
  u_tile_ctrl/WALLACE_CSA_DUMMY_OP_groupi_g6979/Y    -       A2->Y     F     sky130_fd_sc_hs__o221ai_1       1  8.1   118   123    4463    (-,-) 
  u_tile_ctrl/WALLACE_CSA_DUMMY_OP_groupi_g6977/COUT -       CIN->COUT F     sky130_fd_sc_hs__fa_1           1  8.1    68   243    4706    (-,-) 
  u_tile_ctrl/WALLACE_CSA_DUMMY_OP_groupi_g6976/COUT -       CIN->COUT F     sky130_fd_sc_hs__fa_1           2  7.9    67   225    4931    (-,-) 
  u_tile_ctrl/WALLACE_CSA_DUMMY_OP_groupi_g6975/Y    -       B->Y      R     sky130_fd_sc_hs__nand2b_1       2  6.1    74    86    5017    (-,-) 
  u_tile_ctrl/WALLACE_CSA_DUMMY_OP_groupi_g6972/Y    -       A2->Y     F     sky130_fd_sc_hs__o221ai_1       1  8.1   118   125    5142    (-,-) 
  u_tile_ctrl/WALLACE_CSA_DUMMY_OP_groupi_g6970/COUT -       CIN->COUT F     sky130_fd_sc_hs__fa_1           1  8.1    68   243    5385    (-,-) 
  u_tile_ctrl/WALLACE_CSA_DUMMY_OP_groupi_g6969/COUT -       CIN->COUT F     sky130_fd_sc_hs__fa_1           2  7.5    64   223    5608    (-,-) 
  u_tile_ctrl/WALLACE_CSA_DUMMY_OP_groupi_g6968/Y    -       B_N->Y    F     sky130_fd_sc_hs__nor2b_1        2  6.0    43    98    5706    (-,-) 
  u_tile_ctrl/WALLACE_CSA_DUMMY_OP_groupi_g6965/Y    -       B->Y      R     sky130_fd_sc_hs__nand2b_1       2  5.5    67    73    5780    (-,-) 
  u_tile_ctrl/WALLACE_CSA_DUMMY_OP_groupi_g6960/Y    -       A3->Y     F     sky130_fd_sc_hs__o311ai_1       2  7.9   105    94    5874    (-,-) 
  u_tile_ctrl/WALLACE_CSA_DUMMY_OP_groupi_g6959/Y    -       B->Y      R     sky130_fd_sc_hs__nand2b_1       2  6.0    77    99    5973    (-,-) 
  u_tile_ctrl/WALLACE_CSA_DUMMY_OP_groupi_g6955/Y    -       B->Y      F     sky130_fd_sc_hs__nor2_1         2  6.4    51    50    6023    (-,-) 
  u_tile_ctrl/WALLACE_CSA_DUMMY_OP_groupi_g6954/Y    -       A->Y      R     sky130_fd_sc_hs__clkinv_1       1  3.0    29    35    6058    (-,-) 
  u_tile_ctrl/WALLACE_CSA_DUMMY_OP_groupi_g6949/Y    -       A3->Y     F     sky130_fd_sc_hs__o311ai_1       2  8.0   102    88    6147    (-,-) 
  u_tile_ctrl/g10645/Y                               -       B->Y      R     sky130_fd_sc_hs__nand2_1        3  9.1    80   101    6247    (-,-) 
  u_tile_ctrl/g10382/Y                               -       A->Y      F     sky130_fd_sc_hs__nor2b_1        1  4.7    35    49    6297    (-,-) 
  u_tile_ctrl/g10375/COUT                            -       B->COUT   F     sky130_fd_sc_hs__ha_1           2  8.0    46   127    6423    (-,-) 
  u_tile_ctrl/g10381/Y                               -       A->Y      R     sky130_fd_sc_hs__nor2b_1        4 12.2   204   182    6605    (-,-) 
  u_tile_ctrl/WALLACE_CSA_DUMMY_OP_groupi_g6938/Y    -       A3->Y     F     sky130_fd_sc_hs__o311ai_1       1  8.1   105   115    6720    (-,-) 
  u_tile_ctrl/WALLACE_CSA_DUMMY_OP_groupi_g6935/COUT -       CIN->COUT F     sky130_fd_sc_hs__fa_1           1  8.1    68   239    6959    (-,-) 
  u_tile_ctrl/WALLACE_CSA_DUMMY_OP_groupi_g6934/COUT -       CIN->COUT F     sky130_fd_sc_hs__fa_1           4 12.1    85   246    7205    (-,-) 
  u_tile_ctrl/WALLACE_CSA_DUMMY_OP_groupi_g6933/Y    -       A->Y      R     sky130_fd_sc_hs__nand3_1        2  5.7    71    79    7284    (-,-) 
  u_tile_ctrl/WALLACE_CSA_DUMMY_OP_groupi_g6930/Y    -       A_N->Y    R     sky130_fd_sc_hs__nand3b_1       2  6.4    81   100    7384    (-,-) 
  u_tile_ctrl/WALLACE_CSA_DUMMY_OP_groupi_g6925/Y    -       A2->Y     F     sky130_fd_sc_hs__o221ai_1       4 11.9   148   150    7534    (-,-) 
  u_tile_ctrl/WALLACE_CSA_DUMMY_OP_groupi_g6922/X    -       A->X      F     sky130_fd_sc_hs__and3_1         2  5.4    34   130    7664    (-,-) 
  u_tile_ctrl/WALLACE_CSA_DUMMY_OP_groupi_g6912/X    -       A1->X     F     sky130_fd_sc_hs__a311o_1        1  8.1    62   213    7877    (-,-) 
  u_tile_ctrl/WALLACE_CSA_DUMMY_OP_groupi_g6906/COUT -       CIN->COUT F     sky130_fd_sc_hs__fa_1           1  8.1    68   225    8101    (-,-) 
  u_tile_ctrl/WALLACE_CSA_DUMMY_OP_groupi_g6905/COUT -       CIN->COUT F     sky130_fd_sc_hs__fa_1           3  9.1    73   232    8334    (-,-) 
  u_tile_ctrl/WALLACE_CSA_DUMMY_OP_groupi_g6904/Y    -       A2_N->Y   F     sky130_fd_sc_hs__o2bb2ai_1      1  2.2    35   110    8443    (-,-) 
  u_tile_ctrl/dma_rd_addr_reg[62]/D                  -       -         F     sky130_fd_sc_hs__sdfxtp_1       1    -     -     4    8447    (-,-) 
#------------------------------------------------------------------------------------------------------------------------------------------------



Path 7: MET (1191 ps) Setup Check with Pin u_tile_ctrl/dma_rd_addr_reg[62]/CLK->D
          Group: clk
     Startpoint: (R) u_tile_ctrl/q_idx_reg[1]/CLK
          Clock: (R) clk
       Endpoint: (F) u_tile_ctrl/dma_rd_addr_reg[62]/D
          Clock: (R) clk

                     Capture       Launch     
        Clock Edge:+   10000            0     
       Src Latency:+       0            0     
       Net Latency:+       0 (I)        0 (I) 
           Arrival:=   10000            0     
                                              
             Setup:-     172                  
       Uncertainty:-     200                  
     Required Time:=    9628                  
      Launch Clock:-       0                  
         Data Path:-    8437                  
             Slack:=    1191                  

#------------------------------------------------------------------------------------------------------------------------------------------------
#                   Timing Point                     Flags     Arc     Edge            Cell             Fanout Load Trans Delay Arrival Instance 
#                                                                                                              (fF)  (ps)  (ps)   (ps)  Location 
#------------------------------------------------------------------------------------------------------------------------------------------------
  u_tile_ctrl/q_idx_reg[1]/CLK                       -       -         R     (arrival)                    1242    -   100     0       0    (-,-) 
  u_tile_ctrl/q_idx_reg[1]/Q                         -       CLK->Q    R     sky130_fd_sc_hs__dfrbp_1       17 51.4   401   488     488    (-,-) 
  u_tile_ctrl/drc_buf_sp10581/X                      -       A->X      R     sky130_fd_sc_hs__clkbuf_1      17 51.7   356   339     827    (-,-) 
  u_tile_ctrl/csa_tree_mul_121_78_g10328/Y           -       B->Y      F     sky130_fd_sc_hs__nand2_1        1 10.2   107   121     947    (-,-) 
  u_tile_ctrl/csa_tree_mul_121_78_g10120/SUM         -       B->SUM    R     sky130_fd_sc_hs__fa_1           1  8.1    73   348    1295    (-,-) 
  u_tile_ctrl/g10655/SUM                             -       CIN->SUM  F     sky130_fd_sc_hs__fa_1           2  8.0    62   268    1564    (-,-) 
  u_tile_ctrl/csa_tree_mul_121_78_g10038/SUM         -       B->SUM    F     sky130_fd_sc_hs__ha_1           2  6.1    42   151    1715    (-,-) 
  u_tile_ctrl/csa_tree_mul_121_78_g10003/Y           -       B2->Y     R     sky130_fd_sc_hs__o2bb2ai_1      2 11.0   196   170    1885    (-,-) 
  u_tile_ctrl/g8037__2346/X                          -       A1->X     R     sky130_fd_sc_hs__a22o_1         1  8.1    74   169    2054    (-,-) 
  u_tile_ctrl/g10654/SUM                             -       CIN->SUM  F     sky130_fd_sc_hs__fa_1           2  6.3    54   259    2314    (-,-) 
  u_tile_ctrl/WALLACE_CSA_DUMMY_OP_groupi_g7103/Y    -       B->Y      R     sky130_fd_sc_hs__nor2_1         3  9.4   141   125    2439    (-,-) 
  u_tile_ctrl/WALLACE_CSA_DUMMY_OP_groupi_g7041/Y    -       A2->Y     F     sky130_fd_sc_hs__o21ai_1        1  3.2    43    61    2500    (-,-) 
  u_tile_ctrl/WALLACE_CSA_DUMMY_OP_groupi_g7013/Y    -       B1->Y     R     sky130_fd_sc_hs__a21oi_1        3  8.8   171   147    2647    (-,-) 
  u_tile_ctrl/WALLACE_CSA_DUMMY_OP_groupi_g2/X       -       A2->X     R     sky130_fd_sc_hs__o21a_1         3  9.3    83   140    2787    (-,-) 
  u_tile_ctrl/WALLACE_CSA_DUMMY_OP_groupi_g7006/Y    -       A2->Y     F     sky130_fd_sc_hs__o21ai_1        1  8.1    73    78    2865    (-,-) 
  u_tile_ctrl/WALLACE_CSA_DUMMY_OP_groupi_g7005/COUT -       CIN->COUT F     sky130_fd_sc_hs__fa_1           1  8.1    68   228    3093    (-,-) 
  u_tile_ctrl/WALLACE_CSA_DUMMY_OP_groupi_g7004/COUT -       CIN->COUT F     sky130_fd_sc_hs__fa_1           1  8.1    68   226    3319    (-,-) 
  u_tile_ctrl/WALLACE_CSA_DUMMY_OP_groupi_g7003/COUT -       CIN->COUT F     sky130_fd_sc_hs__fa_1           1  8.1    68   226    3546    (-,-) 
  u_tile_ctrl/WALLACE_CSA_DUMMY_OP_groupi_g7002/COUT -       CIN->COUT F     sky130_fd_sc_hs__fa_1           3 11.1    82   242    3788    (-,-) 
  u_tile_ctrl/WALLACE_CSA_DUMMY_OP_groupi_g7001/Y    -       A->Y      R     sky130_fd_sc_hs__nand2_1        2  5.7    54    69    3857    (-,-) 
  u_tile_ctrl/WALLACE_CSA_DUMMY_OP_groupi_g6997/Y    -       C->Y      F     sky130_fd_sc_hs__nor3_1         1  3.2    52    38    3895    (-,-) 
  u_tile_ctrl/WALLACE_CSA_DUMMY_OP_groupi_g6993/Y    -       B->Y      R     sky130_fd_sc_hs__nor2_1         4 12.0   173   149    4044    (-,-) 
  u_tile_ctrl/WALLACE_CSA_DUMMY_OP_groupi_g6992/X    -       C->X      R     sky130_fd_sc_hs__or3_1          2  5.5    52   114    4158    (-,-) 
  u_tile_ctrl/WALLACE_CSA_DUMMY_OP_groupi_g6984/Y    -       A3->Y     F     sky130_fd_sc_hs__o311ai_1       2  8.1   106    92    4250    (-,-) 
  u_tile_ctrl/WALLACE_CSA_DUMMY_OP_groupi_g6983/Y    -       A->Y      R     sky130_fd_sc_hs__nand2_1        2  6.1    60    79    4330    (-,-) 
  u_tile_ctrl/WALLACE_CSA_DUMMY_OP_groupi_g6979/Y    -       A2->Y     F     sky130_fd_sc_hs__o221ai_1       1  8.1   118   123    4453    (-,-) 
  u_tile_ctrl/WALLACE_CSA_DUMMY_OP_groupi_g6977/COUT -       CIN->COUT F     sky130_fd_sc_hs__fa_1           1  8.1    68   243    4696    (-,-) 
  u_tile_ctrl/WALLACE_CSA_DUMMY_OP_groupi_g6976/COUT -       CIN->COUT F     sky130_fd_sc_hs__fa_1           2  7.9    67   225    4921    (-,-) 
  u_tile_ctrl/WALLACE_CSA_DUMMY_OP_groupi_g6975/Y    -       B->Y      R     sky130_fd_sc_hs__nand2b_1       2  6.1    74    86    5007    (-,-) 
  u_tile_ctrl/WALLACE_CSA_DUMMY_OP_groupi_g6972/Y    -       A2->Y     F     sky130_fd_sc_hs__o221ai_1       1  8.1   118   125    5132    (-,-) 
  u_tile_ctrl/WALLACE_CSA_DUMMY_OP_groupi_g6970/COUT -       CIN->COUT F     sky130_fd_sc_hs__fa_1           1  8.1    68   243    5375    (-,-) 
  u_tile_ctrl/WALLACE_CSA_DUMMY_OP_groupi_g6969/COUT -       CIN->COUT F     sky130_fd_sc_hs__fa_1           2  7.5    64   223    5598    (-,-) 
  u_tile_ctrl/WALLACE_CSA_DUMMY_OP_groupi_g6968/Y    -       B_N->Y    F     sky130_fd_sc_hs__nor2b_1        2  6.0    43    98    5696    (-,-) 
  u_tile_ctrl/WALLACE_CSA_DUMMY_OP_groupi_g6965/Y    -       B->Y      R     sky130_fd_sc_hs__nand2b_1       2  5.5    67    73    5770    (-,-) 
  u_tile_ctrl/WALLACE_CSA_DUMMY_OP_groupi_g6960/Y    -       A3->Y     F     sky130_fd_sc_hs__o311ai_1       2  7.9   105    94    5864    (-,-) 
  u_tile_ctrl/WALLACE_CSA_DUMMY_OP_groupi_g6959/Y    -       B->Y      R     sky130_fd_sc_hs__nand2b_1       2  6.0    77    99    5963    (-,-) 
  u_tile_ctrl/WALLACE_CSA_DUMMY_OP_groupi_g6955/Y    -       B->Y      F     sky130_fd_sc_hs__nor2_1         2  6.4    51    50    6013    (-,-) 
  u_tile_ctrl/WALLACE_CSA_DUMMY_OP_groupi_g6954/Y    -       A->Y      R     sky130_fd_sc_hs__clkinv_1       1  3.0    29    35    6048    (-,-) 
  u_tile_ctrl/WALLACE_CSA_DUMMY_OP_groupi_g6949/Y    -       A3->Y     F     sky130_fd_sc_hs__o311ai_1       2  8.0   102    88    6137    (-,-) 
  u_tile_ctrl/g10645/Y                               -       B->Y      R     sky130_fd_sc_hs__nand2_1        3  9.1    80   101    6238    (-,-) 
  u_tile_ctrl/g10382/Y                               -       A->Y      F     sky130_fd_sc_hs__nor2b_1        1  4.7    35    49    6287    (-,-) 
  u_tile_ctrl/g10375/COUT                            -       B->COUT   F     sky130_fd_sc_hs__ha_1           2  8.0    46   127    6413    (-,-) 
  u_tile_ctrl/g10381/Y                               -       A->Y      R     sky130_fd_sc_hs__nor2b_1        4 12.2   204   182    6595    (-,-) 
  u_tile_ctrl/WALLACE_CSA_DUMMY_OP_groupi_g6938/Y    -       A3->Y     F     sky130_fd_sc_hs__o311ai_1       1  8.1   105   115    6710    (-,-) 
  u_tile_ctrl/WALLACE_CSA_DUMMY_OP_groupi_g6935/COUT -       CIN->COUT F     sky130_fd_sc_hs__fa_1           1  8.1    68   239    6949    (-,-) 
  u_tile_ctrl/WALLACE_CSA_DUMMY_OP_groupi_g6934/COUT -       CIN->COUT F     sky130_fd_sc_hs__fa_1           4 12.1    85   246    7195    (-,-) 
  u_tile_ctrl/WALLACE_CSA_DUMMY_OP_groupi_g6933/Y    -       A->Y      R     sky130_fd_sc_hs__nand3_1        2  5.7    71    79    7274    (-,-) 
  u_tile_ctrl/WALLACE_CSA_DUMMY_OP_groupi_g6930/Y    -       A_N->Y    R     sky130_fd_sc_hs__nand3b_1       2  6.4    81   100    7374    (-,-) 
  u_tile_ctrl/WALLACE_CSA_DUMMY_OP_groupi_g6925/Y    -       A2->Y     F     sky130_fd_sc_hs__o221ai_1       4 11.9   148   150    7524    (-,-) 
  u_tile_ctrl/WALLACE_CSA_DUMMY_OP_groupi_g6922/X    -       A->X      F     sky130_fd_sc_hs__and3_1         2  5.4    34   130    7654    (-,-) 
  u_tile_ctrl/WALLACE_CSA_DUMMY_OP_groupi_g6912/X    -       A1->X     F     sky130_fd_sc_hs__a311o_1        1  8.1    62   213    7867    (-,-) 
  u_tile_ctrl/WALLACE_CSA_DUMMY_OP_groupi_g6906/COUT -       CIN->COUT F     sky130_fd_sc_hs__fa_1           1  8.1    68   225    8092    (-,-) 
  u_tile_ctrl/WALLACE_CSA_DUMMY_OP_groupi_g6905/COUT -       CIN->COUT F     sky130_fd_sc_hs__fa_1           3  9.1    73   232    8324    (-,-) 
  u_tile_ctrl/WALLACE_CSA_DUMMY_OP_groupi_g6904/Y    -       A2_N->Y   F     sky130_fd_sc_hs__o2bb2ai_1      1  2.2    35   110    8433    (-,-) 
  u_tile_ctrl/dma_rd_addr_reg[62]/D                  -       -         F     sky130_fd_sc_hs__sdfxtp_1       1    -     -     4    8437    (-,-) 
#------------------------------------------------------------------------------------------------------------------------------------------------



Path 8: MET (1195 ps) Setup Check with Pin u_tile_ctrl/dma_rd_addr_reg[62]/CLK->D
          Group: clk
     Startpoint: (R) u_tile_ctrl/q_idx_reg[1]/CLK
          Clock: (R) clk
       Endpoint: (F) u_tile_ctrl/dma_rd_addr_reg[62]/D
          Clock: (R) clk

                     Capture       Launch     
        Clock Edge:+   10000            0     
       Src Latency:+       0            0     
       Net Latency:+       0 (I)        0 (I) 
           Arrival:=   10000            0     
                                              
             Setup:-     172                  
       Uncertainty:-     200                  
     Required Time:=    9628                  
      Launch Clock:-       0                  
         Data Path:-    8433                  
             Slack:=    1195                  

#------------------------------------------------------------------------------------------------------------------------------------------------
#                   Timing Point                     Flags     Arc     Edge            Cell             Fanout Load Trans Delay Arrival Instance 
#                                                                                                              (fF)  (ps)  (ps)   (ps)  Location 
#------------------------------------------------------------------------------------------------------------------------------------------------
  u_tile_ctrl/q_idx_reg[1]/CLK                       -       -         R     (arrival)                    1242    -   100     0       0    (-,-) 
  u_tile_ctrl/q_idx_reg[1]/Q                         -       CLK->Q    R     sky130_fd_sc_hs__dfrbp_1       17 51.4   401   488     488    (-,-) 
  u_tile_ctrl/drc_buf_sp10581/X                      -       A->X      R     sky130_fd_sc_hs__clkbuf_1      17 51.7   356   339     827    (-,-) 
  u_tile_ctrl/csa_tree_mul_121_78_g10328/Y           -       B->Y      F     sky130_fd_sc_hs__nand2_1        1 10.2   107   121     947    (-,-) 
  u_tile_ctrl/csa_tree_mul_121_78_g10120/SUM         -       B->SUM    R     sky130_fd_sc_hs__fa_1           1  8.1    73   348    1295    (-,-) 
  u_tile_ctrl/g10655/SUM                             -       CIN->SUM  F     sky130_fd_sc_hs__fa_1           2  8.0    62   268    1564    (-,-) 
  u_tile_ctrl/csa_tree_mul_121_78_g10038/SUM         -       B->SUM    R     sky130_fd_sc_hs__ha_1           2  6.1    62   196    1760    (-,-) 
  u_tile_ctrl/csa_tree_mul_121_78_g10003/Y           -       A2_N->Y   R     sky130_fd_sc_hs__o2bb2ai_1      2 11.0   196   135    1895    (-,-) 
  u_tile_ctrl/g8037__2346/X                          -       A1->X     R     sky130_fd_sc_hs__a22o_1         1  8.1    74   169    2064    (-,-) 
  u_tile_ctrl/g10654/SUM                             -       CIN->SUM  F     sky130_fd_sc_hs__fa_1           2  6.3    54   259    2323    (-,-) 
  u_tile_ctrl/WALLACE_CSA_DUMMY_OP_groupi_g7103/Y    -       B->Y      R     sky130_fd_sc_hs__nor2_1         3  9.4   141   125    2449    (-,-) 
  u_tile_ctrl/WALLACE_CSA_DUMMY_OP_groupi_g7049/Y    -       B->Y      F     sky130_fd_sc_hs__nor2_1         1  3.1    40    42    2490    (-,-) 
  u_tile_ctrl/WALLACE_CSA_DUMMY_OP_groupi_g7013/Y    -       A1->Y     R     sky130_fd_sc_hs__a21oi_1        3  8.8   171   152    2643    (-,-) 
  u_tile_ctrl/WALLACE_CSA_DUMMY_OP_groupi_g2/X       -       A2->X     R     sky130_fd_sc_hs__o21a_1         3  9.3    83   140    2782    (-,-) 
  u_tile_ctrl/WALLACE_CSA_DUMMY_OP_groupi_g7006/Y    -       A2->Y     F     sky130_fd_sc_hs__o21ai_1        1  8.1    73    78    2860    (-,-) 
  u_tile_ctrl/WALLACE_CSA_DUMMY_OP_groupi_g7005/COUT -       CIN->COUT F     sky130_fd_sc_hs__fa_1           1  8.1    68   228    3089    (-,-) 
  u_tile_ctrl/WALLACE_CSA_DUMMY_OP_groupi_g7004/COUT -       CIN->COUT F     sky130_fd_sc_hs__fa_1           1  8.1    68   226    3315    (-,-) 
  u_tile_ctrl/WALLACE_CSA_DUMMY_OP_groupi_g7003/COUT -       CIN->COUT F     sky130_fd_sc_hs__fa_1           1  8.1    68   226    3541    (-,-) 
  u_tile_ctrl/WALLACE_CSA_DUMMY_OP_groupi_g7002/COUT -       CIN->COUT F     sky130_fd_sc_hs__fa_1           3 11.1    82   242    3783    (-,-) 
  u_tile_ctrl/WALLACE_CSA_DUMMY_OP_groupi_g7001/Y    -       A->Y      R     sky130_fd_sc_hs__nand2_1        2  5.7    54    69    3852    (-,-) 
  u_tile_ctrl/WALLACE_CSA_DUMMY_OP_groupi_g6997/Y    -       C->Y      F     sky130_fd_sc_hs__nor3_1         1  3.2    52    38    3890    (-,-) 
  u_tile_ctrl/WALLACE_CSA_DUMMY_OP_groupi_g6993/Y    -       B->Y      R     sky130_fd_sc_hs__nor2_1         4 12.0   173   149    4039    (-,-) 
  u_tile_ctrl/WALLACE_CSA_DUMMY_OP_groupi_g6992/X    -       C->X      R     sky130_fd_sc_hs__or3_1          2  5.5    52   114    4154    (-,-) 
  u_tile_ctrl/WALLACE_CSA_DUMMY_OP_groupi_g6984/Y    -       A3->Y     F     sky130_fd_sc_hs__o311ai_1       2  8.1   106    92    4246    (-,-) 
  u_tile_ctrl/WALLACE_CSA_DUMMY_OP_groupi_g6983/Y    -       A->Y      R     sky130_fd_sc_hs__nand2_1        2  6.1    60    79    4325    (-,-) 
  u_tile_ctrl/WALLACE_CSA_DUMMY_OP_groupi_g6979/Y    -       A2->Y     F     sky130_fd_sc_hs__o221ai_1       1  8.1   118   123    4448    (-,-) 
  u_tile_ctrl/WALLACE_CSA_DUMMY_OP_groupi_g6977/COUT -       CIN->COUT F     sky130_fd_sc_hs__fa_1           1  8.1    68   243    4692    (-,-) 
  u_tile_ctrl/WALLACE_CSA_DUMMY_OP_groupi_g6976/COUT -       CIN->COUT F     sky130_fd_sc_hs__fa_1           2  7.9    67   225    4917    (-,-) 
  u_tile_ctrl/WALLACE_CSA_DUMMY_OP_groupi_g6975/Y    -       B->Y      R     sky130_fd_sc_hs__nand2b_1       2  6.1    74    86    5002    (-,-) 
  u_tile_ctrl/WALLACE_CSA_DUMMY_OP_groupi_g6972/Y    -       A2->Y     F     sky130_fd_sc_hs__o221ai_1       1  8.1   118   125    5128    (-,-) 
  u_tile_ctrl/WALLACE_CSA_DUMMY_OP_groupi_g6970/COUT -       CIN->COUT F     sky130_fd_sc_hs__fa_1           1  8.1    68   243    5371    (-,-) 
  u_tile_ctrl/WALLACE_CSA_DUMMY_OP_groupi_g6969/COUT -       CIN->COUT F     sky130_fd_sc_hs__fa_1           2  7.5    64   223    5594    (-,-) 
  u_tile_ctrl/WALLACE_CSA_DUMMY_OP_groupi_g6968/Y    -       B_N->Y    F     sky130_fd_sc_hs__nor2b_1        2  6.0    43    98    5692    (-,-) 
  u_tile_ctrl/WALLACE_CSA_DUMMY_OP_groupi_g6965/Y    -       B->Y      R     sky130_fd_sc_hs__nand2b_1       2  5.5    67    73    5765    (-,-) 
  u_tile_ctrl/WALLACE_CSA_DUMMY_OP_groupi_g6960/Y    -       A3->Y     F     sky130_fd_sc_hs__o311ai_1       2  7.9   105    94    5860    (-,-) 
  u_tile_ctrl/WALLACE_CSA_DUMMY_OP_groupi_g6959/Y    -       B->Y      R     sky130_fd_sc_hs__nand2b_1       2  6.0    77    99    5959    (-,-) 
  u_tile_ctrl/WALLACE_CSA_DUMMY_OP_groupi_g6955/Y    -       B->Y      F     sky130_fd_sc_hs__nor2_1         2  6.4    51    50    6009    (-,-) 
  u_tile_ctrl/WALLACE_CSA_DUMMY_OP_groupi_g6954/Y    -       A->Y      R     sky130_fd_sc_hs__clkinv_1       1  3.0    29    35    6044    (-,-) 
  u_tile_ctrl/WALLACE_CSA_DUMMY_OP_groupi_g6949/Y    -       A3->Y     F     sky130_fd_sc_hs__o311ai_1       2  8.0   102    88    6132    (-,-) 
  u_tile_ctrl/g10645/Y                               -       B->Y      R     sky130_fd_sc_hs__nand2_1        3  9.1    80   101    6233    (-,-) 
  u_tile_ctrl/g10382/Y                               -       A->Y      F     sky130_fd_sc_hs__nor2b_1        1  4.7    35    49    6282    (-,-) 
  u_tile_ctrl/g10375/COUT                            -       B->COUT   F     sky130_fd_sc_hs__ha_1           2  8.0    46   127    6409    (-,-) 
  u_tile_ctrl/g10381/Y                               -       A->Y      R     sky130_fd_sc_hs__nor2b_1        4 12.2   204   182    6591    (-,-) 
  u_tile_ctrl/WALLACE_CSA_DUMMY_OP_groupi_g6938/Y    -       A3->Y     F     sky130_fd_sc_hs__o311ai_1       1  8.1   105   115    6706    (-,-) 
  u_tile_ctrl/WALLACE_CSA_DUMMY_OP_groupi_g6935/COUT -       CIN->COUT F     sky130_fd_sc_hs__fa_1           1  8.1    68   239    6945    (-,-) 
  u_tile_ctrl/WALLACE_CSA_DUMMY_OP_groupi_g6934/COUT -       CIN->COUT F     sky130_fd_sc_hs__fa_1           4 12.1    85   246    7190    (-,-) 
  u_tile_ctrl/WALLACE_CSA_DUMMY_OP_groupi_g6933/Y    -       A->Y      R     sky130_fd_sc_hs__nand3_1        2  5.7    71    79    7270    (-,-) 
  u_tile_ctrl/WALLACE_CSA_DUMMY_OP_groupi_g6930/Y    -       A_N->Y    R     sky130_fd_sc_hs__nand3b_1       2  6.4    81   100    7370    (-,-) 
  u_tile_ctrl/WALLACE_CSA_DUMMY_OP_groupi_g6925/Y    -       A2->Y     F     sky130_fd_sc_hs__o221ai_1       4 11.9   148   150    7520    (-,-) 
  u_tile_ctrl/WALLACE_CSA_DUMMY_OP_groupi_g6922/X    -       A->X      F     sky130_fd_sc_hs__and3_1         2  5.4    34   130    7649    (-,-) 
  u_tile_ctrl/WALLACE_CSA_DUMMY_OP_groupi_g6912/X    -       A1->X     F     sky130_fd_sc_hs__a311o_1        1  8.1    62   213    7862    (-,-) 
  u_tile_ctrl/WALLACE_CSA_DUMMY_OP_groupi_g6906/COUT -       CIN->COUT F     sky130_fd_sc_hs__fa_1           1  8.1    68   225    8087    (-,-) 
  u_tile_ctrl/WALLACE_CSA_DUMMY_OP_groupi_g6905/COUT -       CIN->COUT F     sky130_fd_sc_hs__fa_1           3  9.1    73   232    8320    (-,-) 
  u_tile_ctrl/WALLACE_CSA_DUMMY_OP_groupi_g6904/Y    -       A2_N->Y   F     sky130_fd_sc_hs__o2bb2ai_1      1  2.2    35   110    8429    (-,-) 
  u_tile_ctrl/dma_rd_addr_reg[62]/D                  -       -         F     sky130_fd_sc_hs__sdfxtp_1       1    -     -     4    8433    (-,-) 
#------------------------------------------------------------------------------------------------------------------------------------------------



Path 9: MET (1205 ps) Setup Check with Pin u_tile_ctrl/dma_rd_addr_reg[62]/CLK->D
          Group: clk
     Startpoint: (R) u_tile_ctrl/q_idx_reg[1]/CLK
          Clock: (R) clk
       Endpoint: (F) u_tile_ctrl/dma_rd_addr_reg[62]/D
          Clock: (R) clk

                     Capture       Launch     
        Clock Edge:+   10000            0     
       Src Latency:+       0            0     
       Net Latency:+       0 (I)        0 (I) 
           Arrival:=   10000            0     
                                              
             Setup:-     172                  
       Uncertainty:-     200                  
     Required Time:=    9628                  
      Launch Clock:-       0                  
         Data Path:-    8423                  
             Slack:=    1205                  

#------------------------------------------------------------------------------------------------------------------------------------------------
#                   Timing Point                     Flags     Arc     Edge            Cell             Fanout Load Trans Delay Arrival Instance 
#                                                                                                              (fF)  (ps)  (ps)   (ps)  Location 
#------------------------------------------------------------------------------------------------------------------------------------------------
  u_tile_ctrl/q_idx_reg[1]/CLK                       -       -         R     (arrival)                    1242    -   100     0       0    (-,-) 
  u_tile_ctrl/q_idx_reg[1]/Q                         -       CLK->Q    R     sky130_fd_sc_hs__dfrbp_1       17 51.4   401   488     488    (-,-) 
  u_tile_ctrl/drc_buf_sp10581/X                      -       A->X      R     sky130_fd_sc_hs__clkbuf_1      17 51.7   356   339     827    (-,-) 
  u_tile_ctrl/csa_tree_mul_121_78_g10328/Y           -       B->Y      F     sky130_fd_sc_hs__nand2_1        1 10.2   107   121     947    (-,-) 
  u_tile_ctrl/csa_tree_mul_121_78_g10120/SUM         -       B->SUM    R     sky130_fd_sc_hs__fa_1           1  8.1    73   348    1295    (-,-) 
  u_tile_ctrl/g10655/SUM                             -       CIN->SUM  F     sky130_fd_sc_hs__fa_1           2  8.0    62   268    1564    (-,-) 
  u_tile_ctrl/csa_tree_mul_121_78_g10038/SUM         -       B->SUM    F     sky130_fd_sc_hs__ha_1           2  6.1    42   151    1715    (-,-) 
  u_tile_ctrl/csa_tree_mul_121_78_g10003/Y           -       B2->Y     R     sky130_fd_sc_hs__o2bb2ai_1      2 11.0   196   170    1885    (-,-) 
  u_tile_ctrl/g8037__2346/X                          -       A1->X     R     sky130_fd_sc_hs__a22o_1         1  8.1    74   169    2054    (-,-) 
  u_tile_ctrl/g10654/SUM                             -       CIN->SUM  F     sky130_fd_sc_hs__fa_1           2  6.3    54   259    2314    (-,-) 
  u_tile_ctrl/WALLACE_CSA_DUMMY_OP_groupi_g7103/Y    -       B->Y      R     sky130_fd_sc_hs__nor2_1         3  9.4   141   125    2439    (-,-) 
  u_tile_ctrl/WALLACE_CSA_DUMMY_OP_groupi_g7049/Y    -       B->Y      F     sky130_fd_sc_hs__nor2_1         1  3.1    40    42    2480    (-,-) 
  u_tile_ctrl/WALLACE_CSA_DUMMY_OP_groupi_g7013/Y    -       A1->Y     R     sky130_fd_sc_hs__a21oi_1        3  8.8   171   152    2633    (-,-) 
  u_tile_ctrl/WALLACE_CSA_DUMMY_OP_groupi_g2/X       -       A2->X     R     sky130_fd_sc_hs__o21a_1         3  9.3    83   140    2772    (-,-) 
  u_tile_ctrl/WALLACE_CSA_DUMMY_OP_groupi_g7006/Y    -       A2->Y     F     sky130_fd_sc_hs__o21ai_1        1  8.1    73    78    2851    (-,-) 
  u_tile_ctrl/WALLACE_CSA_DUMMY_OP_groupi_g7005/COUT -       CIN->COUT F     sky130_fd_sc_hs__fa_1           1  8.1    68   228    3079    (-,-) 
  u_tile_ctrl/WALLACE_CSA_DUMMY_OP_groupi_g7004/COUT -       CIN->COUT F     sky130_fd_sc_hs__fa_1           1  8.1    68   226    3305    (-,-) 
  u_tile_ctrl/WALLACE_CSA_DUMMY_OP_groupi_g7003/COUT -       CIN->COUT F     sky130_fd_sc_hs__fa_1           1  8.1    68   226    3532    (-,-) 
  u_tile_ctrl/WALLACE_CSA_DUMMY_OP_groupi_g7002/COUT -       CIN->COUT F     sky130_fd_sc_hs__fa_1           3 11.1    82   242    3773    (-,-) 
  u_tile_ctrl/WALLACE_CSA_DUMMY_OP_groupi_g7001/Y    -       A->Y      R     sky130_fd_sc_hs__nand2_1        2  5.7    54    69    3842    (-,-) 
  u_tile_ctrl/WALLACE_CSA_DUMMY_OP_groupi_g6997/Y    -       C->Y      F     sky130_fd_sc_hs__nor3_1         1  3.2    52    38    3881    (-,-) 
  u_tile_ctrl/WALLACE_CSA_DUMMY_OP_groupi_g6993/Y    -       B->Y      R     sky130_fd_sc_hs__nor2_1         4 12.0   173   149    4030    (-,-) 
  u_tile_ctrl/WALLACE_CSA_DUMMY_OP_groupi_g6992/X    -       C->X      R     sky130_fd_sc_hs__or3_1          2  5.5    52   114    4144    (-,-) 
  u_tile_ctrl/WALLACE_CSA_DUMMY_OP_groupi_g6984/Y    -       A3->Y     F     sky130_fd_sc_hs__o311ai_1       2  8.1   106    92    4236    (-,-) 
  u_tile_ctrl/WALLACE_CSA_DUMMY_OP_groupi_g6983/Y    -       A->Y      R     sky130_fd_sc_hs__nand2_1        2  6.1    60    79    4315    (-,-) 
  u_tile_ctrl/WALLACE_CSA_DUMMY_OP_groupi_g6979/Y    -       A2->Y     F     sky130_fd_sc_hs__o221ai_1       1  8.1   118   123    4438    (-,-) 
  u_tile_ctrl/WALLACE_CSA_DUMMY_OP_groupi_g6977/COUT -       CIN->COUT F     sky130_fd_sc_hs__fa_1           1  8.1    68   243    4682    (-,-) 
  u_tile_ctrl/WALLACE_CSA_DUMMY_OP_groupi_g6976/COUT -       CIN->COUT F     sky130_fd_sc_hs__fa_1           2  7.9    67   225    4907    (-,-) 
  u_tile_ctrl/WALLACE_CSA_DUMMY_OP_groupi_g6975/Y    -       B->Y      R     sky130_fd_sc_hs__nand2b_1       2  6.1    74    86    4992    (-,-) 
  u_tile_ctrl/WALLACE_CSA_DUMMY_OP_groupi_g6972/Y    -       A2->Y     F     sky130_fd_sc_hs__o221ai_1       1  8.1   118   125    5118    (-,-) 
  u_tile_ctrl/WALLACE_CSA_DUMMY_OP_groupi_g6970/COUT -       CIN->COUT F     sky130_fd_sc_hs__fa_1           1  8.1    68   243    5361    (-,-) 
  u_tile_ctrl/WALLACE_CSA_DUMMY_OP_groupi_g6969/COUT -       CIN->COUT F     sky130_fd_sc_hs__fa_1           2  7.5    64   223    5584    (-,-) 
  u_tile_ctrl/WALLACE_CSA_DUMMY_OP_groupi_g6968/Y    -       B_N->Y    F     sky130_fd_sc_hs__nor2b_1        2  6.0    43    98    5682    (-,-) 
  u_tile_ctrl/WALLACE_CSA_DUMMY_OP_groupi_g6965/Y    -       B->Y      R     sky130_fd_sc_hs__nand2b_1       2  5.5    67    73    5755    (-,-) 
  u_tile_ctrl/WALLACE_CSA_DUMMY_OP_groupi_g6960/Y    -       A3->Y     F     sky130_fd_sc_hs__o311ai_1       2  7.9   105    94    5850    (-,-) 
  u_tile_ctrl/WALLACE_CSA_DUMMY_OP_groupi_g6959/Y    -       B->Y      R     sky130_fd_sc_hs__nand2b_1       2  6.0    77    99    5949    (-,-) 
  u_tile_ctrl/WALLACE_CSA_DUMMY_OP_groupi_g6955/Y    -       B->Y      F     sky130_fd_sc_hs__nor2_1         2  6.4    51    50    5999    (-,-) 
  u_tile_ctrl/WALLACE_CSA_DUMMY_OP_groupi_g6954/Y    -       A->Y      R     sky130_fd_sc_hs__clkinv_1       1  3.0    29    35    6034    (-,-) 
  u_tile_ctrl/WALLACE_CSA_DUMMY_OP_groupi_g6949/Y    -       A3->Y     F     sky130_fd_sc_hs__o311ai_1       2  8.0   102    88    6122    (-,-) 
  u_tile_ctrl/g10645/Y                               -       B->Y      R     sky130_fd_sc_hs__nand2_1        3  9.1    80   101    6223    (-,-) 
  u_tile_ctrl/g10382/Y                               -       A->Y      F     sky130_fd_sc_hs__nor2b_1        1  4.7    35    49    6272    (-,-) 
  u_tile_ctrl/g10375/COUT                            -       B->COUT   F     sky130_fd_sc_hs__ha_1           2  8.0    46   127    6399    (-,-) 
  u_tile_ctrl/g10381/Y                               -       A->Y      R     sky130_fd_sc_hs__nor2b_1        4 12.2   204   182    6581    (-,-) 
  u_tile_ctrl/WALLACE_CSA_DUMMY_OP_groupi_g6938/Y    -       A3->Y     F     sky130_fd_sc_hs__o311ai_1       1  8.1   105   115    6696    (-,-) 
  u_tile_ctrl/WALLACE_CSA_DUMMY_OP_groupi_g6935/COUT -       CIN->COUT F     sky130_fd_sc_hs__fa_1           1  8.1    68   239    6935    (-,-) 
  u_tile_ctrl/WALLACE_CSA_DUMMY_OP_groupi_g6934/COUT -       CIN->COUT F     sky130_fd_sc_hs__fa_1           4 12.1    85   246    7181    (-,-) 
  u_tile_ctrl/WALLACE_CSA_DUMMY_OP_groupi_g6933/Y    -       A->Y      R     sky130_fd_sc_hs__nand3_1        2  5.7    71    79    7260    (-,-) 
  u_tile_ctrl/WALLACE_CSA_DUMMY_OP_groupi_g6930/Y    -       A_N->Y    R     sky130_fd_sc_hs__nand3b_1       2  6.4    81   100    7360    (-,-) 
  u_tile_ctrl/WALLACE_CSA_DUMMY_OP_groupi_g6925/Y    -       A2->Y     F     sky130_fd_sc_hs__o221ai_1       4 11.9   148   150    7510    (-,-) 
  u_tile_ctrl/WALLACE_CSA_DUMMY_OP_groupi_g6922/X    -       A->X      F     sky130_fd_sc_hs__and3_1         2  5.4    34   130    7640    (-,-) 
  u_tile_ctrl/WALLACE_CSA_DUMMY_OP_groupi_g6912/X    -       A1->X     F     sky130_fd_sc_hs__a311o_1        1  8.1    62   213    7852    (-,-) 
  u_tile_ctrl/WALLACE_CSA_DUMMY_OP_groupi_g6906/COUT -       CIN->COUT F     sky130_fd_sc_hs__fa_1           1  8.1    68   225    8077    (-,-) 
  u_tile_ctrl/WALLACE_CSA_DUMMY_OP_groupi_g6905/COUT -       CIN->COUT F     sky130_fd_sc_hs__fa_1           3  9.1    73   232    8310    (-,-) 
  u_tile_ctrl/WALLACE_CSA_DUMMY_OP_groupi_g6904/Y    -       A2_N->Y   F     sky130_fd_sc_hs__o2bb2ai_1      1  2.2    35   110    8419    (-,-) 
  u_tile_ctrl/dma_rd_addr_reg[62]/D                  -       -         F     sky130_fd_sc_hs__sdfxtp_1       1    -     -     4    8423    (-,-) 
#------------------------------------------------------------------------------------------------------------------------------------------------



Path 10: MET (1218 ps) Setup Check with Pin u_tile_ctrl/dma_rd_addr_reg[62]/CLK->D
          Group: clk
     Startpoint: (R) u_tile_ctrl/q_idx_reg[1]/CLK
          Clock: (R) clk
       Endpoint: (F) u_tile_ctrl/dma_rd_addr_reg[62]/D
          Clock: (R) clk

                     Capture       Launch     
        Clock Edge:+   10000            0     
       Src Latency:+       0            0     
       Net Latency:+       0 (I)        0 (I) 
           Arrival:=   10000            0     
                                              
             Setup:-     172                  
       Uncertainty:-     200                  
     Required Time:=    9628                  
      Launch Clock:-       0                  
         Data Path:-    8411                  
             Slack:=    1218                  

#------------------------------------------------------------------------------------------------------------------------------------------------
#                   Timing Point                     Flags     Arc     Edge            Cell             Fanout Load Trans Delay Arrival Instance 
#                                                                                                              (fF)  (ps)  (ps)   (ps)  Location 
#------------------------------------------------------------------------------------------------------------------------------------------------
  u_tile_ctrl/q_idx_reg[1]/CLK                       -       -         R     (arrival)                    1242    -   100     0       0    (-,-) 
  u_tile_ctrl/q_idx_reg[1]/Q                         -       CLK->Q    R     sky130_fd_sc_hs__dfrbp_1       17 51.4   401   488     488    (-,-) 
  u_tile_ctrl/drc_buf_sp10581/X                      -       A->X      R     sky130_fd_sc_hs__clkbuf_1      17 51.7   356   339     827    (-,-) 
  u_tile_ctrl/csa_tree_mul_121_78_g10328/Y           -       B->Y      F     sky130_fd_sc_hs__nand2_1        1 10.2   107   121     947    (-,-) 
  u_tile_ctrl/csa_tree_mul_121_78_g10120/SUM         -       B->SUM    F     sky130_fd_sc_hs__fa_1           1  8.1    63   288    1236    (-,-) 
  u_tile_ctrl/g10655/SUM                             -       CIN->SUM  R     sky130_fd_sc_hs__fa_1           2  8.0    72   296    1532    (-,-) 
  u_tile_ctrl/csa_tree_mul_121_78_g10038/SUM         -       B->SUM    F     sky130_fd_sc_hs__ha_1           2  6.1    42   156    1688    (-,-) 
  u_tile_ctrl/csa_tree_mul_121_78_g10003/Y           -       B2->Y     R     sky130_fd_sc_hs__o2bb2ai_1      2 11.0   196   170    1858    (-,-) 
  u_tile_ctrl/g8037__2346/X                          -       A1->X     R     sky130_fd_sc_hs__a22o_1         1  8.1    74   169    2028    (-,-) 
  u_tile_ctrl/g10654/SUM                             -       CIN->SUM  F     sky130_fd_sc_hs__fa_1           2  6.3    54   259    2287    (-,-) 
  u_tile_ctrl/WALLACE_CSA_DUMMY_OP_groupi_g7103/Y    -       B->Y      R     sky130_fd_sc_hs__nor2_1         3  9.4   141   125    2412    (-,-) 
  u_tile_ctrl/WALLACE_CSA_DUMMY_OP_groupi_g7041/Y    -       A2->Y     F     sky130_fd_sc_hs__o21ai_1        1  3.2    43    61    2473    (-,-) 
  u_tile_ctrl/WALLACE_CSA_DUMMY_OP_groupi_g7013/Y    -       B1->Y     R     sky130_fd_sc_hs__a21oi_1        3  8.8   171   147    2620    (-,-) 
  u_tile_ctrl/WALLACE_CSA_DUMMY_OP_groupi_g2/X       -       A2->X     R     sky130_fd_sc_hs__o21a_1         3  9.3    83   140    2760    (-,-) 
  u_tile_ctrl/WALLACE_CSA_DUMMY_OP_groupi_g7006/Y    -       A2->Y     F     sky130_fd_sc_hs__o21ai_1        1  8.1    73    78    2838    (-,-) 
  u_tile_ctrl/WALLACE_CSA_DUMMY_OP_groupi_g7005/COUT -       CIN->COUT F     sky130_fd_sc_hs__fa_1           1  8.1    68   228    3066    (-,-) 
  u_tile_ctrl/WALLACE_CSA_DUMMY_OP_groupi_g7004/COUT -       CIN->COUT F     sky130_fd_sc_hs__fa_1           1  8.1    68   226    3293    (-,-) 
  u_tile_ctrl/WALLACE_CSA_DUMMY_OP_groupi_g7003/COUT -       CIN->COUT F     sky130_fd_sc_hs__fa_1           1  8.1    68   226    3519    (-,-) 
  u_tile_ctrl/WALLACE_CSA_DUMMY_OP_groupi_g7002/COUT -       CIN->COUT F     sky130_fd_sc_hs__fa_1           3 11.1    82   242    3761    (-,-) 
  u_tile_ctrl/WALLACE_CSA_DUMMY_OP_groupi_g7001/Y    -       A->Y      R     sky130_fd_sc_hs__nand2_1        2  5.7    54    69    3830    (-,-) 
  u_tile_ctrl/WALLACE_CSA_DUMMY_OP_groupi_g6997/Y    -       C->Y      F     sky130_fd_sc_hs__nor3_1         1  3.2    52    38    3868    (-,-) 
  u_tile_ctrl/WALLACE_CSA_DUMMY_OP_groupi_g6993/Y    -       B->Y      R     sky130_fd_sc_hs__nor2_1         4 12.0   173   149    4017    (-,-) 
  u_tile_ctrl/WALLACE_CSA_DUMMY_OP_groupi_g6992/X    -       C->X      R     sky130_fd_sc_hs__or3_1          2  5.5    52   114    4131    (-,-) 
  u_tile_ctrl/WALLACE_CSA_DUMMY_OP_groupi_g6984/Y    -       A3->Y     F     sky130_fd_sc_hs__o311ai_1       2  8.1   106    92    4224    (-,-) 
  u_tile_ctrl/WALLACE_CSA_DUMMY_OP_groupi_g6983/Y    -       A->Y      R     sky130_fd_sc_hs__nand2_1        2  6.1    60    79    4303    (-,-) 
  u_tile_ctrl/WALLACE_CSA_DUMMY_OP_groupi_g6979/Y    -       A2->Y     F     sky130_fd_sc_hs__o221ai_1       1  8.1   118   123    4426    (-,-) 
  u_tile_ctrl/WALLACE_CSA_DUMMY_OP_groupi_g6977/COUT -       CIN->COUT F     sky130_fd_sc_hs__fa_1           1  8.1    68   243    4669    (-,-) 
  u_tile_ctrl/WALLACE_CSA_DUMMY_OP_groupi_g6976/COUT -       CIN->COUT F     sky130_fd_sc_hs__fa_1           2  7.9    67   225    4894    (-,-) 
  u_tile_ctrl/WALLACE_CSA_DUMMY_OP_groupi_g6975/Y    -       B->Y      R     sky130_fd_sc_hs__nand2b_1       2  6.1    74    86    4980    (-,-) 
  u_tile_ctrl/WALLACE_CSA_DUMMY_OP_groupi_g6972/Y    -       A2->Y     F     sky130_fd_sc_hs__o221ai_1       1  8.1   118   125    5106    (-,-) 
  u_tile_ctrl/WALLACE_CSA_DUMMY_OP_groupi_g6970/COUT -       CIN->COUT F     sky130_fd_sc_hs__fa_1           1  8.1    68   243    5349    (-,-) 
  u_tile_ctrl/WALLACE_CSA_DUMMY_OP_groupi_g6969/COUT -       CIN->COUT F     sky130_fd_sc_hs__fa_1           2  7.5    64   223    5571    (-,-) 
  u_tile_ctrl/WALLACE_CSA_DUMMY_OP_groupi_g6968/Y    -       B_N->Y    F     sky130_fd_sc_hs__nor2b_1        2  6.0    43    98    5670    (-,-) 
  u_tile_ctrl/WALLACE_CSA_DUMMY_OP_groupi_g6965/Y    -       B->Y      R     sky130_fd_sc_hs__nand2b_1       2  5.5    67    73    5743    (-,-) 
  u_tile_ctrl/WALLACE_CSA_DUMMY_OP_groupi_g6960/Y    -       A3->Y     F     sky130_fd_sc_hs__o311ai_1       2  7.9   105    94    5837    (-,-) 
  u_tile_ctrl/WALLACE_CSA_DUMMY_OP_groupi_g6959/Y    -       B->Y      R     sky130_fd_sc_hs__nand2b_1       2  6.0    77    99    5936    (-,-) 
  u_tile_ctrl/WALLACE_CSA_DUMMY_OP_groupi_g6955/Y    -       B->Y      F     sky130_fd_sc_hs__nor2_1         2  6.4    51    50    5987    (-,-) 
  u_tile_ctrl/WALLACE_CSA_DUMMY_OP_groupi_g6954/Y    -       A->Y      R     sky130_fd_sc_hs__clkinv_1       1  3.0    29    35    6022    (-,-) 
  u_tile_ctrl/WALLACE_CSA_DUMMY_OP_groupi_g6949/Y    -       A3->Y     F     sky130_fd_sc_hs__o311ai_1       2  8.0   102    88    6110    (-,-) 
  u_tile_ctrl/g10645/Y                               -       B->Y      R     sky130_fd_sc_hs__nand2_1        3  9.1    80   101    6211    (-,-) 
  u_tile_ctrl/g10382/Y                               -       A->Y      F     sky130_fd_sc_hs__nor2b_1        1  4.7    35    49    6260    (-,-) 
  u_tile_ctrl/g10375/COUT                            -       B->COUT   F     sky130_fd_sc_hs__ha_1           2  8.0    46   127    6387    (-,-) 
  u_tile_ctrl/g10381/Y                               -       A->Y      R     sky130_fd_sc_hs__nor2b_1        4 12.2   204   182    6569    (-,-) 
  u_tile_ctrl/WALLACE_CSA_DUMMY_OP_groupi_g6938/Y    -       A3->Y     F     sky130_fd_sc_hs__o311ai_1       1  8.1   105   115    6684    (-,-) 
  u_tile_ctrl/WALLACE_CSA_DUMMY_OP_groupi_g6935/COUT -       CIN->COUT F     sky130_fd_sc_hs__fa_1           1  8.1    68   239    6922    (-,-) 
  u_tile_ctrl/WALLACE_CSA_DUMMY_OP_groupi_g6934/COUT -       CIN->COUT F     sky130_fd_sc_hs__fa_1           4 12.1    85   246    7168    (-,-) 
  u_tile_ctrl/WALLACE_CSA_DUMMY_OP_groupi_g6933/Y    -       A->Y      R     sky130_fd_sc_hs__nand3_1        2  5.7    71    79    7248    (-,-) 
  u_tile_ctrl/WALLACE_CSA_DUMMY_OP_groupi_g6930/Y    -       A_N->Y    R     sky130_fd_sc_hs__nand3b_1       2  6.4    81   100    7348    (-,-) 
  u_tile_ctrl/WALLACE_CSA_DUMMY_OP_groupi_g6925/Y    -       A2->Y     F     sky130_fd_sc_hs__o221ai_1       4 11.9   148   150    7497    (-,-) 
  u_tile_ctrl/WALLACE_CSA_DUMMY_OP_groupi_g6922/X    -       A->X      F     sky130_fd_sc_hs__and3_1         2  5.4    34   130    7627    (-,-) 
  u_tile_ctrl/WALLACE_CSA_DUMMY_OP_groupi_g6912/X    -       A1->X     F     sky130_fd_sc_hs__a311o_1        1  8.1    62   213    7840    (-,-) 
  u_tile_ctrl/WALLACE_CSA_DUMMY_OP_groupi_g6906/COUT -       CIN->COUT F     sky130_fd_sc_hs__fa_1           1  8.1    68   225    8065    (-,-) 
  u_tile_ctrl/WALLACE_CSA_DUMMY_OP_groupi_g6905/COUT -       CIN->COUT F     sky130_fd_sc_hs__fa_1           3  9.1    73   232    8297    (-,-) 
  u_tile_ctrl/WALLACE_CSA_DUMMY_OP_groupi_g6904/Y    -       A2_N->Y   F     sky130_fd_sc_hs__o2bb2ai_1      1  2.2    35   110    8407    (-,-) 
  u_tile_ctrl/dma_rd_addr_reg[62]/D                  -       -         F     sky130_fd_sc_hs__sdfxtp_1       1    -     -     4    8411    (-,-) 
#------------------------------------------------------------------------------------------------------------------------------------------------



Path 11: MET (1272 ps) Setup Check with Pin u_tile_ctrl/dma_rd_addr_reg[61]/CLK->D
          Group: clk
     Startpoint: (R) u_tile_ctrl/q_idx_reg[1]/CLK
          Clock: (R) clk
       Endpoint: (F) u_tile_ctrl/dma_rd_addr_reg[61]/D
          Clock: (R) clk

                     Capture       Launch     
        Clock Edge:+   10000            0     
       Src Latency:+       0            0     
       Net Latency:+       0 (I)        0 (I) 
           Arrival:=   10000            0     
                                              
             Setup:-     172                  
       Uncertainty:-     200                  
     Required Time:=    9628                  
      Launch Clock:-       0                  
         Data Path:-    8356                  
             Slack:=    1272                  

#------------------------------------------------------------------------------------------------------------------------------------------------
#                   Timing Point                     Flags     Arc     Edge            Cell             Fanout Load Trans Delay Arrival Instance 
#                                                                                                              (fF)  (ps)  (ps)   (ps)  Location 
#------------------------------------------------------------------------------------------------------------------------------------------------
  u_tile_ctrl/q_idx_reg[1]/CLK                       -       -         R     (arrival)                    1242    -   100     0       0    (-,-) 
  u_tile_ctrl/q_idx_reg[1]/Q                         -       CLK->Q    R     sky130_fd_sc_hs__dfrbp_1       17 51.4   401   488     488    (-,-) 
  u_tile_ctrl/drc_buf_sp10581/X                      -       A->X      R     sky130_fd_sc_hs__clkbuf_1      17 51.7   356   339     827    (-,-) 
  u_tile_ctrl/csa_tree_mul_121_78_g10328/Y           -       B->Y      F     sky130_fd_sc_hs__nand2_1        1 10.2   107   121     947    (-,-) 
  u_tile_ctrl/csa_tree_mul_121_78_g10120/SUM         -       B->SUM    R     sky130_fd_sc_hs__fa_1           1  8.1    73   348    1295    (-,-) 
  u_tile_ctrl/g10655/SUM                             -       CIN->SUM  F     sky130_fd_sc_hs__fa_1           2  8.0    62   268    1564    (-,-) 
  u_tile_ctrl/csa_tree_mul_121_78_g10038/SUM         -       B->SUM    F     sky130_fd_sc_hs__ha_1           2  6.1    42   151    1715    (-,-) 
  u_tile_ctrl/csa_tree_mul_121_78_g10003/Y           -       A2_N->Y   F     sky130_fd_sc_hs__o2bb2ai_1      2 11.0    85   139    1854    (-,-) 
  u_tile_ctrl/g8037__2346/X                          -       A1->X     F     sky130_fd_sc_hs__a22o_1         1  8.1    53   191    2045    (-,-) 
  u_tile_ctrl/g10654/SUM                             -       CIN->SUM  R     sky130_fd_sc_hs__fa_1           2  6.3    61   284    2330    (-,-) 
  u_tile_ctrl/WALLACE_CSA_DUMMY_OP_groupi_g7103/Y    -       B->Y      F     sky130_fd_sc_hs__nor2_1         3  9.4    43    57    2387    (-,-) 
  u_tile_ctrl/WALLACE_CSA_DUMMY_OP_groupi_g7041/Y    -       A2->Y     R     sky130_fd_sc_hs__o21ai_1        1  3.2    96    98    2486    (-,-) 
  u_tile_ctrl/WALLACE_CSA_DUMMY_OP_groupi_g7013/Y    -       B1->Y     F     sky130_fd_sc_hs__a21oi_1        3  8.8    67    68    2553    (-,-) 
  u_tile_ctrl/WALLACE_CSA_DUMMY_OP_groupi_g2/X       -       A2->X     F     sky130_fd_sc_hs__o21a_1         3  9.3    52   158    2712    (-,-) 
  u_tile_ctrl/WALLACE_CSA_DUMMY_OP_groupi_g7006/Y    -       A2->Y     R     sky130_fd_sc_hs__o21ai_1        1  8.1   162   150    2861    (-,-) 
  u_tile_ctrl/WALLACE_CSA_DUMMY_OP_groupi_g7005/COUT -       CIN->COUT R     sky130_fd_sc_hs__fa_1           1  8.1    68   169    3031    (-,-) 
  u_tile_ctrl/WALLACE_CSA_DUMMY_OP_groupi_g7004/COUT -       CIN->COUT R     sky130_fd_sc_hs__fa_1           1  8.1    66   147    3178    (-,-) 
  u_tile_ctrl/WALLACE_CSA_DUMMY_OP_groupi_g7003/COUT -       CIN->COUT R     sky130_fd_sc_hs__fa_1           1  8.1    66   146    3324    (-,-) 
  u_tile_ctrl/WALLACE_CSA_DUMMY_OP_groupi_g7002/COUT -       CIN->COUT R     sky130_fd_sc_hs__fa_1           3 11.1    83   161    3485    (-,-) 
  u_tile_ctrl/WALLACE_CSA_DUMMY_OP_groupi_g7001/Y    -       A->Y      F     sky130_fd_sc_hs__nand2_1        2  5.7    47    60    3545    (-,-) 
  u_tile_ctrl/WALLACE_CSA_DUMMY_OP_groupi_g6997/Y    -       C->Y      R     sky130_fd_sc_hs__nor3_1         1  3.2   124   102    3647    (-,-) 
  u_tile_ctrl/WALLACE_CSA_DUMMY_OP_groupi_g6993/Y    -       B->Y      F     sky130_fd_sc_hs__nor2_1         4 12.0    61    84    3730    (-,-) 
  u_tile_ctrl/WALLACE_CSA_DUMMY_OP_groupi_g6992/X    -       C->X      F     sky130_fd_sc_hs__or3_1          2  5.5    46   156    3886    (-,-) 
  u_tile_ctrl/WALLACE_CSA_DUMMY_OP_groupi_g6984/Y    -       A3->Y     R     sky130_fd_sc_hs__o311ai_1       2  8.1   284   239    4125    (-,-) 
  u_tile_ctrl/WALLACE_CSA_DUMMY_OP_groupi_g6983/Y    -       A->Y      F     sky130_fd_sc_hs__nand2_1        2  6.1    83    88    4213    (-,-) 
  u_tile_ctrl/WALLACE_CSA_DUMMY_OP_groupi_g6979/Y    -       A2->Y     R     sky130_fd_sc_hs__o221ai_1       1  8.1   219   198    4411    (-,-) 
  u_tile_ctrl/WALLACE_CSA_DUMMY_OP_groupi_g6977/COUT -       CIN->COUT R     sky130_fd_sc_hs__fa_1           1  8.1    69   179    4590    (-,-) 
  u_tile_ctrl/WALLACE_CSA_DUMMY_OP_groupi_g6976/COUT -       CIN->COUT R     sky130_fd_sc_hs__fa_1           2  7.9    65   146    4736    (-,-) 
  u_tile_ctrl/WALLACE_CSA_DUMMY_OP_groupi_g6975/Y    -       B->Y      F     sky130_fd_sc_hs__nand2b_1       2  6.1    47    60    4796    (-,-) 
  u_tile_ctrl/WALLACE_CSA_DUMMY_OP_groupi_g6972/Y    -       A2->Y     R     sky130_fd_sc_hs__o221ai_1       1  8.1   219   186    4982    (-,-) 
  u_tile_ctrl/WALLACE_CSA_DUMMY_OP_groupi_g6970/COUT -       CIN->COUT R     sky130_fd_sc_hs__fa_1           1  8.1    69   179    5161    (-,-) 
  u_tile_ctrl/WALLACE_CSA_DUMMY_OP_groupi_g6969/COUT -       CIN->COUT R     sky130_fd_sc_hs__fa_1           2  7.5    62   144    5304    (-,-) 
  u_tile_ctrl/WALLACE_CSA_DUMMY_OP_groupi_g6968/Y    -       B_N->Y    R     sky130_fd_sc_hs__nor2b_1        2  6.0   117   135    5440    (-,-) 
  u_tile_ctrl/WALLACE_CSA_DUMMY_OP_groupi_g6965/Y    -       B->Y      F     sky130_fd_sc_hs__nand2b_1       2  5.5    50    65    5504    (-,-) 
  u_tile_ctrl/WALLACE_CSA_DUMMY_OP_groupi_g6960/Y    -       A3->Y     R     sky130_fd_sc_hs__o311ai_1       2  7.9   280   237    5741    (-,-) 
  u_tile_ctrl/WALLACE_CSA_DUMMY_OP_groupi_g6959/Y    -       B->Y      F     sky130_fd_sc_hs__nand2b_1       2  6.0    75    81    5822    (-,-) 
  u_tile_ctrl/WALLACE_CSA_DUMMY_OP_groupi_g6955/Y    -       B->Y      R     sky130_fd_sc_hs__nor2_1         2  6.4   108   105    5927    (-,-) 
  u_tile_ctrl/WALLACE_CSA_DUMMY_OP_groupi_g6954/Y    -       A->Y      F     sky130_fd_sc_hs__clkinv_1       1  3.0    38    54    5981    (-,-) 
  u_tile_ctrl/WALLACE_CSA_DUMMY_OP_groupi_g6949/Y    -       A3->Y     R     sky130_fd_sc_hs__o311ai_1       2  8.0   282   237    6218    (-,-) 
  u_tile_ctrl/g10645/Y                               -       B->Y      F     sky130_fd_sc_hs__nand2_1        3  9.1    92   108    6327    (-,-) 
  u_tile_ctrl/g10382/Y                               -       A->Y      R     sky130_fd_sc_hs__nor2b_1        1  4.7   102   120    6446    (-,-) 
  u_tile_ctrl/g10375/COUT                            -       B->COUT   R     sky130_fd_sc_hs__ha_1           2  8.0    70   137    6583    (-,-) 
  u_tile_ctrl/g10381/Y                               -       A->Y      F     sky130_fd_sc_hs__nor2b_1        4 12.2    54    71    6654    (-,-) 
  u_tile_ctrl/WALLACE_CSA_DUMMY_OP_groupi_g6938/Y    -       A3->Y     R     sky130_fd_sc_hs__o311ai_1       1  8.1   284   241    6895    (-,-) 
  u_tile_ctrl/WALLACE_CSA_DUMMY_OP_groupi_g6935/COUT -       CIN->COUT R     sky130_fd_sc_hs__fa_1           1  8.1    71   187    7082    (-,-) 
  u_tile_ctrl/WALLACE_CSA_DUMMY_OP_groupi_g6934/COUT -       CIN->COUT R     sky130_fd_sc_hs__fa_1           4 12.1    88   167    7249    (-,-) 
  u_tile_ctrl/WALLACE_CSA_DUMMY_OP_groupi_g6933/Y    -       A->Y      F     sky130_fd_sc_hs__nand3_1        2  5.7    67    77    7326    (-,-) 
  u_tile_ctrl/WALLACE_CSA_DUMMY_OP_groupi_g6930/Y    -       A_N->Y    F     sky130_fd_sc_hs__nand3b_1       2  6.4    72   124    7449    (-,-) 
  u_tile_ctrl/WALLACE_CSA_DUMMY_OP_groupi_g6925/Y    -       A2->Y     R     sky130_fd_sc_hs__o221ai_1       4 11.9   271   232    7682    (-,-) 
  u_tile_ctrl/WALLACE_CSA_DUMMY_OP_groupi_g6922/X    -       A->X      R     sky130_fd_sc_hs__and3_1         2  5.4    61   143    7825    (-,-) 
  u_tile_ctrl/WALLACE_CSA_DUMMY_OP_groupi_g6912/X    -       A1->X     R     sky130_fd_sc_hs__a311o_1        1  8.1    73   143    7968    (-,-) 
  u_tile_ctrl/WALLACE_CSA_DUMMY_OP_groupi_g6906/COUT -       CIN->COUT R     sky130_fd_sc_hs__fa_1           1  8.1    66   148    8116    (-,-) 
  u_tile_ctrl/WALLACE_CSA_DUMMY_OP_groupi_g6905/SUM  -       CIN->SUM  F     sky130_fd_sc_hs__fa_1           1  2.2    36   235    8352    (-,-) 
  u_tile_ctrl/dma_rd_addr_reg[61]/D                  -       -         F     sky130_fd_sc_hs__sdfxtp_1       1    -     -     4    8356    (-,-) 
#------------------------------------------------------------------------------------------------------------------------------------------------



Path 12: MET (1281 ps) Setup Check with Pin u_tile_ctrl/dma_rd_addr_reg[61]/CLK->D
          Group: clk
     Startpoint: (R) u_tile_ctrl/q_idx_reg[1]/CLK
          Clock: (R) clk
       Endpoint: (F) u_tile_ctrl/dma_rd_addr_reg[61]/D
          Clock: (R) clk

                     Capture       Launch     
        Clock Edge:+   10000            0     
       Src Latency:+       0            0     
       Net Latency:+       0 (I)        0 (I) 
           Arrival:=   10000            0     
                                              
             Setup:-     172                  
       Uncertainty:-     200                  
     Required Time:=    9628                  
      Launch Clock:-       0                  
         Data Path:-    8347                  
             Slack:=    1281                  

#------------------------------------------------------------------------------------------------------------------------------------------------
#                   Timing Point                     Flags     Arc     Edge            Cell             Fanout Load Trans Delay Arrival Instance 
#                                                                                                              (fF)  (ps)  (ps)   (ps)  Location 
#------------------------------------------------------------------------------------------------------------------------------------------------
  u_tile_ctrl/q_idx_reg[1]/CLK                       -       -         R     (arrival)                    1242    -   100     0       0    (-,-) 
  u_tile_ctrl/q_idx_reg[1]/Q                         -       CLK->Q    R     sky130_fd_sc_hs__dfrbp_1       17 51.4   401   488     488    (-,-) 
  u_tile_ctrl/drc_buf_sp10581/X                      -       A->X      R     sky130_fd_sc_hs__clkbuf_1      17 51.7   356   339     827    (-,-) 
  u_tile_ctrl/csa_tree_mul_121_78_g10328/Y           -       B->Y      F     sky130_fd_sc_hs__nand2_1        1 10.2   107   121     947    (-,-) 
  u_tile_ctrl/csa_tree_mul_121_78_g10120/SUM         -       B->SUM    R     sky130_fd_sc_hs__fa_1           1  8.1    73   348    1295    (-,-) 
  u_tile_ctrl/g10655/SUM                             -       CIN->SUM  F     sky130_fd_sc_hs__fa_1           2  8.0    62   268    1564    (-,-) 
  u_tile_ctrl/csa_tree_mul_121_78_g10038/SUM         -       B->SUM    R     sky130_fd_sc_hs__ha_1           2  6.1    62   196    1760    (-,-) 
  u_tile_ctrl/csa_tree_mul_121_78_g10003/Y           -       B2->Y     F     sky130_fd_sc_hs__o2bb2ai_1      2 11.0    85    86    1846    (-,-) 
  u_tile_ctrl/g8037__2346/X                          -       A1->X     F     sky130_fd_sc_hs__a22o_1         1  8.1    53   191    2037    (-,-) 
  u_tile_ctrl/g10654/SUM                             -       CIN->SUM  R     sky130_fd_sc_hs__fa_1           2  6.3    61   284    2321    (-,-) 
  u_tile_ctrl/WALLACE_CSA_DUMMY_OP_groupi_g7103/Y    -       B->Y      F     sky130_fd_sc_hs__nor2_1         3  9.4    43    57    2378    (-,-) 
  u_tile_ctrl/WALLACE_CSA_DUMMY_OP_groupi_g7041/Y    -       A2->Y     R     sky130_fd_sc_hs__o21ai_1        1  3.2    96    98    2477    (-,-) 
  u_tile_ctrl/WALLACE_CSA_DUMMY_OP_groupi_g7013/Y    -       B1->Y     F     sky130_fd_sc_hs__a21oi_1        3  8.8    67    68    2545    (-,-) 
  u_tile_ctrl/WALLACE_CSA_DUMMY_OP_groupi_g2/X       -       A2->X     F     sky130_fd_sc_hs__o21a_1         3  9.3    52   158    2703    (-,-) 
  u_tile_ctrl/WALLACE_CSA_DUMMY_OP_groupi_g7006/Y    -       A2->Y     R     sky130_fd_sc_hs__o21ai_1        1  8.1   162   150    2853    (-,-) 
  u_tile_ctrl/WALLACE_CSA_DUMMY_OP_groupi_g7005/COUT -       CIN->COUT R     sky130_fd_sc_hs__fa_1           1  8.1    68   169    3022    (-,-) 
  u_tile_ctrl/WALLACE_CSA_DUMMY_OP_groupi_g7004/COUT -       CIN->COUT R     sky130_fd_sc_hs__fa_1           1  8.1    66   147    3169    (-,-) 
  u_tile_ctrl/WALLACE_CSA_DUMMY_OP_groupi_g7003/COUT -       CIN->COUT R     sky130_fd_sc_hs__fa_1           1  8.1    66   146    3315    (-,-) 
  u_tile_ctrl/WALLACE_CSA_DUMMY_OP_groupi_g7002/COUT -       CIN->COUT R     sky130_fd_sc_hs__fa_1           3 11.1    83   161    3476    (-,-) 
  u_tile_ctrl/WALLACE_CSA_DUMMY_OP_groupi_g7001/Y    -       A->Y      F     sky130_fd_sc_hs__nand2_1        2  5.7    47    60    3536    (-,-) 
  u_tile_ctrl/WALLACE_CSA_DUMMY_OP_groupi_g6997/Y    -       C->Y      R     sky130_fd_sc_hs__nor3_1         1  3.2   124   102    3638    (-,-) 
  u_tile_ctrl/WALLACE_CSA_DUMMY_OP_groupi_g6993/Y    -       B->Y      F     sky130_fd_sc_hs__nor2_1         4 12.0    61    84    3722    (-,-) 
  u_tile_ctrl/WALLACE_CSA_DUMMY_OP_groupi_g6992/X    -       C->X      F     sky130_fd_sc_hs__or3_1          2  5.5    46   156    3878    (-,-) 
  u_tile_ctrl/WALLACE_CSA_DUMMY_OP_groupi_g6984/Y    -       A3->Y     R     sky130_fd_sc_hs__o311ai_1       2  8.1   284   239    4117    (-,-) 
  u_tile_ctrl/WALLACE_CSA_DUMMY_OP_groupi_g6983/Y    -       A->Y      F     sky130_fd_sc_hs__nand2_1        2  6.1    83    88    4205    (-,-) 
  u_tile_ctrl/WALLACE_CSA_DUMMY_OP_groupi_g6979/Y    -       A2->Y     R     sky130_fd_sc_hs__o221ai_1       1  8.1   219   198    4402    (-,-) 
  u_tile_ctrl/WALLACE_CSA_DUMMY_OP_groupi_g6977/COUT -       CIN->COUT R     sky130_fd_sc_hs__fa_1           1  8.1    69   179    4581    (-,-) 
  u_tile_ctrl/WALLACE_CSA_DUMMY_OP_groupi_g6976/COUT -       CIN->COUT R     sky130_fd_sc_hs__fa_1           2  7.9    65   146    4727    (-,-) 
  u_tile_ctrl/WALLACE_CSA_DUMMY_OP_groupi_g6975/Y    -       B->Y      F     sky130_fd_sc_hs__nand2b_1       2  6.1    47    60    4787    (-,-) 
  u_tile_ctrl/WALLACE_CSA_DUMMY_OP_groupi_g6972/Y    -       A2->Y     R     sky130_fd_sc_hs__o221ai_1       1  8.1   219   186    4973    (-,-) 
  u_tile_ctrl/WALLACE_CSA_DUMMY_OP_groupi_g6970/COUT -       CIN->COUT R     sky130_fd_sc_hs__fa_1           1  8.1    69   179    5152    (-,-) 
  u_tile_ctrl/WALLACE_CSA_DUMMY_OP_groupi_g6969/COUT -       CIN->COUT R     sky130_fd_sc_hs__fa_1           2  7.5    62   144    5296    (-,-) 
  u_tile_ctrl/WALLACE_CSA_DUMMY_OP_groupi_g6968/Y    -       B_N->Y    R     sky130_fd_sc_hs__nor2b_1        2  6.0   117   135    5431    (-,-) 
  u_tile_ctrl/WALLACE_CSA_DUMMY_OP_groupi_g6965/Y    -       B->Y      F     sky130_fd_sc_hs__nand2b_1       2  5.5    50    65    5496    (-,-) 
  u_tile_ctrl/WALLACE_CSA_DUMMY_OP_groupi_g6960/Y    -       A3->Y     R     sky130_fd_sc_hs__o311ai_1       2  7.9   280   237    5733    (-,-) 
  u_tile_ctrl/WALLACE_CSA_DUMMY_OP_groupi_g6959/Y    -       B->Y      F     sky130_fd_sc_hs__nand2b_1       2  6.0    75    81    5813    (-,-) 
  u_tile_ctrl/WALLACE_CSA_DUMMY_OP_groupi_g6955/Y    -       B->Y      R     sky130_fd_sc_hs__nor2_1         2  6.4   108   105    5918    (-,-) 
  u_tile_ctrl/WALLACE_CSA_DUMMY_OP_groupi_g6954/Y    -       A->Y      F     sky130_fd_sc_hs__clkinv_1       1  3.0    38    54    5973    (-,-) 
  u_tile_ctrl/WALLACE_CSA_DUMMY_OP_groupi_g6949/Y    -       A3->Y     R     sky130_fd_sc_hs__o311ai_1       2  8.0   282   237    6210    (-,-) 
  u_tile_ctrl/g10645/Y                               -       B->Y      F     sky130_fd_sc_hs__nand2_1        3  9.1    92   108    6318    (-,-) 
  u_tile_ctrl/g10382/Y                               -       A->Y      R     sky130_fd_sc_hs__nor2b_1        1  4.7   102   120    6438    (-,-) 
  u_tile_ctrl/g10375/COUT                            -       B->COUT   R     sky130_fd_sc_hs__ha_1           2  8.0    70   137    6575    (-,-) 
  u_tile_ctrl/g10381/Y                               -       A->Y      F     sky130_fd_sc_hs__nor2b_1        4 12.2    54    71    6645    (-,-) 
  u_tile_ctrl/WALLACE_CSA_DUMMY_OP_groupi_g6938/Y    -       A3->Y     R     sky130_fd_sc_hs__o311ai_1       1  8.1   284   241    6887    (-,-) 
  u_tile_ctrl/WALLACE_CSA_DUMMY_OP_groupi_g6935/COUT -       CIN->COUT R     sky130_fd_sc_hs__fa_1           1  8.1    71   187    7074    (-,-) 
  u_tile_ctrl/WALLACE_CSA_DUMMY_OP_groupi_g6934/COUT -       CIN->COUT R     sky130_fd_sc_hs__fa_1           4 12.1    88   167    7240    (-,-) 
  u_tile_ctrl/WALLACE_CSA_DUMMY_OP_groupi_g6933/Y    -       A->Y      F     sky130_fd_sc_hs__nand3_1        2  5.7    67    77    7317    (-,-) 
  u_tile_ctrl/WALLACE_CSA_DUMMY_OP_groupi_g6930/Y    -       A_N->Y    F     sky130_fd_sc_hs__nand3b_1       2  6.4    72   124    7441    (-,-) 
  u_tile_ctrl/WALLACE_CSA_DUMMY_OP_groupi_g6925/Y    -       A2->Y     R     sky130_fd_sc_hs__o221ai_1       4 11.9   271   232    7673    (-,-) 
  u_tile_ctrl/WALLACE_CSA_DUMMY_OP_groupi_g6922/X    -       A->X      R     sky130_fd_sc_hs__and3_1         2  5.4    61   143    7816    (-,-) 
  u_tile_ctrl/WALLACE_CSA_DUMMY_OP_groupi_g6912/X    -       A1->X     R     sky130_fd_sc_hs__a311o_1        1  8.1    73   143    7960    (-,-) 
  u_tile_ctrl/WALLACE_CSA_DUMMY_OP_groupi_g6906/COUT -       CIN->COUT R     sky130_fd_sc_hs__fa_1           1  8.1    66   148    8108    (-,-) 
  u_tile_ctrl/WALLACE_CSA_DUMMY_OP_groupi_g6905/SUM  -       CIN->SUM  F     sky130_fd_sc_hs__fa_1           1  2.2    36   235    8343    (-,-) 
  u_tile_ctrl/dma_rd_addr_reg[61]/D                  -       -         F     sky130_fd_sc_hs__sdfxtp_1       1    -     -     4    8347    (-,-) 
#------------------------------------------------------------------------------------------------------------------------------------------------



Path 13: MET (1290 ps) Setup Check with Pin u_tile_ctrl/dma_rd_addr_reg[61]/CLK->D
          Group: clk
     Startpoint: (R) u_tile_ctrl/q_idx_reg[1]/CLK
          Clock: (R) clk
       Endpoint: (F) u_tile_ctrl/dma_rd_addr_reg[61]/D
          Clock: (R) clk

                     Capture       Launch     
        Clock Edge:+   10000            0     
       Src Latency:+       0            0     
       Net Latency:+       0 (I)        0 (I) 
           Arrival:=   10000            0     
                                              
             Setup:-     172                  
       Uncertainty:-     200                  
     Required Time:=    9628                  
      Launch Clock:-       0                  
         Data Path:-    8338                  
             Slack:=    1290                  

#------------------------------------------------------------------------------------------------------------------------------------------------
#                   Timing Point                     Flags     Arc     Edge            Cell             Fanout Load Trans Delay Arrival Instance 
#                                                                                                              (fF)  (ps)  (ps)   (ps)  Location 
#------------------------------------------------------------------------------------------------------------------------------------------------
  u_tile_ctrl/q_idx_reg[1]/CLK                       -       -         R     (arrival)                    1242    -   100     0       0    (-,-) 
  u_tile_ctrl/q_idx_reg[1]/Q                         -       CLK->Q    R     sky130_fd_sc_hs__dfrbp_1       17 51.4   401   488     488    (-,-) 
  u_tile_ctrl/drc_buf_sp10581/X                      -       A->X      R     sky130_fd_sc_hs__clkbuf_1      17 51.7   356   339     827    (-,-) 
  u_tile_ctrl/csa_tree_mul_121_78_g10328/Y           -       B->Y      F     sky130_fd_sc_hs__nand2_1        1 10.2   107   121     947    (-,-) 
  u_tile_ctrl/csa_tree_mul_121_78_g10120/SUM         -       B->SUM    R     sky130_fd_sc_hs__fa_1           1  8.1    73   348    1295    (-,-) 
  u_tile_ctrl/g10655/SUM                             -       CIN->SUM  F     sky130_fd_sc_hs__fa_1           2  8.0    62   268    1564    (-,-) 
  u_tile_ctrl/csa_tree_mul_121_78_g10038/SUM         -       B->SUM    F     sky130_fd_sc_hs__ha_1           2  6.1    42   151    1715    (-,-) 
  u_tile_ctrl/csa_tree_mul_121_78_g10003/Y           -       A2_N->Y   F     sky130_fd_sc_hs__o2bb2ai_1      2 11.0    85   139    1854    (-,-) 
  u_tile_ctrl/g8037__2346/X                          -       A1->X     F     sky130_fd_sc_hs__a22o_1         1  8.1    53   191    2045    (-,-) 
  u_tile_ctrl/g10654/SUM                             -       CIN->SUM  R     sky130_fd_sc_hs__fa_1           2  6.3    61   284    2330    (-,-) 
  u_tile_ctrl/WALLACE_CSA_DUMMY_OP_groupi_g7103/Y    -       B->Y      F     sky130_fd_sc_hs__nor2_1         3  9.4    43    57    2387    (-,-) 
  u_tile_ctrl/WALLACE_CSA_DUMMY_OP_groupi_g7049/Y    -       B->Y      R     sky130_fd_sc_hs__nor2_1         1  3.1    66    67    2454    (-,-) 
  u_tile_ctrl/WALLACE_CSA_DUMMY_OP_groupi_g7013/Y    -       A1->Y     F     sky130_fd_sc_hs__a21oi_1        3  8.8    67    82    2536    (-,-) 
  u_tile_ctrl/WALLACE_CSA_DUMMY_OP_groupi_g2/X       -       A2->X     F     sky130_fd_sc_hs__o21a_1         3  9.3    52   158    2694    (-,-) 
  u_tile_ctrl/WALLACE_CSA_DUMMY_OP_groupi_g7006/Y    -       A2->Y     R     sky130_fd_sc_hs__o21ai_1        1  8.1   162   150    2844    (-,-) 
  u_tile_ctrl/WALLACE_CSA_DUMMY_OP_groupi_g7005/COUT -       CIN->COUT R     sky130_fd_sc_hs__fa_1           1  8.1    68   169    3013    (-,-) 
  u_tile_ctrl/WALLACE_CSA_DUMMY_OP_groupi_g7004/COUT -       CIN->COUT R     sky130_fd_sc_hs__fa_1           1  8.1    66   147    3160    (-,-) 
  u_tile_ctrl/WALLACE_CSA_DUMMY_OP_groupi_g7003/COUT -       CIN->COUT R     sky130_fd_sc_hs__fa_1           1  8.1    66   146    3306    (-,-) 
  u_tile_ctrl/WALLACE_CSA_DUMMY_OP_groupi_g7002/COUT -       CIN->COUT R     sky130_fd_sc_hs__fa_1           3 11.1    83   161    3467    (-,-) 
  u_tile_ctrl/WALLACE_CSA_DUMMY_OP_groupi_g7001/Y    -       A->Y      F     sky130_fd_sc_hs__nand2_1        2  5.7    47    60    3527    (-,-) 
  u_tile_ctrl/WALLACE_CSA_DUMMY_OP_groupi_g6997/Y    -       C->Y      R     sky130_fd_sc_hs__nor3_1         1  3.2   124   102    3629    (-,-) 
  u_tile_ctrl/WALLACE_CSA_DUMMY_OP_groupi_g6993/Y    -       B->Y      F     sky130_fd_sc_hs__nor2_1         4 12.0    61    84    3713    (-,-) 
  u_tile_ctrl/WALLACE_CSA_DUMMY_OP_groupi_g6992/X    -       C->X      F     sky130_fd_sc_hs__or3_1          2  5.5    46   156    3869    (-,-) 
  u_tile_ctrl/WALLACE_CSA_DUMMY_OP_groupi_g6984/Y    -       A3->Y     R     sky130_fd_sc_hs__o311ai_1       2  8.1   284   239    4108    (-,-) 
  u_tile_ctrl/WALLACE_CSA_DUMMY_OP_groupi_g6983/Y    -       A->Y      F     sky130_fd_sc_hs__nand2_1        2  6.1    83    88    4196    (-,-) 
  u_tile_ctrl/WALLACE_CSA_DUMMY_OP_groupi_g6979/Y    -       A2->Y     R     sky130_fd_sc_hs__o221ai_1       1  8.1   219   198    4394    (-,-) 
  u_tile_ctrl/WALLACE_CSA_DUMMY_OP_groupi_g6977/COUT -       CIN->COUT R     sky130_fd_sc_hs__fa_1           1  8.1    69   179    4572    (-,-) 
  u_tile_ctrl/WALLACE_CSA_DUMMY_OP_groupi_g6976/COUT -       CIN->COUT R     sky130_fd_sc_hs__fa_1           2  7.9    65   146    4718    (-,-) 
  u_tile_ctrl/WALLACE_CSA_DUMMY_OP_groupi_g6975/Y    -       B->Y      F     sky130_fd_sc_hs__nand2b_1       2  6.1    47    60    4778    (-,-) 
  u_tile_ctrl/WALLACE_CSA_DUMMY_OP_groupi_g6972/Y    -       A2->Y     R     sky130_fd_sc_hs__o221ai_1       1  8.1   219   186    4964    (-,-) 
  u_tile_ctrl/WALLACE_CSA_DUMMY_OP_groupi_g6970/COUT -       CIN->COUT R     sky130_fd_sc_hs__fa_1           1  8.1    69   179    5143    (-,-) 
  u_tile_ctrl/WALLACE_CSA_DUMMY_OP_groupi_g6969/COUT -       CIN->COUT R     sky130_fd_sc_hs__fa_1           2  7.5    62   144    5287    (-,-) 
  u_tile_ctrl/WALLACE_CSA_DUMMY_OP_groupi_g6968/Y    -       B_N->Y    R     sky130_fd_sc_hs__nor2b_1        2  6.0   117   135    5422    (-,-) 
  u_tile_ctrl/WALLACE_CSA_DUMMY_OP_groupi_g6965/Y    -       B->Y      F     sky130_fd_sc_hs__nand2b_1       2  5.5    50    65    5487    (-,-) 
  u_tile_ctrl/WALLACE_CSA_DUMMY_OP_groupi_g6960/Y    -       A3->Y     R     sky130_fd_sc_hs__o311ai_1       2  7.9   280   237    5724    (-,-) 
  u_tile_ctrl/WALLACE_CSA_DUMMY_OP_groupi_g6959/Y    -       B->Y      F     sky130_fd_sc_hs__nand2b_1       2  6.0    75    81    5804    (-,-) 
  u_tile_ctrl/WALLACE_CSA_DUMMY_OP_groupi_g6955/Y    -       B->Y      R     sky130_fd_sc_hs__nor2_1         2  6.4   108   105    5910    (-,-) 
  u_tile_ctrl/WALLACE_CSA_DUMMY_OP_groupi_g6954/Y    -       A->Y      F     sky130_fd_sc_hs__clkinv_1       1  3.0    38    54    5964    (-,-) 
  u_tile_ctrl/WALLACE_CSA_DUMMY_OP_groupi_g6949/Y    -       A3->Y     R     sky130_fd_sc_hs__o311ai_1       2  8.0   282   237    6201    (-,-) 
  u_tile_ctrl/g10645/Y                               -       B->Y      F     sky130_fd_sc_hs__nand2_1        3  9.1    92   108    6309    (-,-) 
  u_tile_ctrl/g10382/Y                               -       A->Y      R     sky130_fd_sc_hs__nor2b_1        1  4.7   102   120    6429    (-,-) 
  u_tile_ctrl/g10375/COUT                            -       B->COUT   R     sky130_fd_sc_hs__ha_1           2  8.0    70   137    6566    (-,-) 
  u_tile_ctrl/g10381/Y                               -       A->Y      F     sky130_fd_sc_hs__nor2b_1        4 12.2    54    71    6636    (-,-) 
  u_tile_ctrl/WALLACE_CSA_DUMMY_OP_groupi_g6938/Y    -       A3->Y     R     sky130_fd_sc_hs__o311ai_1       1  8.1   284   241    6878    (-,-) 
  u_tile_ctrl/WALLACE_CSA_DUMMY_OP_groupi_g6935/COUT -       CIN->COUT R     sky130_fd_sc_hs__fa_1           1  8.1    71   187    7065    (-,-) 
  u_tile_ctrl/WALLACE_CSA_DUMMY_OP_groupi_g6934/COUT -       CIN->COUT R     sky130_fd_sc_hs__fa_1           4 12.1    88   167    7231    (-,-) 
  u_tile_ctrl/WALLACE_CSA_DUMMY_OP_groupi_g6933/Y    -       A->Y      F     sky130_fd_sc_hs__nand3_1        2  5.7    67    77    7308    (-,-) 
  u_tile_ctrl/WALLACE_CSA_DUMMY_OP_groupi_g6930/Y    -       A_N->Y    F     sky130_fd_sc_hs__nand3b_1       2  6.4    72   124    7432    (-,-) 
  u_tile_ctrl/WALLACE_CSA_DUMMY_OP_groupi_g6925/Y    -       A2->Y     R     sky130_fd_sc_hs__o221ai_1       4 11.9   271   232    7664    (-,-) 
  u_tile_ctrl/WALLACE_CSA_DUMMY_OP_groupi_g6922/X    -       A->X      R     sky130_fd_sc_hs__and3_1         2  5.4    61   143    7807    (-,-) 
  u_tile_ctrl/WALLACE_CSA_DUMMY_OP_groupi_g6912/X    -       A1->X     R     sky130_fd_sc_hs__a311o_1        1  8.1    73   143    7951    (-,-) 
  u_tile_ctrl/WALLACE_CSA_DUMMY_OP_groupi_g6906/COUT -       CIN->COUT R     sky130_fd_sc_hs__fa_1           1  8.1    66   148    8099    (-,-) 
  u_tile_ctrl/WALLACE_CSA_DUMMY_OP_groupi_g6905/SUM  -       CIN->SUM  F     sky130_fd_sc_hs__fa_1           1  2.2    36   235    8334    (-,-) 
  u_tile_ctrl/dma_rd_addr_reg[61]/D                  -       -         F     sky130_fd_sc_hs__sdfxtp_1       1    -     -     4    8338    (-,-) 
#------------------------------------------------------------------------------------------------------------------------------------------------



Path 14: MET (1299 ps) Setup Check with Pin u_tile_ctrl/dma_rd_addr_reg[61]/CLK->D
          Group: clk
     Startpoint: (R) u_tile_ctrl/q_idx_reg[1]/CLK
          Clock: (R) clk
       Endpoint: (F) u_tile_ctrl/dma_rd_addr_reg[61]/D
          Clock: (R) clk

                     Capture       Launch     
        Clock Edge:+   10000            0     
       Src Latency:+       0            0     
       Net Latency:+       0 (I)        0 (I) 
           Arrival:=   10000            0     
                                              
             Setup:-     172                  
       Uncertainty:-     200                  
     Required Time:=    9628                  
      Launch Clock:-       0                  
         Data Path:-    8329                  
             Slack:=    1299                  

#------------------------------------------------------------------------------------------------------------------------------------------------
#                   Timing Point                     Flags     Arc     Edge            Cell             Fanout Load Trans Delay Arrival Instance 
#                                                                                                              (fF)  (ps)  (ps)   (ps)  Location 
#------------------------------------------------------------------------------------------------------------------------------------------------
  u_tile_ctrl/q_idx_reg[1]/CLK                       -       -         R     (arrival)                    1242    -   100     0       0    (-,-) 
  u_tile_ctrl/q_idx_reg[1]/Q                         -       CLK->Q    R     sky130_fd_sc_hs__dfrbp_1       17 51.4   401   488     488    (-,-) 
  u_tile_ctrl/drc_buf_sp10581/X                      -       A->X      R     sky130_fd_sc_hs__clkbuf_1      17 51.7   356   339     827    (-,-) 
  u_tile_ctrl/csa_tree_mul_121_78_g10328/Y           -       B->Y      F     sky130_fd_sc_hs__nand2_1        1 10.2   107   121     947    (-,-) 
  u_tile_ctrl/csa_tree_mul_121_78_g10120/SUM         -       B->SUM    R     sky130_fd_sc_hs__fa_1           1  8.1    73   348    1295    (-,-) 
  u_tile_ctrl/g10655/SUM                             -       CIN->SUM  F     sky130_fd_sc_hs__fa_1           2  8.0    62   268    1564    (-,-) 
  u_tile_ctrl/csa_tree_mul_121_78_g10038/SUM         -       B->SUM    R     sky130_fd_sc_hs__ha_1           2  6.1    62   196    1760    (-,-) 
  u_tile_ctrl/csa_tree_mul_121_78_g10003/Y           -       B2->Y     F     sky130_fd_sc_hs__o2bb2ai_1      2 11.0    85    86    1846    (-,-) 
  u_tile_ctrl/g8037__2346/X                          -       A1->X     F     sky130_fd_sc_hs__a22o_1         1  8.1    53   191    2037    (-,-) 
  u_tile_ctrl/g10654/SUM                             -       CIN->SUM  R     sky130_fd_sc_hs__fa_1           2  6.3    61   284    2321    (-,-) 
  u_tile_ctrl/WALLACE_CSA_DUMMY_OP_groupi_g7103/Y    -       B->Y      F     sky130_fd_sc_hs__nor2_1         3  9.4    43    57    2378    (-,-) 
  u_tile_ctrl/WALLACE_CSA_DUMMY_OP_groupi_g7049/Y    -       B->Y      R     sky130_fd_sc_hs__nor2_1         1  3.1    66    67    2446    (-,-) 
  u_tile_ctrl/WALLACE_CSA_DUMMY_OP_groupi_g7013/Y    -       A1->Y     F     sky130_fd_sc_hs__a21oi_1        3  8.8    67    82    2527    (-,-) 
  u_tile_ctrl/WALLACE_CSA_DUMMY_OP_groupi_g2/X       -       A2->X     F     sky130_fd_sc_hs__o21a_1         3  9.3    52   158    2686    (-,-) 
  u_tile_ctrl/WALLACE_CSA_DUMMY_OP_groupi_g7006/Y    -       A2->Y     R     sky130_fd_sc_hs__o21ai_1        1  8.1   162   150    2835    (-,-) 
  u_tile_ctrl/WALLACE_CSA_DUMMY_OP_groupi_g7005/COUT -       CIN->COUT R     sky130_fd_sc_hs__fa_1           1  8.1    68   169    3004    (-,-) 
  u_tile_ctrl/WALLACE_CSA_DUMMY_OP_groupi_g7004/COUT -       CIN->COUT R     sky130_fd_sc_hs__fa_1           1  8.1    66   147    3151    (-,-) 
  u_tile_ctrl/WALLACE_CSA_DUMMY_OP_groupi_g7003/COUT -       CIN->COUT R     sky130_fd_sc_hs__fa_1           1  8.1    66   146    3297    (-,-) 
  u_tile_ctrl/WALLACE_CSA_DUMMY_OP_groupi_g7002/COUT -       CIN->COUT R     sky130_fd_sc_hs__fa_1           3 11.1    83   161    3458    (-,-) 
  u_tile_ctrl/WALLACE_CSA_DUMMY_OP_groupi_g7001/Y    -       A->Y      F     sky130_fd_sc_hs__nand2_1        2  5.7    47    60    3518    (-,-) 
  u_tile_ctrl/WALLACE_CSA_DUMMY_OP_groupi_g6997/Y    -       C->Y      R     sky130_fd_sc_hs__nor3_1         1  3.2   124   102    3620    (-,-) 
  u_tile_ctrl/WALLACE_CSA_DUMMY_OP_groupi_g6993/Y    -       B->Y      F     sky130_fd_sc_hs__nor2_1         4 12.0    61    84    3704    (-,-) 
  u_tile_ctrl/WALLACE_CSA_DUMMY_OP_groupi_g6992/X    -       C->X      F     sky130_fd_sc_hs__or3_1          2  5.5    46   156    3860    (-,-) 
  u_tile_ctrl/WALLACE_CSA_DUMMY_OP_groupi_g6984/Y    -       A3->Y     R     sky130_fd_sc_hs__o311ai_1       2  8.1   284   239    4099    (-,-) 
  u_tile_ctrl/WALLACE_CSA_DUMMY_OP_groupi_g6983/Y    -       A->Y      F     sky130_fd_sc_hs__nand2_1        2  6.1    83    88    4187    (-,-) 
  u_tile_ctrl/WALLACE_CSA_DUMMY_OP_groupi_g6979/Y    -       A2->Y     R     sky130_fd_sc_hs__o221ai_1       1  8.1   219   198    4385    (-,-) 
  u_tile_ctrl/WALLACE_CSA_DUMMY_OP_groupi_g6977/COUT -       CIN->COUT R     sky130_fd_sc_hs__fa_1           1  8.1    69   179    4564    (-,-) 
  u_tile_ctrl/WALLACE_CSA_DUMMY_OP_groupi_g6976/COUT -       CIN->COUT R     sky130_fd_sc_hs__fa_1           2  7.9    65   146    4710    (-,-) 
  u_tile_ctrl/WALLACE_CSA_DUMMY_OP_groupi_g6975/Y    -       B->Y      F     sky130_fd_sc_hs__nand2b_1       2  6.1    47    60    4770    (-,-) 
  u_tile_ctrl/WALLACE_CSA_DUMMY_OP_groupi_g6972/Y    -       A2->Y     R     sky130_fd_sc_hs__o221ai_1       1  8.1   219   186    4956    (-,-) 
  u_tile_ctrl/WALLACE_CSA_DUMMY_OP_groupi_g6970/COUT -       CIN->COUT R     sky130_fd_sc_hs__fa_1           1  8.1    69   179    5134    (-,-) 
  u_tile_ctrl/WALLACE_CSA_DUMMY_OP_groupi_g6969/COUT -       CIN->COUT R     sky130_fd_sc_hs__fa_1           2  7.5    62   144    5278    (-,-) 
  u_tile_ctrl/WALLACE_CSA_DUMMY_OP_groupi_g6968/Y    -       B_N->Y    R     sky130_fd_sc_hs__nor2b_1        2  6.0   117   135    5413    (-,-) 
  u_tile_ctrl/WALLACE_CSA_DUMMY_OP_groupi_g6965/Y    -       B->Y      F     sky130_fd_sc_hs__nand2b_1       2  5.5    50    65    5478    (-,-) 
  u_tile_ctrl/WALLACE_CSA_DUMMY_OP_groupi_g6960/Y    -       A3->Y     R     sky130_fd_sc_hs__o311ai_1       2  7.9   280   237    5715    (-,-) 
  u_tile_ctrl/WALLACE_CSA_DUMMY_OP_groupi_g6959/Y    -       B->Y      F     sky130_fd_sc_hs__nand2b_1       2  6.0    75    81    5796    (-,-) 
  u_tile_ctrl/WALLACE_CSA_DUMMY_OP_groupi_g6955/Y    -       B->Y      R     sky130_fd_sc_hs__nor2_1         2  6.4   108   105    5901    (-,-) 
  u_tile_ctrl/WALLACE_CSA_DUMMY_OP_groupi_g6954/Y    -       A->Y      F     sky130_fd_sc_hs__clkinv_1       1  3.0    38    54    5955    (-,-) 
  u_tile_ctrl/WALLACE_CSA_DUMMY_OP_groupi_g6949/Y    -       A3->Y     R     sky130_fd_sc_hs__o311ai_1       2  8.0   282   237    6192    (-,-) 
  u_tile_ctrl/g10645/Y                               -       B->Y      F     sky130_fd_sc_hs__nand2_1        3  9.1    92   108    6300    (-,-) 
  u_tile_ctrl/g10382/Y                               -       A->Y      R     sky130_fd_sc_hs__nor2b_1        1  4.7   102   120    6420    (-,-) 
  u_tile_ctrl/g10375/COUT                            -       B->COUT   R     sky130_fd_sc_hs__ha_1           2  8.0    70   137    6557    (-,-) 
  u_tile_ctrl/g10381/Y                               -       A->Y      F     sky130_fd_sc_hs__nor2b_1        4 12.2    54    71    6628    (-,-) 
  u_tile_ctrl/WALLACE_CSA_DUMMY_OP_groupi_g6938/Y    -       A3->Y     R     sky130_fd_sc_hs__o311ai_1       1  8.1   284   241    6869    (-,-) 
  u_tile_ctrl/WALLACE_CSA_DUMMY_OP_groupi_g6935/COUT -       CIN->COUT R     sky130_fd_sc_hs__fa_1           1  8.1    71   187    7056    (-,-) 
  u_tile_ctrl/WALLACE_CSA_DUMMY_OP_groupi_g6934/COUT -       CIN->COUT R     sky130_fd_sc_hs__fa_1           4 12.1    88   167    7223    (-,-) 
  u_tile_ctrl/WALLACE_CSA_DUMMY_OP_groupi_g6933/Y    -       A->Y      F     sky130_fd_sc_hs__nand3_1        2  5.7    67    77    7299    (-,-) 
  u_tile_ctrl/WALLACE_CSA_DUMMY_OP_groupi_g6930/Y    -       A_N->Y    F     sky130_fd_sc_hs__nand3b_1       2  6.4    72   124    7423    (-,-) 
  u_tile_ctrl/WALLACE_CSA_DUMMY_OP_groupi_g6925/Y    -       A2->Y     R     sky130_fd_sc_hs__o221ai_1       4 11.9   271   232    7655    (-,-) 
  u_tile_ctrl/WALLACE_CSA_DUMMY_OP_groupi_g6922/X    -       A->X      R     sky130_fd_sc_hs__and3_1         2  5.4    61   143    7799    (-,-) 
  u_tile_ctrl/WALLACE_CSA_DUMMY_OP_groupi_g6912/X    -       A1->X     R     sky130_fd_sc_hs__a311o_1        1  8.1    73   143    7942    (-,-) 
  u_tile_ctrl/WALLACE_CSA_DUMMY_OP_groupi_g6906/COUT -       CIN->COUT R     sky130_fd_sc_hs__fa_1           1  8.1    66   148    8090    (-,-) 
  u_tile_ctrl/WALLACE_CSA_DUMMY_OP_groupi_g6905/SUM  -       CIN->SUM  F     sky130_fd_sc_hs__fa_1           1  2.2    36   235    8326    (-,-) 
  u_tile_ctrl/dma_rd_addr_reg[61]/D                  -       -         F     sky130_fd_sc_hs__sdfxtp_1       1    -     -     4    8329    (-,-) 
#------------------------------------------------------------------------------------------------------------------------------------------------



Path 15: MET (1299 ps) Setup Check with Pin u_tile_ctrl/dma_rd_addr_reg[61]/CLK->D
          Group: clk
     Startpoint: (R) u_tile_ctrl/q_idx_reg[1]/CLK
          Clock: (R) clk
       Endpoint: (F) u_tile_ctrl/dma_rd_addr_reg[61]/D
          Clock: (R) clk

                     Capture       Launch     
        Clock Edge:+   10000            0     
       Src Latency:+       0            0     
       Net Latency:+       0 (I)        0 (I) 
           Arrival:=   10000            0     
                                              
             Setup:-     172                  
       Uncertainty:-     200                  
     Required Time:=    9628                  
      Launch Clock:-       0                  
         Data Path:-    8329                  
             Slack:=    1299                  

#------------------------------------------------------------------------------------------------------------------------------------------------
#                   Timing Point                     Flags     Arc     Edge            Cell             Fanout Load Trans Delay Arrival Instance 
#                                                                                                              (fF)  (ps)  (ps)   (ps)  Location 
#------------------------------------------------------------------------------------------------------------------------------------------------
  u_tile_ctrl/q_idx_reg[1]/CLK                       -       -         R     (arrival)                    1242    -   100     0       0    (-,-) 
  u_tile_ctrl/q_idx_reg[1]/Q                         -       CLK->Q    R     sky130_fd_sc_hs__dfrbp_1       17 51.4   401   488     488    (-,-) 
  u_tile_ctrl/drc_buf_sp10581/X                      -       A->X      R     sky130_fd_sc_hs__clkbuf_1      17 51.7   356   339     827    (-,-) 
  u_tile_ctrl/csa_tree_mul_121_78_g10328/Y           -       B->Y      F     sky130_fd_sc_hs__nand2_1        1 10.2   107   121     947    (-,-) 
  u_tile_ctrl/csa_tree_mul_121_78_g10120/SUM         -       B->SUM    F     sky130_fd_sc_hs__fa_1           1  8.1    63   288    1236    (-,-) 
  u_tile_ctrl/g10655/SUM                             -       CIN->SUM  R     sky130_fd_sc_hs__fa_1           2  8.0    72   296    1532    (-,-) 
  u_tile_ctrl/csa_tree_mul_121_78_g10038/SUM         -       B->SUM    F     sky130_fd_sc_hs__ha_1           2  6.1    42   156    1688    (-,-) 
  u_tile_ctrl/csa_tree_mul_121_78_g10003/Y           -       A2_N->Y   F     sky130_fd_sc_hs__o2bb2ai_1      2 11.0    85   139    1828    (-,-) 
  u_tile_ctrl/g8037__2346/X                          -       A1->X     F     sky130_fd_sc_hs__a22o_1         1  8.1    53   191    2019    (-,-) 
  u_tile_ctrl/g10654/SUM                             -       CIN->SUM  R     sky130_fd_sc_hs__fa_1           2  6.3    61   284    2303    (-,-) 
  u_tile_ctrl/WALLACE_CSA_DUMMY_OP_groupi_g7103/Y    -       B->Y      F     sky130_fd_sc_hs__nor2_1         3  9.4    43    57    2360    (-,-) 
  u_tile_ctrl/WALLACE_CSA_DUMMY_OP_groupi_g7041/Y    -       A2->Y     R     sky130_fd_sc_hs__o21ai_1        1  3.2    96    98    2459    (-,-) 
  u_tile_ctrl/WALLACE_CSA_DUMMY_OP_groupi_g7013/Y    -       B1->Y     F     sky130_fd_sc_hs__a21oi_1        3  8.8    67    68    2527    (-,-) 
  u_tile_ctrl/WALLACE_CSA_DUMMY_OP_groupi_g2/X       -       A2->X     F     sky130_fd_sc_hs__o21a_1         3  9.3    52   158    2685    (-,-) 
  u_tile_ctrl/WALLACE_CSA_DUMMY_OP_groupi_g7006/Y    -       A2->Y     R     sky130_fd_sc_hs__o21ai_1        1  8.1   162   150    2835    (-,-) 
  u_tile_ctrl/WALLACE_CSA_DUMMY_OP_groupi_g7005/COUT -       CIN->COUT R     sky130_fd_sc_hs__fa_1           1  8.1    68   169    3004    (-,-) 
  u_tile_ctrl/WALLACE_CSA_DUMMY_OP_groupi_g7004/COUT -       CIN->COUT R     sky130_fd_sc_hs__fa_1           1  8.1    66   147    3151    (-,-) 
  u_tile_ctrl/WALLACE_CSA_DUMMY_OP_groupi_g7003/COUT -       CIN->COUT R     sky130_fd_sc_hs__fa_1           1  8.1    66   146    3297    (-,-) 
  u_tile_ctrl/WALLACE_CSA_DUMMY_OP_groupi_g7002/COUT -       CIN->COUT R     sky130_fd_sc_hs__fa_1           3 11.1    83   161    3458    (-,-) 
  u_tile_ctrl/WALLACE_CSA_DUMMY_OP_groupi_g7001/Y    -       A->Y      F     sky130_fd_sc_hs__nand2_1        2  5.7    47    60    3518    (-,-) 
  u_tile_ctrl/WALLACE_CSA_DUMMY_OP_groupi_g6997/Y    -       C->Y      R     sky130_fd_sc_hs__nor3_1         1  3.2   124   102    3620    (-,-) 
  u_tile_ctrl/WALLACE_CSA_DUMMY_OP_groupi_g6993/Y    -       B->Y      F     sky130_fd_sc_hs__nor2_1         4 12.0    61    84    3704    (-,-) 
  u_tile_ctrl/WALLACE_CSA_DUMMY_OP_groupi_g6992/X    -       C->X      F     sky130_fd_sc_hs__or3_1          2  5.5    46   156    3860    (-,-) 
  u_tile_ctrl/WALLACE_CSA_DUMMY_OP_groupi_g6984/Y    -       A3->Y     R     sky130_fd_sc_hs__o311ai_1       2  8.1   284   239    4099    (-,-) 
  u_tile_ctrl/WALLACE_CSA_DUMMY_OP_groupi_g6983/Y    -       A->Y      F     sky130_fd_sc_hs__nand2_1        2  6.1    83    88    4187    (-,-) 
  u_tile_ctrl/WALLACE_CSA_DUMMY_OP_groupi_g6979/Y    -       A2->Y     R     sky130_fd_sc_hs__o221ai_1       1  8.1   219   198    4385    (-,-) 
  u_tile_ctrl/WALLACE_CSA_DUMMY_OP_groupi_g6977/COUT -       CIN->COUT R     sky130_fd_sc_hs__fa_1           1  8.1    69   179    4564    (-,-) 
  u_tile_ctrl/WALLACE_CSA_DUMMY_OP_groupi_g6976/COUT -       CIN->COUT R     sky130_fd_sc_hs__fa_1           2  7.9    65   146    4710    (-,-) 
  u_tile_ctrl/WALLACE_CSA_DUMMY_OP_groupi_g6975/Y    -       B->Y      F     sky130_fd_sc_hs__nand2b_1       2  6.1    47    60    4769    (-,-) 
  u_tile_ctrl/WALLACE_CSA_DUMMY_OP_groupi_g6972/Y    -       A2->Y     R     sky130_fd_sc_hs__o221ai_1       1  8.1   219   186    4955    (-,-) 
  u_tile_ctrl/WALLACE_CSA_DUMMY_OP_groupi_g6970/COUT -       CIN->COUT R     sky130_fd_sc_hs__fa_1           1  8.1    69   179    5134    (-,-) 
  u_tile_ctrl/WALLACE_CSA_DUMMY_OP_groupi_g6969/COUT -       CIN->COUT R     sky130_fd_sc_hs__fa_1           2  7.5    62   144    5278    (-,-) 
  u_tile_ctrl/WALLACE_CSA_DUMMY_OP_groupi_g6968/Y    -       B_N->Y    R     sky130_fd_sc_hs__nor2b_1        2  6.0   117   135    5413    (-,-) 
  u_tile_ctrl/WALLACE_CSA_DUMMY_OP_groupi_g6965/Y    -       B->Y      F     sky130_fd_sc_hs__nand2b_1       2  5.5    50    65    5478    (-,-) 
  u_tile_ctrl/WALLACE_CSA_DUMMY_OP_groupi_g6960/Y    -       A3->Y     R     sky130_fd_sc_hs__o311ai_1       2  7.9   280   237    5715    (-,-) 
  u_tile_ctrl/WALLACE_CSA_DUMMY_OP_groupi_g6959/Y    -       B->Y      F     sky130_fd_sc_hs__nand2b_1       2  6.0    75    81    5795    (-,-) 
  u_tile_ctrl/WALLACE_CSA_DUMMY_OP_groupi_g6955/Y    -       B->Y      R     sky130_fd_sc_hs__nor2_1         2  6.4   108   105    5901    (-,-) 
  u_tile_ctrl/WALLACE_CSA_DUMMY_OP_groupi_g6954/Y    -       A->Y      F     sky130_fd_sc_hs__clkinv_1       1  3.0    38    54    5955    (-,-) 
  u_tile_ctrl/WALLACE_CSA_DUMMY_OP_groupi_g6949/Y    -       A3->Y     R     sky130_fd_sc_hs__o311ai_1       2  8.0   282   237    6192    (-,-) 
  u_tile_ctrl/g10645/Y                               -       B->Y      F     sky130_fd_sc_hs__nand2_1        3  9.1    92   108    6300    (-,-) 
  u_tile_ctrl/g10382/Y                               -       A->Y      R     sky130_fd_sc_hs__nor2b_1        1  4.7   102   120    6420    (-,-) 
  u_tile_ctrl/g10375/COUT                            -       B->COUT   R     sky130_fd_sc_hs__ha_1           2  8.0    70   137    6557    (-,-) 
  u_tile_ctrl/g10381/Y                               -       A->Y      F     sky130_fd_sc_hs__nor2b_1        4 12.2    54    71    6628    (-,-) 
  u_tile_ctrl/WALLACE_CSA_DUMMY_OP_groupi_g6938/Y    -       A3->Y     R     sky130_fd_sc_hs__o311ai_1       1  8.1   284   241    6869    (-,-) 
  u_tile_ctrl/WALLACE_CSA_DUMMY_OP_groupi_g6935/COUT -       CIN->COUT R     sky130_fd_sc_hs__fa_1           1  8.1    71   187    7056    (-,-) 
  u_tile_ctrl/WALLACE_CSA_DUMMY_OP_groupi_g6934/COUT -       CIN->COUT R     sky130_fd_sc_hs__fa_1           4 12.1    88   167    7222    (-,-) 
  u_tile_ctrl/WALLACE_CSA_DUMMY_OP_groupi_g6933/Y    -       A->Y      F     sky130_fd_sc_hs__nand3_1        2  5.7    67    77    7299    (-,-) 
  u_tile_ctrl/WALLACE_CSA_DUMMY_OP_groupi_g6930/Y    -       A_N->Y    F     sky130_fd_sc_hs__nand3b_1       2  6.4    72   124    7423    (-,-) 
  u_tile_ctrl/WALLACE_CSA_DUMMY_OP_groupi_g6925/Y    -       A2->Y     R     sky130_fd_sc_hs__o221ai_1       4 11.9   271   232    7655    (-,-) 
  u_tile_ctrl/WALLACE_CSA_DUMMY_OP_groupi_g6922/X    -       A->X      R     sky130_fd_sc_hs__and3_1         2  5.4    61   143    7798    (-,-) 
  u_tile_ctrl/WALLACE_CSA_DUMMY_OP_groupi_g6912/X    -       A1->X     R     sky130_fd_sc_hs__a311o_1        1  8.1    73   143    7942    (-,-) 
  u_tile_ctrl/WALLACE_CSA_DUMMY_OP_groupi_g6906/COUT -       CIN->COUT R     sky130_fd_sc_hs__fa_1           1  8.1    66   148    8090    (-,-) 
  u_tile_ctrl/WALLACE_CSA_DUMMY_OP_groupi_g6905/SUM  -       CIN->SUM  F     sky130_fd_sc_hs__fa_1           1  2.2    36   235    8325    (-,-) 
  u_tile_ctrl/dma_rd_addr_reg[61]/D                  -       -         F     sky130_fd_sc_hs__sdfxtp_1       1    -     -     4    8329    (-,-) 
#------------------------------------------------------------------------------------------------------------------------------------------------



Path 16: MET (1419 ps) Setup Check with Pin u_tile_ctrl/dma_rd_addr_reg[60]/CLK->D
          Group: clk
     Startpoint: (R) u_tile_ctrl/q_idx_reg[1]/CLK
          Clock: (R) clk
       Endpoint: (F) u_tile_ctrl/dma_rd_addr_reg[60]/D
          Clock: (R) clk

                     Capture       Launch     
        Clock Edge:+   10000            0     
       Src Latency:+       0            0     
       Net Latency:+       0 (I)        0 (I) 
           Arrival:=   10000            0     
                                              
             Setup:-     172                  
       Uncertainty:-     200                  
     Required Time:=    9628                  
      Launch Clock:-       0                  
         Data Path:-    8209                  
             Slack:=    1419                  

#------------------------------------------------------------------------------------------------------------------------------------------------
#                   Timing Point                     Flags     Arc     Edge            Cell             Fanout Load Trans Delay Arrival Instance 
#                                                                                                              (fF)  (ps)  (ps)   (ps)  Location 
#------------------------------------------------------------------------------------------------------------------------------------------------
  u_tile_ctrl/q_idx_reg[1]/CLK                       -       -         R     (arrival)                    1242    -   100     0       0    (-,-) 
  u_tile_ctrl/q_idx_reg[1]/Q                         -       CLK->Q    R     sky130_fd_sc_hs__dfrbp_1       17 51.4   401   488     488    (-,-) 
  u_tile_ctrl/drc_buf_sp10581/X                      -       A->X      R     sky130_fd_sc_hs__clkbuf_1      17 51.7   356   339     827    (-,-) 
  u_tile_ctrl/csa_tree_mul_121_78_g10328/Y           -       B->Y      F     sky130_fd_sc_hs__nand2_1        1 10.2   107   121     947    (-,-) 
  u_tile_ctrl/csa_tree_mul_121_78_g10120/SUM         -       B->SUM    R     sky130_fd_sc_hs__fa_1           1  8.1    73   348    1295    (-,-) 
  u_tile_ctrl/g10655/SUM                             -       CIN->SUM  F     sky130_fd_sc_hs__fa_1           2  8.0    62   268    1564    (-,-) 
  u_tile_ctrl/csa_tree_mul_121_78_g10038/SUM         -       B->SUM    F     sky130_fd_sc_hs__ha_1           2  6.1    42   151    1715    (-,-) 
  u_tile_ctrl/csa_tree_mul_121_78_g10003/Y           -       A2_N->Y   F     sky130_fd_sc_hs__o2bb2ai_1      2 11.0    85   139    1854    (-,-) 
  u_tile_ctrl/g8037__2346/X                          -       A1->X     F     sky130_fd_sc_hs__a22o_1         1  8.1    53   191    2045    (-,-) 
  u_tile_ctrl/g10654/SUM                             -       CIN->SUM  R     sky130_fd_sc_hs__fa_1           2  6.3    61   284    2330    (-,-) 
  u_tile_ctrl/WALLACE_CSA_DUMMY_OP_groupi_g7103/Y    -       B->Y      F     sky130_fd_sc_hs__nor2_1         3  9.4    43    57    2387    (-,-) 
  u_tile_ctrl/WALLACE_CSA_DUMMY_OP_groupi_g7041/Y    -       A2->Y     R     sky130_fd_sc_hs__o21ai_1        1  3.2    96    98    2486    (-,-) 
  u_tile_ctrl/WALLACE_CSA_DUMMY_OP_groupi_g7013/Y    -       B1->Y     F     sky130_fd_sc_hs__a21oi_1        3  8.8    67    68    2553    (-,-) 
  u_tile_ctrl/WALLACE_CSA_DUMMY_OP_groupi_g2/X       -       A2->X     F     sky130_fd_sc_hs__o21a_1         3  9.3    52   158    2712    (-,-) 
  u_tile_ctrl/WALLACE_CSA_DUMMY_OP_groupi_g7006/Y    -       A2->Y     R     sky130_fd_sc_hs__o21ai_1        1  8.1   162   150    2861    (-,-) 
  u_tile_ctrl/WALLACE_CSA_DUMMY_OP_groupi_g7005/COUT -       CIN->COUT R     sky130_fd_sc_hs__fa_1           1  8.1    68   169    3031    (-,-) 
  u_tile_ctrl/WALLACE_CSA_DUMMY_OP_groupi_g7004/COUT -       CIN->COUT R     sky130_fd_sc_hs__fa_1           1  8.1    66   147    3178    (-,-) 
  u_tile_ctrl/WALLACE_CSA_DUMMY_OP_groupi_g7003/COUT -       CIN->COUT R     sky130_fd_sc_hs__fa_1           1  8.1    66   146    3324    (-,-) 
  u_tile_ctrl/WALLACE_CSA_DUMMY_OP_groupi_g7002/COUT -       CIN->COUT R     sky130_fd_sc_hs__fa_1           3 11.1    83   161    3485    (-,-) 
  u_tile_ctrl/WALLACE_CSA_DUMMY_OP_groupi_g7001/Y    -       A->Y      F     sky130_fd_sc_hs__nand2_1        2  5.7    47    60    3545    (-,-) 
  u_tile_ctrl/WALLACE_CSA_DUMMY_OP_groupi_g6997/Y    -       C->Y      R     sky130_fd_sc_hs__nor3_1         1  3.2   124   102    3647    (-,-) 
  u_tile_ctrl/WALLACE_CSA_DUMMY_OP_groupi_g6993/Y    -       B->Y      F     sky130_fd_sc_hs__nor2_1         4 12.0    61    84    3730    (-,-) 
  u_tile_ctrl/WALLACE_CSA_DUMMY_OP_groupi_g6992/X    -       C->X      F     sky130_fd_sc_hs__or3_1          2  5.5    46   156    3886    (-,-) 
  u_tile_ctrl/WALLACE_CSA_DUMMY_OP_groupi_g6984/Y    -       A3->Y     R     sky130_fd_sc_hs__o311ai_1       2  8.1   284   239    4125    (-,-) 
  u_tile_ctrl/WALLACE_CSA_DUMMY_OP_groupi_g6983/Y    -       A->Y      F     sky130_fd_sc_hs__nand2_1        2  6.1    83    88    4213    (-,-) 
  u_tile_ctrl/WALLACE_CSA_DUMMY_OP_groupi_g6979/Y    -       A2->Y     R     sky130_fd_sc_hs__o221ai_1       1  8.1   219   198    4411    (-,-) 
  u_tile_ctrl/WALLACE_CSA_DUMMY_OP_groupi_g6977/COUT -       CIN->COUT R     sky130_fd_sc_hs__fa_1           1  8.1    69   179    4590    (-,-) 
  u_tile_ctrl/WALLACE_CSA_DUMMY_OP_groupi_g6976/COUT -       CIN->COUT R     sky130_fd_sc_hs__fa_1           2  7.9    65   146    4736    (-,-) 
  u_tile_ctrl/WALLACE_CSA_DUMMY_OP_groupi_g6975/Y    -       B->Y      F     sky130_fd_sc_hs__nand2b_1       2  6.1    47    60    4796    (-,-) 
  u_tile_ctrl/WALLACE_CSA_DUMMY_OP_groupi_g6972/Y    -       A2->Y     R     sky130_fd_sc_hs__o221ai_1       1  8.1   219   186    4982    (-,-) 
  u_tile_ctrl/WALLACE_CSA_DUMMY_OP_groupi_g6970/COUT -       CIN->COUT R     sky130_fd_sc_hs__fa_1           1  8.1    69   179    5161    (-,-) 
  u_tile_ctrl/WALLACE_CSA_DUMMY_OP_groupi_g6969/COUT -       CIN->COUT R     sky130_fd_sc_hs__fa_1           2  7.5    62   144    5304    (-,-) 
  u_tile_ctrl/WALLACE_CSA_DUMMY_OP_groupi_g6968/Y    -       B_N->Y    R     sky130_fd_sc_hs__nor2b_1        2  6.0   117   135    5440    (-,-) 
  u_tile_ctrl/WALLACE_CSA_DUMMY_OP_groupi_g6965/Y    -       B->Y      F     sky130_fd_sc_hs__nand2b_1       2  5.5    50    65    5504    (-,-) 
  u_tile_ctrl/WALLACE_CSA_DUMMY_OP_groupi_g6960/Y    -       A3->Y     R     sky130_fd_sc_hs__o311ai_1       2  7.9   280   237    5741    (-,-) 
  u_tile_ctrl/WALLACE_CSA_DUMMY_OP_groupi_g6959/Y    -       B->Y      F     sky130_fd_sc_hs__nand2b_1       2  6.0    75    81    5822    (-,-) 
  u_tile_ctrl/WALLACE_CSA_DUMMY_OP_groupi_g6955/Y    -       B->Y      R     sky130_fd_sc_hs__nor2_1         2  6.4   108   105    5927    (-,-) 
  u_tile_ctrl/WALLACE_CSA_DUMMY_OP_groupi_g6954/Y    -       A->Y      F     sky130_fd_sc_hs__clkinv_1       1  3.0    38    54    5981    (-,-) 
  u_tile_ctrl/WALLACE_CSA_DUMMY_OP_groupi_g6949/Y    -       A3->Y     R     sky130_fd_sc_hs__o311ai_1       2  8.0   282   237    6218    (-,-) 
  u_tile_ctrl/g10645/Y                               -       B->Y      F     sky130_fd_sc_hs__nand2_1        3  9.1    92   108    6327    (-,-) 
  u_tile_ctrl/g10382/Y                               -       A->Y      R     sky130_fd_sc_hs__nor2b_1        1  4.7   102   120    6446    (-,-) 
  u_tile_ctrl/g10375/COUT                            -       B->COUT   R     sky130_fd_sc_hs__ha_1           2  8.0    70   137    6583    (-,-) 
  u_tile_ctrl/g10381/Y                               -       A->Y      F     sky130_fd_sc_hs__nor2b_1        4 12.2    54    71    6654    (-,-) 
  u_tile_ctrl/WALLACE_CSA_DUMMY_OP_groupi_g6938/Y    -       A3->Y     R     sky130_fd_sc_hs__o311ai_1       1  8.1   284   241    6895    (-,-) 
  u_tile_ctrl/WALLACE_CSA_DUMMY_OP_groupi_g6935/COUT -       CIN->COUT R     sky130_fd_sc_hs__fa_1           1  8.1    71   187    7082    (-,-) 
  u_tile_ctrl/WALLACE_CSA_DUMMY_OP_groupi_g6934/COUT -       CIN->COUT R     sky130_fd_sc_hs__fa_1           4 12.1    88   167    7249    (-,-) 
  u_tile_ctrl/WALLACE_CSA_DUMMY_OP_groupi_g6933/Y    -       A->Y      F     sky130_fd_sc_hs__nand3_1        2  5.7    67    77    7326    (-,-) 
  u_tile_ctrl/WALLACE_CSA_DUMMY_OP_groupi_g6930/Y    -       A_N->Y    F     sky130_fd_sc_hs__nand3b_1       2  6.4    72   124    7449    (-,-) 
  u_tile_ctrl/WALLACE_CSA_DUMMY_OP_groupi_g6925/Y    -       A2->Y     R     sky130_fd_sc_hs__o221ai_1       4 11.9   271   232    7682    (-,-) 
  u_tile_ctrl/WALLACE_CSA_DUMMY_OP_groupi_g6922/X    -       A->X      R     sky130_fd_sc_hs__and3_1         2  5.4    61   143    7825    (-,-) 
  u_tile_ctrl/WALLACE_CSA_DUMMY_OP_groupi_g6912/X    -       A1->X     R     sky130_fd_sc_hs__a311o_1        1  8.1    73   143    7968    (-,-) 
  u_tile_ctrl/WALLACE_CSA_DUMMY_OP_groupi_g6906/SUM  -       CIN->SUM  F     sky130_fd_sc_hs__fa_1           1  2.2    36   237    8205    (-,-) 
  u_tile_ctrl/dma_rd_addr_reg[60]/D                  -       -         F     sky130_fd_sc_hs__sdfxtp_1       1    -     -     4    8209    (-,-) 
#------------------------------------------------------------------------------------------------------------------------------------------------



Path 17: MET (1428 ps) Setup Check with Pin u_tile_ctrl/dma_rd_addr_reg[60]/CLK->D
          Group: clk
     Startpoint: (R) u_tile_ctrl/q_idx_reg[1]/CLK
          Clock: (R) clk
       Endpoint: (F) u_tile_ctrl/dma_rd_addr_reg[60]/D
          Clock: (R) clk

                     Capture       Launch     
        Clock Edge:+   10000            0     
       Src Latency:+       0            0     
       Net Latency:+       0 (I)        0 (I) 
           Arrival:=   10000            0     
                                              
             Setup:-     172                  
       Uncertainty:-     200                  
     Required Time:=    9628                  
      Launch Clock:-       0                  
         Data Path:-    8200                  
             Slack:=    1428                  

#------------------------------------------------------------------------------------------------------------------------------------------------
#                   Timing Point                     Flags     Arc     Edge            Cell             Fanout Load Trans Delay Arrival Instance 
#                                                                                                              (fF)  (ps)  (ps)   (ps)  Location 
#------------------------------------------------------------------------------------------------------------------------------------------------
  u_tile_ctrl/q_idx_reg[1]/CLK                       -       -         R     (arrival)                    1242    -   100     0       0    (-,-) 
  u_tile_ctrl/q_idx_reg[1]/Q                         -       CLK->Q    R     sky130_fd_sc_hs__dfrbp_1       17 51.4   401   488     488    (-,-) 
  u_tile_ctrl/drc_buf_sp10581/X                      -       A->X      R     sky130_fd_sc_hs__clkbuf_1      17 51.7   356   339     827    (-,-) 
  u_tile_ctrl/csa_tree_mul_121_78_g10328/Y           -       B->Y      F     sky130_fd_sc_hs__nand2_1        1 10.2   107   121     947    (-,-) 
  u_tile_ctrl/csa_tree_mul_121_78_g10120/SUM         -       B->SUM    R     sky130_fd_sc_hs__fa_1           1  8.1    73   348    1295    (-,-) 
  u_tile_ctrl/g10655/SUM                             -       CIN->SUM  F     sky130_fd_sc_hs__fa_1           2  8.0    62   268    1564    (-,-) 
  u_tile_ctrl/csa_tree_mul_121_78_g10038/SUM         -       B->SUM    R     sky130_fd_sc_hs__ha_1           2  6.1    62   196    1760    (-,-) 
  u_tile_ctrl/csa_tree_mul_121_78_g10003/Y           -       B2->Y     F     sky130_fd_sc_hs__o2bb2ai_1      2 11.0    85    86    1846    (-,-) 
  u_tile_ctrl/g8037__2346/X                          -       A1->X     F     sky130_fd_sc_hs__a22o_1         1  8.1    53   191    2037    (-,-) 
  u_tile_ctrl/g10654/SUM                             -       CIN->SUM  R     sky130_fd_sc_hs__fa_1           2  6.3    61   284    2321    (-,-) 
  u_tile_ctrl/WALLACE_CSA_DUMMY_OP_groupi_g7103/Y    -       B->Y      F     sky130_fd_sc_hs__nor2_1         3  9.4    43    57    2378    (-,-) 
  u_tile_ctrl/WALLACE_CSA_DUMMY_OP_groupi_g7041/Y    -       A2->Y     R     sky130_fd_sc_hs__o21ai_1        1  3.2    96    98    2477    (-,-) 
  u_tile_ctrl/WALLACE_CSA_DUMMY_OP_groupi_g7013/Y    -       B1->Y     F     sky130_fd_sc_hs__a21oi_1        3  8.8    67    68    2545    (-,-) 
  u_tile_ctrl/WALLACE_CSA_DUMMY_OP_groupi_g2/X       -       A2->X     F     sky130_fd_sc_hs__o21a_1         3  9.3    52   158    2703    (-,-) 
  u_tile_ctrl/WALLACE_CSA_DUMMY_OP_groupi_g7006/Y    -       A2->Y     R     sky130_fd_sc_hs__o21ai_1        1  8.1   162   150    2853    (-,-) 
  u_tile_ctrl/WALLACE_CSA_DUMMY_OP_groupi_g7005/COUT -       CIN->COUT R     sky130_fd_sc_hs__fa_1           1  8.1    68   169    3022    (-,-) 
  u_tile_ctrl/WALLACE_CSA_DUMMY_OP_groupi_g7004/COUT -       CIN->COUT R     sky130_fd_sc_hs__fa_1           1  8.1    66   147    3169    (-,-) 
  u_tile_ctrl/WALLACE_CSA_DUMMY_OP_groupi_g7003/COUT -       CIN->COUT R     sky130_fd_sc_hs__fa_1           1  8.1    66   146    3315    (-,-) 
  u_tile_ctrl/WALLACE_CSA_DUMMY_OP_groupi_g7002/COUT -       CIN->COUT R     sky130_fd_sc_hs__fa_1           3 11.1    83   161    3476    (-,-) 
  u_tile_ctrl/WALLACE_CSA_DUMMY_OP_groupi_g7001/Y    -       A->Y      F     sky130_fd_sc_hs__nand2_1        2  5.7    47    60    3536    (-,-) 
  u_tile_ctrl/WALLACE_CSA_DUMMY_OP_groupi_g6997/Y    -       C->Y      R     sky130_fd_sc_hs__nor3_1         1  3.2   124   102    3638    (-,-) 
  u_tile_ctrl/WALLACE_CSA_DUMMY_OP_groupi_g6993/Y    -       B->Y      F     sky130_fd_sc_hs__nor2_1         4 12.0    61    84    3722    (-,-) 
  u_tile_ctrl/WALLACE_CSA_DUMMY_OP_groupi_g6992/X    -       C->X      F     sky130_fd_sc_hs__or3_1          2  5.5    46   156    3878    (-,-) 
  u_tile_ctrl/WALLACE_CSA_DUMMY_OP_groupi_g6984/Y    -       A3->Y     R     sky130_fd_sc_hs__o311ai_1       2  8.1   284   239    4117    (-,-) 
  u_tile_ctrl/WALLACE_CSA_DUMMY_OP_groupi_g6983/Y    -       A->Y      F     sky130_fd_sc_hs__nand2_1        2  6.1    83    88    4205    (-,-) 
  u_tile_ctrl/WALLACE_CSA_DUMMY_OP_groupi_g6979/Y    -       A2->Y     R     sky130_fd_sc_hs__o221ai_1       1  8.1   219   198    4402    (-,-) 
  u_tile_ctrl/WALLACE_CSA_DUMMY_OP_groupi_g6977/COUT -       CIN->COUT R     sky130_fd_sc_hs__fa_1           1  8.1    69   179    4581    (-,-) 
  u_tile_ctrl/WALLACE_CSA_DUMMY_OP_groupi_g6976/COUT -       CIN->COUT R     sky130_fd_sc_hs__fa_1           2  7.9    65   146    4727    (-,-) 
  u_tile_ctrl/WALLACE_CSA_DUMMY_OP_groupi_g6975/Y    -       B->Y      F     sky130_fd_sc_hs__nand2b_1       2  6.1    47    60    4787    (-,-) 
  u_tile_ctrl/WALLACE_CSA_DUMMY_OP_groupi_g6972/Y    -       A2->Y     R     sky130_fd_sc_hs__o221ai_1       1  8.1   219   186    4973    (-,-) 
  u_tile_ctrl/WALLACE_CSA_DUMMY_OP_groupi_g6970/COUT -       CIN->COUT R     sky130_fd_sc_hs__fa_1           1  8.1    69   179    5152    (-,-) 
  u_tile_ctrl/WALLACE_CSA_DUMMY_OP_groupi_g6969/COUT -       CIN->COUT R     sky130_fd_sc_hs__fa_1           2  7.5    62   144    5296    (-,-) 
  u_tile_ctrl/WALLACE_CSA_DUMMY_OP_groupi_g6968/Y    -       B_N->Y    R     sky130_fd_sc_hs__nor2b_1        2  6.0   117   135    5431    (-,-) 
  u_tile_ctrl/WALLACE_CSA_DUMMY_OP_groupi_g6965/Y    -       B->Y      F     sky130_fd_sc_hs__nand2b_1       2  5.5    50    65    5496    (-,-) 
  u_tile_ctrl/WALLACE_CSA_DUMMY_OP_groupi_g6960/Y    -       A3->Y     R     sky130_fd_sc_hs__o311ai_1       2  7.9   280   237    5733    (-,-) 
  u_tile_ctrl/WALLACE_CSA_DUMMY_OP_groupi_g6959/Y    -       B->Y      F     sky130_fd_sc_hs__nand2b_1       2  6.0    75    81    5813    (-,-) 
  u_tile_ctrl/WALLACE_CSA_DUMMY_OP_groupi_g6955/Y    -       B->Y      R     sky130_fd_sc_hs__nor2_1         2  6.4   108   105    5918    (-,-) 
  u_tile_ctrl/WALLACE_CSA_DUMMY_OP_groupi_g6954/Y    -       A->Y      F     sky130_fd_sc_hs__clkinv_1       1  3.0    38    54    5973    (-,-) 
  u_tile_ctrl/WALLACE_CSA_DUMMY_OP_groupi_g6949/Y    -       A3->Y     R     sky130_fd_sc_hs__o311ai_1       2  8.0   282   237    6210    (-,-) 
  u_tile_ctrl/g10645/Y                               -       B->Y      F     sky130_fd_sc_hs__nand2_1        3  9.1    92   108    6318    (-,-) 
  u_tile_ctrl/g10382/Y                               -       A->Y      R     sky130_fd_sc_hs__nor2b_1        1  4.7   102   120    6438    (-,-) 
  u_tile_ctrl/g10375/COUT                            -       B->COUT   R     sky130_fd_sc_hs__ha_1           2  8.0    70   137    6575    (-,-) 
  u_tile_ctrl/g10381/Y                               -       A->Y      F     sky130_fd_sc_hs__nor2b_1        4 12.2    54    71    6645    (-,-) 
  u_tile_ctrl/WALLACE_CSA_DUMMY_OP_groupi_g6938/Y    -       A3->Y     R     sky130_fd_sc_hs__o311ai_1       1  8.1   284   241    6887    (-,-) 
  u_tile_ctrl/WALLACE_CSA_DUMMY_OP_groupi_g6935/COUT -       CIN->COUT R     sky130_fd_sc_hs__fa_1           1  8.1    71   187    7074    (-,-) 
  u_tile_ctrl/WALLACE_CSA_DUMMY_OP_groupi_g6934/COUT -       CIN->COUT R     sky130_fd_sc_hs__fa_1           4 12.1    88   167    7240    (-,-) 
  u_tile_ctrl/WALLACE_CSA_DUMMY_OP_groupi_g6933/Y    -       A->Y      F     sky130_fd_sc_hs__nand3_1        2  5.7    67    77    7317    (-,-) 
  u_tile_ctrl/WALLACE_CSA_DUMMY_OP_groupi_g6930/Y    -       A_N->Y    F     sky130_fd_sc_hs__nand3b_1       2  6.4    72   124    7441    (-,-) 
  u_tile_ctrl/WALLACE_CSA_DUMMY_OP_groupi_g6925/Y    -       A2->Y     R     sky130_fd_sc_hs__o221ai_1       4 11.9   271   232    7673    (-,-) 
  u_tile_ctrl/WALLACE_CSA_DUMMY_OP_groupi_g6922/X    -       A->X      R     sky130_fd_sc_hs__and3_1         2  5.4    61   143    7816    (-,-) 
  u_tile_ctrl/WALLACE_CSA_DUMMY_OP_groupi_g6912/X    -       A1->X     R     sky130_fd_sc_hs__a311o_1        1  8.1    73   143    7960    (-,-) 
  u_tile_ctrl/WALLACE_CSA_DUMMY_OP_groupi_g6906/SUM  -       CIN->SUM  F     sky130_fd_sc_hs__fa_1           1  2.2    36   237    8196    (-,-) 
  u_tile_ctrl/dma_rd_addr_reg[60]/D                  -       -         F     sky130_fd_sc_hs__sdfxtp_1       1    -     -     4    8200    (-,-) 
#------------------------------------------------------------------------------------------------------------------------------------------------



Path 18: MET (1437 ps) Setup Check with Pin u_tile_ctrl/dma_rd_addr_reg[60]/CLK->D
          Group: clk
     Startpoint: (R) u_tile_ctrl/q_idx_reg[1]/CLK
          Clock: (R) clk
       Endpoint: (F) u_tile_ctrl/dma_rd_addr_reg[60]/D
          Clock: (R) clk

                     Capture       Launch     
        Clock Edge:+   10000            0     
       Src Latency:+       0            0     
       Net Latency:+       0 (I)        0 (I) 
           Arrival:=   10000            0     
                                              
             Setup:-     172                  
       Uncertainty:-     200                  
     Required Time:=    9628                  
      Launch Clock:-       0                  
         Data Path:-    8191                  
             Slack:=    1437                  

#------------------------------------------------------------------------------------------------------------------------------------------------
#                   Timing Point                     Flags     Arc     Edge            Cell             Fanout Load Trans Delay Arrival Instance 
#                                                                                                              (fF)  (ps)  (ps)   (ps)  Location 
#------------------------------------------------------------------------------------------------------------------------------------------------
  u_tile_ctrl/q_idx_reg[1]/CLK                       -       -         R     (arrival)                    1242    -   100     0       0    (-,-) 
  u_tile_ctrl/q_idx_reg[1]/Q                         -       CLK->Q    R     sky130_fd_sc_hs__dfrbp_1       17 51.4   401   488     488    (-,-) 
  u_tile_ctrl/drc_buf_sp10581/X                      -       A->X      R     sky130_fd_sc_hs__clkbuf_1      17 51.7   356   339     827    (-,-) 
  u_tile_ctrl/csa_tree_mul_121_78_g10328/Y           -       B->Y      F     sky130_fd_sc_hs__nand2_1        1 10.2   107   121     947    (-,-) 
  u_tile_ctrl/csa_tree_mul_121_78_g10120/SUM         -       B->SUM    R     sky130_fd_sc_hs__fa_1           1  8.1    73   348    1295    (-,-) 
  u_tile_ctrl/g10655/SUM                             -       CIN->SUM  F     sky130_fd_sc_hs__fa_1           2  8.0    62   268    1564    (-,-) 
  u_tile_ctrl/csa_tree_mul_121_78_g10038/SUM         -       B->SUM    F     sky130_fd_sc_hs__ha_1           2  6.1    42   151    1715    (-,-) 
  u_tile_ctrl/csa_tree_mul_121_78_g10003/Y           -       A2_N->Y   F     sky130_fd_sc_hs__o2bb2ai_1      2 11.0    85   139    1854    (-,-) 
  u_tile_ctrl/g8037__2346/X                          -       A1->X     F     sky130_fd_sc_hs__a22o_1         1  8.1    53   191    2045    (-,-) 
  u_tile_ctrl/g10654/SUM                             -       CIN->SUM  R     sky130_fd_sc_hs__fa_1           2  6.3    61   284    2330    (-,-) 
  u_tile_ctrl/WALLACE_CSA_DUMMY_OP_groupi_g7103/Y    -       B->Y      F     sky130_fd_sc_hs__nor2_1         3  9.4    43    57    2387    (-,-) 
  u_tile_ctrl/WALLACE_CSA_DUMMY_OP_groupi_g7049/Y    -       B->Y      R     sky130_fd_sc_hs__nor2_1         1  3.1    66    67    2454    (-,-) 
  u_tile_ctrl/WALLACE_CSA_DUMMY_OP_groupi_g7013/Y    -       A1->Y     F     sky130_fd_sc_hs__a21oi_1        3  8.8    67    82    2536    (-,-) 
  u_tile_ctrl/WALLACE_CSA_DUMMY_OP_groupi_g2/X       -       A2->X     F     sky130_fd_sc_hs__o21a_1         3  9.3    52   158    2694    (-,-) 
  u_tile_ctrl/WALLACE_CSA_DUMMY_OP_groupi_g7006/Y    -       A2->Y     R     sky130_fd_sc_hs__o21ai_1        1  8.1   162   150    2844    (-,-) 
  u_tile_ctrl/WALLACE_CSA_DUMMY_OP_groupi_g7005/COUT -       CIN->COUT R     sky130_fd_sc_hs__fa_1           1  8.1    68   169    3013    (-,-) 
  u_tile_ctrl/WALLACE_CSA_DUMMY_OP_groupi_g7004/COUT -       CIN->COUT R     sky130_fd_sc_hs__fa_1           1  8.1    66   147    3160    (-,-) 
  u_tile_ctrl/WALLACE_CSA_DUMMY_OP_groupi_g7003/COUT -       CIN->COUT R     sky130_fd_sc_hs__fa_1           1  8.1    66   146    3306    (-,-) 
  u_tile_ctrl/WALLACE_CSA_DUMMY_OP_groupi_g7002/COUT -       CIN->COUT R     sky130_fd_sc_hs__fa_1           3 11.1    83   161    3467    (-,-) 
  u_tile_ctrl/WALLACE_CSA_DUMMY_OP_groupi_g7001/Y    -       A->Y      F     sky130_fd_sc_hs__nand2_1        2  5.7    47    60    3527    (-,-) 
  u_tile_ctrl/WALLACE_CSA_DUMMY_OP_groupi_g6997/Y    -       C->Y      R     sky130_fd_sc_hs__nor3_1         1  3.2   124   102    3629    (-,-) 
  u_tile_ctrl/WALLACE_CSA_DUMMY_OP_groupi_g6993/Y    -       B->Y      F     sky130_fd_sc_hs__nor2_1         4 12.0    61    84    3713    (-,-) 
  u_tile_ctrl/WALLACE_CSA_DUMMY_OP_groupi_g6992/X    -       C->X      F     sky130_fd_sc_hs__or3_1          2  5.5    46   156    3869    (-,-) 
  u_tile_ctrl/WALLACE_CSA_DUMMY_OP_groupi_g6984/Y    -       A3->Y     R     sky130_fd_sc_hs__o311ai_1       2  8.1   284   239    4108    (-,-) 
  u_tile_ctrl/WALLACE_CSA_DUMMY_OP_groupi_g6983/Y    -       A->Y      F     sky130_fd_sc_hs__nand2_1        2  6.1    83    88    4196    (-,-) 
  u_tile_ctrl/WALLACE_CSA_DUMMY_OP_groupi_g6979/Y    -       A2->Y     R     sky130_fd_sc_hs__o221ai_1       1  8.1   219   198    4394    (-,-) 
  u_tile_ctrl/WALLACE_CSA_DUMMY_OP_groupi_g6977/COUT -       CIN->COUT R     sky130_fd_sc_hs__fa_1           1  8.1    69   179    4572    (-,-) 
  u_tile_ctrl/WALLACE_CSA_DUMMY_OP_groupi_g6976/COUT -       CIN->COUT R     sky130_fd_sc_hs__fa_1           2  7.9    65   146    4718    (-,-) 
  u_tile_ctrl/WALLACE_CSA_DUMMY_OP_groupi_g6975/Y    -       B->Y      F     sky130_fd_sc_hs__nand2b_1       2  6.1    47    60    4778    (-,-) 
  u_tile_ctrl/WALLACE_CSA_DUMMY_OP_groupi_g6972/Y    -       A2->Y     R     sky130_fd_sc_hs__o221ai_1       1  8.1   219   186    4964    (-,-) 
  u_tile_ctrl/WALLACE_CSA_DUMMY_OP_groupi_g6970/COUT -       CIN->COUT R     sky130_fd_sc_hs__fa_1           1  8.1    69   179    5143    (-,-) 
  u_tile_ctrl/WALLACE_CSA_DUMMY_OP_groupi_g6969/COUT -       CIN->COUT R     sky130_fd_sc_hs__fa_1           2  7.5    62   144    5287    (-,-) 
  u_tile_ctrl/WALLACE_CSA_DUMMY_OP_groupi_g6968/Y    -       B_N->Y    R     sky130_fd_sc_hs__nor2b_1        2  6.0   117   135    5422    (-,-) 
  u_tile_ctrl/WALLACE_CSA_DUMMY_OP_groupi_g6965/Y    -       B->Y      F     sky130_fd_sc_hs__nand2b_1       2  5.5    50    65    5487    (-,-) 
  u_tile_ctrl/WALLACE_CSA_DUMMY_OP_groupi_g6960/Y    -       A3->Y     R     sky130_fd_sc_hs__o311ai_1       2  7.9   280   237    5724    (-,-) 
  u_tile_ctrl/WALLACE_CSA_DUMMY_OP_groupi_g6959/Y    -       B->Y      F     sky130_fd_sc_hs__nand2b_1       2  6.0    75    81    5804    (-,-) 
  u_tile_ctrl/WALLACE_CSA_DUMMY_OP_groupi_g6955/Y    -       B->Y      R     sky130_fd_sc_hs__nor2_1         2  6.4   108   105    5910    (-,-) 
  u_tile_ctrl/WALLACE_CSA_DUMMY_OP_groupi_g6954/Y    -       A->Y      F     sky130_fd_sc_hs__clkinv_1       1  3.0    38    54    5964    (-,-) 
  u_tile_ctrl/WALLACE_CSA_DUMMY_OP_groupi_g6949/Y    -       A3->Y     R     sky130_fd_sc_hs__o311ai_1       2  8.0   282   237    6201    (-,-) 
  u_tile_ctrl/g10645/Y                               -       B->Y      F     sky130_fd_sc_hs__nand2_1        3  9.1    92   108    6309    (-,-) 
  u_tile_ctrl/g10382/Y                               -       A->Y      R     sky130_fd_sc_hs__nor2b_1        1  4.7   102   120    6429    (-,-) 
  u_tile_ctrl/g10375/COUT                            -       B->COUT   R     sky130_fd_sc_hs__ha_1           2  8.0    70   137    6566    (-,-) 
  u_tile_ctrl/g10381/Y                               -       A->Y      F     sky130_fd_sc_hs__nor2b_1        4 12.2    54    71    6636    (-,-) 
  u_tile_ctrl/WALLACE_CSA_DUMMY_OP_groupi_g6938/Y    -       A3->Y     R     sky130_fd_sc_hs__o311ai_1       1  8.1   284   241    6878    (-,-) 
  u_tile_ctrl/WALLACE_CSA_DUMMY_OP_groupi_g6935/COUT -       CIN->COUT R     sky130_fd_sc_hs__fa_1           1  8.1    71   187    7065    (-,-) 
  u_tile_ctrl/WALLACE_CSA_DUMMY_OP_groupi_g6934/COUT -       CIN->COUT R     sky130_fd_sc_hs__fa_1           4 12.1    88   167    7231    (-,-) 
  u_tile_ctrl/WALLACE_CSA_DUMMY_OP_groupi_g6933/Y    -       A->Y      F     sky130_fd_sc_hs__nand3_1        2  5.7    67    77    7308    (-,-) 
  u_tile_ctrl/WALLACE_CSA_DUMMY_OP_groupi_g6930/Y    -       A_N->Y    F     sky130_fd_sc_hs__nand3b_1       2  6.4    72   124    7432    (-,-) 
  u_tile_ctrl/WALLACE_CSA_DUMMY_OP_groupi_g6925/Y    -       A2->Y     R     sky130_fd_sc_hs__o221ai_1       4 11.9   271   232    7664    (-,-) 
  u_tile_ctrl/WALLACE_CSA_DUMMY_OP_groupi_g6922/X    -       A->X      R     sky130_fd_sc_hs__and3_1         2  5.4    61   143    7807    (-,-) 
  u_tile_ctrl/WALLACE_CSA_DUMMY_OP_groupi_g6912/X    -       A1->X     R     sky130_fd_sc_hs__a311o_1        1  8.1    73   143    7951    (-,-) 
  u_tile_ctrl/WALLACE_CSA_DUMMY_OP_groupi_g6906/SUM  -       CIN->SUM  F     sky130_fd_sc_hs__fa_1           1  2.2    36   237    8188    (-,-) 
  u_tile_ctrl/dma_rd_addr_reg[60]/D                  -       -         F     sky130_fd_sc_hs__sdfxtp_1       1    -     -     4    8191    (-,-) 
#------------------------------------------------------------------------------------------------------------------------------------------------



Path 19: MET (1445 ps) Setup Check with Pin u_tile_ctrl/dma_rd_addr_reg[60]/CLK->D
          Group: clk
     Startpoint: (R) u_tile_ctrl/q_idx_reg[1]/CLK
          Clock: (R) clk
       Endpoint: (F) u_tile_ctrl/dma_rd_addr_reg[60]/D
          Clock: (R) clk

                     Capture       Launch     
        Clock Edge:+   10000            0     
       Src Latency:+       0            0     
       Net Latency:+       0 (I)        0 (I) 
           Arrival:=   10000            0     
                                              
             Setup:-     172                  
       Uncertainty:-     200                  
     Required Time:=    9628                  
      Launch Clock:-       0                  
         Data Path:-    8183                  
             Slack:=    1445                  

#------------------------------------------------------------------------------------------------------------------------------------------------
#                   Timing Point                     Flags     Arc     Edge            Cell             Fanout Load Trans Delay Arrival Instance 
#                                                                                                              (fF)  (ps)  (ps)   (ps)  Location 
#------------------------------------------------------------------------------------------------------------------------------------------------
  u_tile_ctrl/q_idx_reg[1]/CLK                       -       -         R     (arrival)                    1242    -   100     0       0    (-,-) 
  u_tile_ctrl/q_idx_reg[1]/Q                         -       CLK->Q    R     sky130_fd_sc_hs__dfrbp_1       17 51.4   401   488     488    (-,-) 
  u_tile_ctrl/drc_buf_sp10581/X                      -       A->X      R     sky130_fd_sc_hs__clkbuf_1      17 51.7   356   339     827    (-,-) 
  u_tile_ctrl/csa_tree_mul_121_78_g10328/Y           -       B->Y      F     sky130_fd_sc_hs__nand2_1        1 10.2   107   121     947    (-,-) 
  u_tile_ctrl/csa_tree_mul_121_78_g10120/SUM         -       B->SUM    R     sky130_fd_sc_hs__fa_1           1  8.1    73   348    1295    (-,-) 
  u_tile_ctrl/g10655/SUM                             -       CIN->SUM  F     sky130_fd_sc_hs__fa_1           2  8.0    62   268    1564    (-,-) 
  u_tile_ctrl/csa_tree_mul_121_78_g10038/SUM         -       B->SUM    R     sky130_fd_sc_hs__ha_1           2  6.1    62   196    1760    (-,-) 
  u_tile_ctrl/csa_tree_mul_121_78_g10003/Y           -       B2->Y     F     sky130_fd_sc_hs__o2bb2ai_1      2 11.0    85    86    1846    (-,-) 
  u_tile_ctrl/g8037__2346/X                          -       A1->X     F     sky130_fd_sc_hs__a22o_1         1  8.1    53   191    2037    (-,-) 
  u_tile_ctrl/g10654/SUM                             -       CIN->SUM  R     sky130_fd_sc_hs__fa_1           2  6.3    61   284    2321    (-,-) 
  u_tile_ctrl/WALLACE_CSA_DUMMY_OP_groupi_g7103/Y    -       B->Y      F     sky130_fd_sc_hs__nor2_1         3  9.4    43    57    2378    (-,-) 
  u_tile_ctrl/WALLACE_CSA_DUMMY_OP_groupi_g7049/Y    -       B->Y      R     sky130_fd_sc_hs__nor2_1         1  3.1    66    67    2446    (-,-) 
  u_tile_ctrl/WALLACE_CSA_DUMMY_OP_groupi_g7013/Y    -       A1->Y     F     sky130_fd_sc_hs__a21oi_1        3  8.8    67    82    2527    (-,-) 
  u_tile_ctrl/WALLACE_CSA_DUMMY_OP_groupi_g2/X       -       A2->X     F     sky130_fd_sc_hs__o21a_1         3  9.3    52   158    2686    (-,-) 
  u_tile_ctrl/WALLACE_CSA_DUMMY_OP_groupi_g7006/Y    -       A2->Y     R     sky130_fd_sc_hs__o21ai_1        1  8.1   162   150    2835    (-,-) 
  u_tile_ctrl/WALLACE_CSA_DUMMY_OP_groupi_g7005/COUT -       CIN->COUT R     sky130_fd_sc_hs__fa_1           1  8.1    68   169    3004    (-,-) 
  u_tile_ctrl/WALLACE_CSA_DUMMY_OP_groupi_g7004/COUT -       CIN->COUT R     sky130_fd_sc_hs__fa_1           1  8.1    66   147    3151    (-,-) 
  u_tile_ctrl/WALLACE_CSA_DUMMY_OP_groupi_g7003/COUT -       CIN->COUT R     sky130_fd_sc_hs__fa_1           1  8.1    66   146    3297    (-,-) 
  u_tile_ctrl/WALLACE_CSA_DUMMY_OP_groupi_g7002/COUT -       CIN->COUT R     sky130_fd_sc_hs__fa_1           3 11.1    83   161    3458    (-,-) 
  u_tile_ctrl/WALLACE_CSA_DUMMY_OP_groupi_g7001/Y    -       A->Y      F     sky130_fd_sc_hs__nand2_1        2  5.7    47    60    3518    (-,-) 
  u_tile_ctrl/WALLACE_CSA_DUMMY_OP_groupi_g6997/Y    -       C->Y      R     sky130_fd_sc_hs__nor3_1         1  3.2   124   102    3620    (-,-) 
  u_tile_ctrl/WALLACE_CSA_DUMMY_OP_groupi_g6993/Y    -       B->Y      F     sky130_fd_sc_hs__nor2_1         4 12.0    61    84    3704    (-,-) 
  u_tile_ctrl/WALLACE_CSA_DUMMY_OP_groupi_g6992/X    -       C->X      F     sky130_fd_sc_hs__or3_1          2  5.5    46   156    3860    (-,-) 
  u_tile_ctrl/WALLACE_CSA_DUMMY_OP_groupi_g6984/Y    -       A3->Y     R     sky130_fd_sc_hs__o311ai_1       2  8.1   284   239    4099    (-,-) 
  u_tile_ctrl/WALLACE_CSA_DUMMY_OP_groupi_g6983/Y    -       A->Y      F     sky130_fd_sc_hs__nand2_1        2  6.1    83    88    4187    (-,-) 
  u_tile_ctrl/WALLACE_CSA_DUMMY_OP_groupi_g6979/Y    -       A2->Y     R     sky130_fd_sc_hs__o221ai_1       1  8.1   219   198    4385    (-,-) 
  u_tile_ctrl/WALLACE_CSA_DUMMY_OP_groupi_g6977/COUT -       CIN->COUT R     sky130_fd_sc_hs__fa_1           1  8.1    69   179    4564    (-,-) 
  u_tile_ctrl/WALLACE_CSA_DUMMY_OP_groupi_g6976/COUT -       CIN->COUT R     sky130_fd_sc_hs__fa_1           2  7.9    65   146    4710    (-,-) 
  u_tile_ctrl/WALLACE_CSA_DUMMY_OP_groupi_g6975/Y    -       B->Y      F     sky130_fd_sc_hs__nand2b_1       2  6.1    47    60    4770    (-,-) 
  u_tile_ctrl/WALLACE_CSA_DUMMY_OP_groupi_g6972/Y    -       A2->Y     R     sky130_fd_sc_hs__o221ai_1       1  8.1   219   186    4956    (-,-) 
  u_tile_ctrl/WALLACE_CSA_DUMMY_OP_groupi_g6970/COUT -       CIN->COUT R     sky130_fd_sc_hs__fa_1           1  8.1    69   179    5134    (-,-) 
  u_tile_ctrl/WALLACE_CSA_DUMMY_OP_groupi_g6969/COUT -       CIN->COUT R     sky130_fd_sc_hs__fa_1           2  7.5    62   144    5278    (-,-) 
  u_tile_ctrl/WALLACE_CSA_DUMMY_OP_groupi_g6968/Y    -       B_N->Y    R     sky130_fd_sc_hs__nor2b_1        2  6.0   117   135    5413    (-,-) 
  u_tile_ctrl/WALLACE_CSA_DUMMY_OP_groupi_g6965/Y    -       B->Y      F     sky130_fd_sc_hs__nand2b_1       2  5.5    50    65    5478    (-,-) 
  u_tile_ctrl/WALLACE_CSA_DUMMY_OP_groupi_g6960/Y    -       A3->Y     R     sky130_fd_sc_hs__o311ai_1       2  7.9   280   237    5715    (-,-) 
  u_tile_ctrl/WALLACE_CSA_DUMMY_OP_groupi_g6959/Y    -       B->Y      F     sky130_fd_sc_hs__nand2b_1       2  6.0    75    81    5796    (-,-) 
  u_tile_ctrl/WALLACE_CSA_DUMMY_OP_groupi_g6955/Y    -       B->Y      R     sky130_fd_sc_hs__nor2_1         2  6.4   108   105    5901    (-,-) 
  u_tile_ctrl/WALLACE_CSA_DUMMY_OP_groupi_g6954/Y    -       A->Y      F     sky130_fd_sc_hs__clkinv_1       1  3.0    38    54    5955    (-,-) 
  u_tile_ctrl/WALLACE_CSA_DUMMY_OP_groupi_g6949/Y    -       A3->Y     R     sky130_fd_sc_hs__o311ai_1       2  8.0   282   237    6192    (-,-) 
  u_tile_ctrl/g10645/Y                               -       B->Y      F     sky130_fd_sc_hs__nand2_1        3  9.1    92   108    6300    (-,-) 
  u_tile_ctrl/g10382/Y                               -       A->Y      R     sky130_fd_sc_hs__nor2b_1        1  4.7   102   120    6420    (-,-) 
  u_tile_ctrl/g10375/COUT                            -       B->COUT   R     sky130_fd_sc_hs__ha_1           2  8.0    70   137    6557    (-,-) 
  u_tile_ctrl/g10381/Y                               -       A->Y      F     sky130_fd_sc_hs__nor2b_1        4 12.2    54    71    6628    (-,-) 
  u_tile_ctrl/WALLACE_CSA_DUMMY_OP_groupi_g6938/Y    -       A3->Y     R     sky130_fd_sc_hs__o311ai_1       1  8.1   284   241    6869    (-,-) 
  u_tile_ctrl/WALLACE_CSA_DUMMY_OP_groupi_g6935/COUT -       CIN->COUT R     sky130_fd_sc_hs__fa_1           1  8.1    71   187    7056    (-,-) 
  u_tile_ctrl/WALLACE_CSA_DUMMY_OP_groupi_g6934/COUT -       CIN->COUT R     sky130_fd_sc_hs__fa_1           4 12.1    88   167    7223    (-,-) 
  u_tile_ctrl/WALLACE_CSA_DUMMY_OP_groupi_g6933/Y    -       A->Y      F     sky130_fd_sc_hs__nand3_1        2  5.7    67    77    7299    (-,-) 
  u_tile_ctrl/WALLACE_CSA_DUMMY_OP_groupi_g6930/Y    -       A_N->Y    F     sky130_fd_sc_hs__nand3b_1       2  6.4    72   124    7423    (-,-) 
  u_tile_ctrl/WALLACE_CSA_DUMMY_OP_groupi_g6925/Y    -       A2->Y     R     sky130_fd_sc_hs__o221ai_1       4 11.9   271   232    7655    (-,-) 
  u_tile_ctrl/WALLACE_CSA_DUMMY_OP_groupi_g6922/X    -       A->X      R     sky130_fd_sc_hs__and3_1         2  5.4    61   143    7799    (-,-) 
  u_tile_ctrl/WALLACE_CSA_DUMMY_OP_groupi_g6912/X    -       A1->X     R     sky130_fd_sc_hs__a311o_1        1  8.1    73   143    7942    (-,-) 
  u_tile_ctrl/WALLACE_CSA_DUMMY_OP_groupi_g6906/SUM  -       CIN->SUM  F     sky130_fd_sc_hs__fa_1           1  2.2    36   237    8179    (-,-) 
  u_tile_ctrl/dma_rd_addr_reg[60]/D                  -       -         F     sky130_fd_sc_hs__sdfxtp_1       1    -     -     4    8183    (-,-) 
#------------------------------------------------------------------------------------------------------------------------------------------------



Path 20: MET (1446 ps) Setup Check with Pin u_tile_ctrl/dma_rd_addr_reg[60]/CLK->D
          Group: clk
     Startpoint: (R) u_tile_ctrl/q_idx_reg[1]/CLK
          Clock: (R) clk
       Endpoint: (F) u_tile_ctrl/dma_rd_addr_reg[60]/D
          Clock: (R) clk

                     Capture       Launch     
        Clock Edge:+   10000            0     
       Src Latency:+       0            0     
       Net Latency:+       0 (I)        0 (I) 
           Arrival:=   10000            0     
                                              
             Setup:-     172                  
       Uncertainty:-     200                  
     Required Time:=    9628                  
      Launch Clock:-       0                  
         Data Path:-    8182                  
             Slack:=    1446                  

#------------------------------------------------------------------------------------------------------------------------------------------------
#                   Timing Point                     Flags     Arc     Edge            Cell             Fanout Load Trans Delay Arrival Instance 
#                                                                                                              (fF)  (ps)  (ps)   (ps)  Location 
#------------------------------------------------------------------------------------------------------------------------------------------------
  u_tile_ctrl/q_idx_reg[1]/CLK                       -       -         R     (arrival)                    1242    -   100     0       0    (-,-) 
  u_tile_ctrl/q_idx_reg[1]/Q                         -       CLK->Q    R     sky130_fd_sc_hs__dfrbp_1       17 51.4   401   488     488    (-,-) 
  u_tile_ctrl/drc_buf_sp10581/X                      -       A->X      R     sky130_fd_sc_hs__clkbuf_1      17 51.7   356   339     827    (-,-) 
  u_tile_ctrl/csa_tree_mul_121_78_g10328/Y           -       B->Y      F     sky130_fd_sc_hs__nand2_1        1 10.2   107   121     947    (-,-) 
  u_tile_ctrl/csa_tree_mul_121_78_g10120/SUM         -       B->SUM    F     sky130_fd_sc_hs__fa_1           1  8.1    63   288    1236    (-,-) 
  u_tile_ctrl/g10655/SUM                             -       CIN->SUM  R     sky130_fd_sc_hs__fa_1           2  8.0    72   296    1532    (-,-) 
  u_tile_ctrl/csa_tree_mul_121_78_g10038/SUM         -       B->SUM    F     sky130_fd_sc_hs__ha_1           2  6.1    42   156    1688    (-,-) 
  u_tile_ctrl/csa_tree_mul_121_78_g10003/Y           -       A2_N->Y   F     sky130_fd_sc_hs__o2bb2ai_1      2 11.0    85   139    1828    (-,-) 
  u_tile_ctrl/g8037__2346/X                          -       A1->X     F     sky130_fd_sc_hs__a22o_1         1  8.1    53   191    2019    (-,-) 
  u_tile_ctrl/g10654/SUM                             -       CIN->SUM  R     sky130_fd_sc_hs__fa_1           2  6.3    61   284    2303    (-,-) 
  u_tile_ctrl/WALLACE_CSA_DUMMY_OP_groupi_g7103/Y    -       B->Y      F     sky130_fd_sc_hs__nor2_1         3  9.4    43    57    2360    (-,-) 
  u_tile_ctrl/WALLACE_CSA_DUMMY_OP_groupi_g7041/Y    -       A2->Y     R     sky130_fd_sc_hs__o21ai_1        1  3.2    96    98    2459    (-,-) 
  u_tile_ctrl/WALLACE_CSA_DUMMY_OP_groupi_g7013/Y    -       B1->Y     F     sky130_fd_sc_hs__a21oi_1        3  8.8    67    68    2527    (-,-) 
  u_tile_ctrl/WALLACE_CSA_DUMMY_OP_groupi_g2/X       -       A2->X     F     sky130_fd_sc_hs__o21a_1         3  9.3    52   158    2685    (-,-) 
  u_tile_ctrl/WALLACE_CSA_DUMMY_OP_groupi_g7006/Y    -       A2->Y     R     sky130_fd_sc_hs__o21ai_1        1  8.1   162   150    2835    (-,-) 
  u_tile_ctrl/WALLACE_CSA_DUMMY_OP_groupi_g7005/COUT -       CIN->COUT R     sky130_fd_sc_hs__fa_1           1  8.1    68   169    3004    (-,-) 
  u_tile_ctrl/WALLACE_CSA_DUMMY_OP_groupi_g7004/COUT -       CIN->COUT R     sky130_fd_sc_hs__fa_1           1  8.1    66   147    3151    (-,-) 
  u_tile_ctrl/WALLACE_CSA_DUMMY_OP_groupi_g7003/COUT -       CIN->COUT R     sky130_fd_sc_hs__fa_1           1  8.1    66   146    3297    (-,-) 
  u_tile_ctrl/WALLACE_CSA_DUMMY_OP_groupi_g7002/COUT -       CIN->COUT R     sky130_fd_sc_hs__fa_1           3 11.1    83   161    3458    (-,-) 
  u_tile_ctrl/WALLACE_CSA_DUMMY_OP_groupi_g7001/Y    -       A->Y      F     sky130_fd_sc_hs__nand2_1        2  5.7    47    60    3518    (-,-) 
  u_tile_ctrl/WALLACE_CSA_DUMMY_OP_groupi_g6997/Y    -       C->Y      R     sky130_fd_sc_hs__nor3_1         1  3.2   124   102    3620    (-,-) 
  u_tile_ctrl/WALLACE_CSA_DUMMY_OP_groupi_g6993/Y    -       B->Y      F     sky130_fd_sc_hs__nor2_1         4 12.0    61    84    3704    (-,-) 
  u_tile_ctrl/WALLACE_CSA_DUMMY_OP_groupi_g6992/X    -       C->X      F     sky130_fd_sc_hs__or3_1          2  5.5    46   156    3860    (-,-) 
  u_tile_ctrl/WALLACE_CSA_DUMMY_OP_groupi_g6984/Y    -       A3->Y     R     sky130_fd_sc_hs__o311ai_1       2  8.1   284   239    4099    (-,-) 
  u_tile_ctrl/WALLACE_CSA_DUMMY_OP_groupi_g6983/Y    -       A->Y      F     sky130_fd_sc_hs__nand2_1        2  6.1    83    88    4187    (-,-) 
  u_tile_ctrl/WALLACE_CSA_DUMMY_OP_groupi_g6979/Y    -       A2->Y     R     sky130_fd_sc_hs__o221ai_1       1  8.1   219   198    4385    (-,-) 
  u_tile_ctrl/WALLACE_CSA_DUMMY_OP_groupi_g6977/COUT -       CIN->COUT R     sky130_fd_sc_hs__fa_1           1  8.1    69   179    4564    (-,-) 
  u_tile_ctrl/WALLACE_CSA_DUMMY_OP_groupi_g6976/COUT -       CIN->COUT R     sky130_fd_sc_hs__fa_1           2  7.9    65   146    4710    (-,-) 
  u_tile_ctrl/WALLACE_CSA_DUMMY_OP_groupi_g6975/Y    -       B->Y      F     sky130_fd_sc_hs__nand2b_1       2  6.1    47    60    4769    (-,-) 
  u_tile_ctrl/WALLACE_CSA_DUMMY_OP_groupi_g6972/Y    -       A2->Y     R     sky130_fd_sc_hs__o221ai_1       1  8.1   219   186    4955    (-,-) 
  u_tile_ctrl/WALLACE_CSA_DUMMY_OP_groupi_g6970/COUT -       CIN->COUT R     sky130_fd_sc_hs__fa_1           1  8.1    69   179    5134    (-,-) 
  u_tile_ctrl/WALLACE_CSA_DUMMY_OP_groupi_g6969/COUT -       CIN->COUT R     sky130_fd_sc_hs__fa_1           2  7.5    62   144    5278    (-,-) 
  u_tile_ctrl/WALLACE_CSA_DUMMY_OP_groupi_g6968/Y    -       B_N->Y    R     sky130_fd_sc_hs__nor2b_1        2  6.0   117   135    5413    (-,-) 
  u_tile_ctrl/WALLACE_CSA_DUMMY_OP_groupi_g6965/Y    -       B->Y      F     sky130_fd_sc_hs__nand2b_1       2  5.5    50    65    5478    (-,-) 
  u_tile_ctrl/WALLACE_CSA_DUMMY_OP_groupi_g6960/Y    -       A3->Y     R     sky130_fd_sc_hs__o311ai_1       2  7.9   280   237    5715    (-,-) 
  u_tile_ctrl/WALLACE_CSA_DUMMY_OP_groupi_g6959/Y    -       B->Y      F     sky130_fd_sc_hs__nand2b_1       2  6.0    75    81    5795    (-,-) 
  u_tile_ctrl/WALLACE_CSA_DUMMY_OP_groupi_g6955/Y    -       B->Y      R     sky130_fd_sc_hs__nor2_1         2  6.4   108   105    5901    (-,-) 
  u_tile_ctrl/WALLACE_CSA_DUMMY_OP_groupi_g6954/Y    -       A->Y      F     sky130_fd_sc_hs__clkinv_1       1  3.0    38    54    5955    (-,-) 
  u_tile_ctrl/WALLACE_CSA_DUMMY_OP_groupi_g6949/Y    -       A3->Y     R     sky130_fd_sc_hs__o311ai_1       2  8.0   282   237    6192    (-,-) 
  u_tile_ctrl/g10645/Y                               -       B->Y      F     sky130_fd_sc_hs__nand2_1        3  9.1    92   108    6300    (-,-) 
  u_tile_ctrl/g10382/Y                               -       A->Y      R     sky130_fd_sc_hs__nor2b_1        1  4.7   102   120    6420    (-,-) 
  u_tile_ctrl/g10375/COUT                            -       B->COUT   R     sky130_fd_sc_hs__ha_1           2  8.0    70   137    6557    (-,-) 
  u_tile_ctrl/g10381/Y                               -       A->Y      F     sky130_fd_sc_hs__nor2b_1        4 12.2    54    71    6628    (-,-) 
  u_tile_ctrl/WALLACE_CSA_DUMMY_OP_groupi_g6938/Y    -       A3->Y     R     sky130_fd_sc_hs__o311ai_1       1  8.1   284   241    6869    (-,-) 
  u_tile_ctrl/WALLACE_CSA_DUMMY_OP_groupi_g6935/COUT -       CIN->COUT R     sky130_fd_sc_hs__fa_1           1  8.1    71   187    7056    (-,-) 
  u_tile_ctrl/WALLACE_CSA_DUMMY_OP_groupi_g6934/COUT -       CIN->COUT R     sky130_fd_sc_hs__fa_1           4 12.1    88   167    7222    (-,-) 
  u_tile_ctrl/WALLACE_CSA_DUMMY_OP_groupi_g6933/Y    -       A->Y      F     sky130_fd_sc_hs__nand3_1        2  5.7    67    77    7299    (-,-) 
  u_tile_ctrl/WALLACE_CSA_DUMMY_OP_groupi_g6930/Y    -       A_N->Y    F     sky130_fd_sc_hs__nand3b_1       2  6.4    72   124    7423    (-,-) 
  u_tile_ctrl/WALLACE_CSA_DUMMY_OP_groupi_g6925/Y    -       A2->Y     R     sky130_fd_sc_hs__o221ai_1       4 11.9   271   232    7655    (-,-) 
  u_tile_ctrl/WALLACE_CSA_DUMMY_OP_groupi_g6922/X    -       A->X      R     sky130_fd_sc_hs__and3_1         2  5.4    61   143    7798    (-,-) 
  u_tile_ctrl/WALLACE_CSA_DUMMY_OP_groupi_g6912/X    -       A1->X     R     sky130_fd_sc_hs__a311o_1        1  8.1    73   143    7942    (-,-) 
  u_tile_ctrl/WALLACE_CSA_DUMMY_OP_groupi_g6906/SUM  -       CIN->SUM  F     sky130_fd_sc_hs__fa_1           1  2.2    36   237    8178    (-,-) 
  u_tile_ctrl/dma_rd_addr_reg[60]/D                  -       -         F     sky130_fd_sc_hs__sdfxtp_1       1    -     -     4    8182    (-,-) 
#------------------------------------------------------------------------------------------------------------------------------------------------

